block,reserve SUSHI,reserve USDC,price,volume for slippage 5%
11404082,4957.927564080659,11135,2.245898080615614,260.9435560042457
11404134,5011.152218512744,11017.083529,2.1985130462210845,263.7448536059337
11404384,4970.836086325004,11106.706823,2.2343739825891777,261.6229519118424
11404889,5055.842531805579,10920.514963,2.159979250599798,266.0969753581876
11405090,5042.842531805579,10948.751791,2.1711468724128142,265.41276483187266
11405291,4957.685183905767,11137.382603,2.246488469892261,260.93079915293583
11405350,4918.563863076412,11226.233778,2.282421066497718,258.8717822671788
11405463,4842.206646298046,11403.794006,2.3550820605143743,254.8529813841078
11405586,4792.789349297247,11521.729587,2.403971622222328,252.2520710156441
11405640,4761.471211206152,11597.740735,2.435747318539834,250.60374795821826
11405692,4773.308111206151,11569.066602,2.4236999440366427,251.22674269506115
11406011,4737.7455418410345,11656.167887,2.460277316301488,249.355028517949
11406161,4772.478640651343,11571.589389,2.4246498015590325,251.18308635007088
11406212,4766.97825891841,11584.981453,2.4302568259727164,250.89359257465276
11406425,4764.97825891841,11589.858639,2.432300423891284,250.78832941675864
11406605,4716.799784661462,11708.596325,2.482317855227845,248.25262024533913
11406887,4742.645610705192,11644.978791,2.4553761227098074,249.61292687922105
11407044,4779.882381977021,11554.530823,2.4173253439388804,251.57275694615964
11407408,4823.921279265047,11449.359923,2.37345496747915,253.8905936455285
11407870,4739.350021173986,11654.282617,2.459046612917844,249.43947479863073
11407902,4784.519167389284,11544.585154,2.412903940836213,251.81679828364668
11408070,4736.646429984238,11661.616033,2.4619984213258674,249.2971805254856
11408361,4696.4941504481385,11761.616033,2.50433954695285,247.18390265516427
11408510,4726.4941504481385,11687.185256,2.4726964392607766,248.762850023586
11408536,4731.255102590674,11675.45996,2.4677299589292736,249.01342645214027
11408695,4772.755102590674,11574.241569,2.425065045285363,251.1976369784561
11408884,4820.678236731269,11459.521944,2.3771596819476373,253.71990719638325
11410236,10833.291164374148,25752.462978,2.3771596818784246,570.1732191775864
11410322,10778.291164374148,25884.269346,2.4015188448013127,567.2784823354814
11410323,10759.943439410716,25928.539699,2.409728252290889,566.3128126005631
11410380,10711.091274560484,26047.152891,2.4317926365601634,563.7416460295008
11410420,10713.257658109198,26041.901559,2.4308107197709443,563.8556662162737
11410798,10776.255537597084,25890.11493,2.402514940340125,567.1713440840576
11410893,10720.947682823307,26024.080272,2.4274048378852537,564.2604043591218
11410995,10887.291420285112,25627.640642,2.3539041670411054,573.015337909741
11411026,10948.383086358615,25485.065755,2.3277469882062944,576.230688755717
11411160,10958.383086358615,25461.879233,2.3235069473612264,576.7570045451885
11411235,11070.12661737314,25205.626465,2.2769049836740813,582.6382430196372
11411319,11060.65099358609,25227.285019,2.2808137634601193,582.1395259782148
11411542,11082.65140458609,25177.355731,2.271780895371428,583.2974423466367
11411605,10997.65140458609,25372.535111,2.307086684018689,578.82375813611
11412152,11035.59846015997,25285.549846,2.2912712833186455,580.8209715873654
11412219,11077.254126423433,25190.748517,2.2740968320759705,583.0133750749173
11412328,11033.585377897203,25290.748517,2.292160494598896,580.7150198893269
11412590,10927.2623362734,25537.569767,2.3370510363082633,575.1190703301781
11412738,10971.875732274468,25434.040194,2.318112309564732,577.4671438039204
11413139,11152.062442601105,25024.308908,2.243917574600966,586.9506548737427
11413180,11060.866576314198,25231.252953,2.2811280453405294,582.150872437589
11413562,11010.765576699961,25346.405231,2.30196574928776,579.5139777210516
11413772,11069.741199944767,25211.771605,2.277539388646755,582.6179578918291
11413859,11120.589380927351,25096.836659,2.2567901573672855,585.294177943546
11413881,11187.444130423148,24947.308387,2.2299381428112133,588.8128489696392
11414264,11235.863130423148,24840.123429,2.2107890725137826,591.3612173906931
11414348,11446.062469215374,24385.294512,2.130452684282057,602.4243404850204
11414363,11506.062469215374,24258.513423,2.108324501792336,605.5822352218602
11414526,11481.062469215374,24311.495253,2.1175300908071333,604.2664457481769
11414748,11315.889057314716,24667.431734,2.1798933878778795,595.5731082797229
11414776,11497.160110275514,24279.658782,2.1117961782840795,605.1136900145011
11414930,11473.424400487773,24330.038599,2.120555969146025,603.8644421309345
11415479,11561.904506550534,24144.401752,2.0882720263189083,608.5212898184491
11415489,11505.415411035314,24263.302232,2.1088592949654017,605.5481795281739
11415548,11545.415411035314,24179.491428,2.094293757926528,607.653442686069
11415777,11445.415411035314,24391.386299,2.1311053747758764,602.3902847913305
11416314,11420.415411035314,24444.941227,2.140459899854374,601.074495317649
11416541,11456.586286699652,24367.994162,2.126985609167859,602.9782256157687
11416667,11586.504458463387,24095.569126,2.0796236874011935,609.8160241296537
11416853,11547.377772614642,24177.459286,2.093761870624725,607.7567248744544
11417089,11369.574175256646,24556.697285,2.1598607745963077,598.3986408029832
11417114,11539.494063330148,24196.167006,2.096813506138873,607.3417928068502
11417149,15811.46607074755,33153.695609,2.096813506138873,832.1824247761888
11417484,16081.46607074755,32598.703122,2.0270977147598237,846.3929510919752
11417980,16020.330860518094,32723.477408,2.0426218217906222,843.1753084483207
11417997,15969.243982267344,32828.477408,2.055731470096742,840.4865253824901
11418058,15812.073947768133,33155.77024,2.096864102047785,832.2144183035871
11418065,15827.073947768133,33124.441269,2.0928973591907094,833.003891987797
11418126,15813.915779104802,33152.085813,2.0963868959517553,832.3113567949877
11418196,15787.490024062385,33207.744123,2.1034213844244185,830.9205275822296
11418204,15653.497290178226,33492.855194,2.1396403994023157,823.868278430431
11418238,15686.497290178226,33422.606537,2.1306609065573148,825.6051205356944
11418313,15713.273556738768,33365.823183,2.123416426406628,827.0143977230946
11418569,15482.264520375897,33865.168718,2.187352416917482,814.8560273882049
11418920,15508.264381185942,33808.563247,2.1800352648111487,816.2244411150496
11418964,15521.513783387913,33779.790244,2.1763206034809075,816.9217780730487
11418983,15649.280136729321,33504.82052,2.1409815804474737,823.6463229857545
11419131,15419.856479602333,34004.82052,2.2052618041537673,811.5713936632801
11419304,15460.354312988351,33916.012661,2.19374096960423,813.7028585783337
11419628,15452.632100354256,33933.012661,2.19593739374809,813.2964263344365
11420124,15382.166076504789,34088.928247,2.2161331555942905,809.587688237094
11420413,15394.950646863233,34060.704322,2.212459468256884,810.2605603612228
11420921,15382.245219911729,34088.922437,2.2161213756281297,809.5918536795634
11420981,15351.76744707775,34156.802613,2.2249426804274477,807.9877603725108
11421005,15090.221979912032,34750.593627,2.302855032434889,794.2222094690551
11421023,15143.022464171254,34629.787971,2.286847824001773,797.0011823248024
11421109,15173.022464171254,34561.523187,2.277827194193622,798.5801296932204
11421759,15182.07103244906,34540.986157,2.2751168851189405,799.0563701288993
11421761,15190.536019642786,34521.795766,2.272585754798915,799.5018957706707
11421764,15269.724056890935,34343.301741,2.2491108295766176,803.6696872047851
11421774,15294.89078904521,34286.961359,2.2417264583253935,804.9942520550121
11421801,15244.112176144983,34401.51596,2.2567083974778024,802.3216934813117
11421956,15509.527028300086,33814.538123,2.1802430249032696,816.2908962263191
11422122,15310.14580917897,34256.223704,2.2374851376962193,805.7971478515265
11422182,15195.183189460222,34516.176827,2.2715209416455955,799.7464836558011
11422341,15344.204069491227,34181.956913,2.2276787220891925,807.5896878679596
11422680,15629.406923813867,33560.047364,2.147237417746541,822.6003644112589
11422689,15454.570032131227,33940.853166,2.1961693593179485,813.3984227437468
11422695,15028.993573234477,34904.849305,2.3225007805687636,790.9996617491815
11422696,15405.212920170017,34054.913422,2.2106097201299932,810.8006800089497
11422774,15451.490997658453,33953.222132,2.1974074953119627,813.2363682978139
11422788,14572.03908048258,36008.533428,2.4710703305914765,766.9494252885579
11422790,15334.5872473068,34223.030461,2.231754263031146,807.0835393319394
11422980,15343.947082681447,34202.216941,2.2290364243763383,807.5761622463924
11423226,15383.947082681447,34113.553412,2.217477298163844,809.6814254042874
11423280,9018.15474194282,19997.553412,2.21747729820966,474.63972326014846
11423505,9036.027454787662,19958.117896,2.2087270092816467,475.5803923572439
11423667,9129.393835447245,19754.612164,2.163847076823171,480.4944123919595
11423931,9127.36487395623,19759.016716,2.164810653333234,480.3876249450659
11424404,9027.36487395623,19978.554449,2.2131103293096897,475.12446705032926
11424588,9167.36487395623,19674.35205,2.1461294843726906,482.4928881029591
11425121,9215.14450537288,19572.646888,2.1239652700604084,485.00760554594126
11425315,9203.14450537288,19598.244498,2.1295161112115935,484.37602659857293
11425638,9114.025192000276,19790.45788,2.171428920052891,479.6855364210678
11425847,9231.455284295705,19539.456098,2.116617098415672,485.86606759451206
11425992,9228.8412223436,19545.007287,2.117818132972135,485.7284853865058
11426292,9179.790372343601,19649.757389,2.1405453275054924,483.1468617022947
11427021,9271.729928390194,19455.486871,2.0983664344478985,487.9857857047482
11427272,9270.719929277699,19457.612828,2.0988243606142447,487.9326278567205
11427354,9261.352012477859,19477.35355,2.1030788510962632,487.43957960409716
11427379,9232.048517276218,19539.362751,2.1164709776422197,485.8972903829581
11427553,9212.048517276218,19581.911718,2.125684822575153,484.84465880400967
11428028,9162.048517276218,19689.097542,2.14898420422831,482.21307985664134
11428503,9181.45883717161,19647.597865,2.1399211403590552,483.2346756406114
11428507,9201.620756633436,19604.676353,2.130567741434792,484.29582929649587
11428521,9309.571023795334,19378.022036,2.081516107076215,489.97742230501717
11428574,9509.571023795334,18971.671277,1.9950081059942786,500.5037380944923
11428624,9446.827704553258,19098.055228,2.021636873804205,497.20145813438285
11428724,9476.827704553258,19037.778913,2.008876757762839,498.78040550280457
11429188,9390.827704553258,19212.64907,2.045895172870067,494.25408971332763
11429578,9380.827704553258,19233.191459,2.0502659322550625,493.72777392385433
11429840,9701.110017098663,18600.049559,1.9173114753071079,510.5847377420341
11429841,9542.74664710896,18909.649083,1.981572998034985,502.24982353205087
11429851,12639.870645849132,25046.82637,1.9815729979978274,665.2563497815336
11429855,12597.810669139953,25130.70117,1.9948467102749101,663.0426667968386
11429900,12619.099615965579,25088.431606,1.9881316709995953,664.1631376823989
11430018,12616.652269774571,25093.31284,1.988904211944993,664.0343299881351
11430380,12769.09113844009,24794.634009,1.9417696796256863,672.0574283389506
11430669,12733.559769694135,24864.028445,1.9526376672905226,670.1873562996916
11430694,12624.068862821196,25080.327705,1.9867071367824518,664.4246769905894
11430716,12644.068862821196,25040.775239,1.980436480588164,665.4773085695379
11430809,12705.068862821196,24920.907588,1.961493310825412,668.6878348853243
11431253,12757.068862821196,24819.629203,1.9455589265754891,671.4246769905894
11431304,12839.64467718519,24660.482119,1.920651446283346,675.7707724834308
11431596,12714.085214019711,24904.752459,1.958831645357996,669.1623796852473
11432045,12639.085214019711,25052.981294,1.9821831145034425,665.2150112641957
11432407,12732.851883422982,24869.036725,1.9531395599894814,670.1500991275243
11432428,12665.44951592793,25001.781779,1.9740145620222982,666.6026061014691
11433007,12882.73205634016,24581.340886,1.9080844636446848,678.0385292810606
11433685,12875.56405608615,24595.066828,1.910212765892315,677.6612661097988
11433948,12819.232056086152,24703.471004,1.927063251208687,674.6964240045345
11434212,12751.241185569648,24835.588691,1.947699704645693,671.1179571352441
11434570,12701.241185569648,24933.651232,1.9630877697471052,668.4863781878776
11434644,12740.575056675434,24856.904001,1.951003301689762,670.5565819302847
11434907,12346.21629600994,25653.264094,2.0778239647632484,649.8008576847333
11434919,12469.382729767276,25400.626445,2.037039602959887,656.2833015666965
11435206,12388.93000167315,25566.072435,2.0636223169835692,652.0489474564802
11435366,12405.820191592567,25531.369198,2.0580154156435886,652.9379048206611
11435476,12457.698221883185,25425.36566,2.040936070785357,655.6683274675379
11435650,12503.131791101434,25333.251765,2.0261525022898543,658.0595679527087
11435712,12482.966240177135,25374.299394,2.032713932393038,656.9982231672184
11436000,12299.002816089065,25754.979766,2.094070564184957,647.315937688898
11436104,12326.439000486804,25697.825935,2.0847728962099374,648.7599473940427
11436263,6775.234827845694,14124.825935,2.084772896276311,356.59130672872107
11436705,6785.971562861493,14102.544636,2.078190942205079,357.15639804534294
11436794,6805.074469559491,14063.075023,2.0665571090966086,358.1618141873414
11437297,6794.348825987832,14085.341969,2.0730966763326473,357.5973066309389
11437683,6794.204763249332,14085.64153,2.073184724456779,357.5897243815434
11437984,6662.837187506883,14364.196209,2.1558678089768586,350.6756414477313
11438449,6669.822548108867,14349.197551,2.151361216509202,351.0432920057292
11438479,6733.2076605584925,14214.518424,2.1111064949422578,354.3793505557114
11438911,6754.065591457878,14170.752381,2.098107012600275,355.47713639252015
11439677,6721.511432363329,14239.591815,2.118510391344118,353.76375959806956
11440021,6711.99028612102,14259.851855,2.12453404238179,353.2626466379488
11440580,6596.685865796812,14509.851855,2.1995668961943755,347.1939929366745
11440668,6623.868380703525,14450.485358,2.1815779733934275,348.62465161597447
11441065,6670.564603325509,14349.628399,2.151186481553032,351.0823475434481
11441407,6661.014114141835,14370.264648,2.157368893347763,350.5796902179909
11441678,6614.18420526292,14472.3155,2.1880726406870177,348.1149581717327
11441925,6588.610134023524,14528.659662,2.205117523493177,346.76895442229124
11442681,6532.281501450523,14654.318983,2.243369178095883,343.80428955002753
11442818,6482.281501450523,14767.692756,2.2781628278092323,341.1727106026592
11442824,2542.2646198483617,5791.692756,2.2781628280479542,133.8034010446504
11443252,2541.707231346365,5792.966678,2.2791636292947137,133.77406480770378
11443822,2544.707231346365,5786.157713,2.273800947207052,133.9319595445454
11444007,2519.4312058450205,5844.381626,2.319722647096366,132.60164241289567
11444656,2509.2151434757925,5868.248143,2.3386787530985638,132.06395491977855
11444883,2491.2151434757925,5910.776107,2.3726477909704613,131.1165864987256
11444976,7752.005173712268,18392.777951,2.3726477909704613,408.00027230064643
11445366,7721.72696698165,18465.116181,2.391319488497512,406.4066824727179
11445547,7841.142014942522,18184.736342,2.319143857788335,412.6916849969757
11445571,7871.142014942522,18115.634339,2.301525535253894,414.2706323653956
11445641,7791.142014942522,18302.206678,2.349104488520226,410.0601060496074
11445787,7744.748322724575,18412.173057,2.37737525995198,407.6183327749777
11446543,7739.748322724575,18424.103404,2.380452520646599,407.35517488024107
11446565,7772.150125265108,18347.523478,2.3606753835540673,409.0605329086893
11446578,7659.150125265108,18619.029931,2.4309524720741176,403.11316448763773
11446825,7664.40914274858,18606.292583,2.427622565087579,403.3899548815043
11446843,7714.40914274858,18486.057618,2.396302461527672,406.02153382887263
11447093,7743.64524721325,18416.472169,2.3782690943425697,407.5602761691189
11447180,7694.5458160298485,18534.342568,2.408763689389942,404.97609558051863
11447386,7714.5458160298485,18486.435968,2.3963090516083954,406.02872715946614
11447472,7812.18332928975,18256.074989,2.3368723210262607,411.16754364682856
11447583,7713.559999968164,18490.194199,2.397102531007254,405.97684210358875
11447794,7763.559999968164,18371.465937,2.3663713473039865,408.60842105095526
11448113,7775.790670926054,18342.655706,2.3589441231467063,409.2521405750558
11448124,7852.117365906908,18164.885199,2.3133741324181014,413.26933504773297
11448280,7837.798489533666,18198.170489,2.321847201519818,412.51570997545696
11448381,7888.815486547063,18080.833644,2.291957984672549,415.20081508142266
11448519,7763.211380794583,18374.250944,2.3668363571106767,408.59007267339985
11448587,7826.905408836139,18225.169348,2.3285281213983757,411.9423899387439
11448620,7803.370487533224,18280.301753,2.3426161531359906,410.7037098701694
11449010,7813.282987533224,18257.179518,2.3366847901363523,411.2254203964849
11449018,11577.530493713439,27053.039412,2.3366847901363514,609.3437101954441
11449037,11607.530493713439,26983.329263,2.3246399634800867,610.922657563864
11449123,11656.817256617645,26869.580546,2.305052910625838,613.5166977167173
11449462,11588.011928753685,27029.60224,2.3325487069037814,609.8953646712453
11449624,11603.543245169576,26993.531571,2.326318004824699,610.7128023773457
11450804,11852.051294086821,26429.20679,2.229926797835068,623.792173372989
11450915,11817.56536960584,26506.564362,2.2429801344846796,621.9771247160988
11451319,11919.212623671538,26281.188297,2.2049433235888083,627.3269801932383
11451330,11898.358817781464,26327.388949,2.2126907880484423,626.2294114621818
11451365,11729.225083742285,26708.168439,2.277061634363196,617.3276359864358
11451504,11682.346108759239,26815.665598,2.2954007138937644,614.8603215136445
11451523,11703.199914649313,26768.026146,2.287239929354151,615.957890244701
11451594,11667.220737889596,26850.821315,2.3013896726751106,614.0642493626092
11451910,11551.231688137477,27121.248976,2.347909704196491,607.9595625335514
11452371,11436.059397690196,27395.208327,2.3955111961497124,601.8978630363235
11452455,11512.98897942389,27212.699551,2.36365201075366,605.946788390731
11453620,11383.054031018628,27524.260953,2.418003189477697,599.1081068957174
11453642,11359.091823927261,27582.498586,2.4282309724707996,597.8469381014347
11453679,11356.701039558144,27588.322657,2.429254988830223,597.7211073451672
11453692,11255.758155403266,27836.482265,2.4730881634692237,592.4083239685933
11453716,11185.6458314744,28011.488085,2.5042352052825327,588.7182016565475
11453721,11056.70739474228,28339.128605,2.5630712284631785,581.9319681443285
11453770,11111.00020405738,28201.065647,2.5381212428294146,584.7894844240727
11454111,10997.219207820386,28493.721498,2.5909933192690593,578.8010109379175
11454199,11066.175889721915,28316.69787,2.5588512375173877,582.4303099853623
11454217,11166.175889721915,28063.858344,2.5132918038512924,587.6934678801008
11454309,10791.08152711378,29042.283893,2.691322813197923,567.9516593217777
11454312,10978.271475716403,28548.545727,2.600459078658102,577.8037618798098
11454425,10872.892214841444,28826.068673,2.6511868326674444,572.2574849916546
11454487,10839.918117540316,28914.018942,2.667365069410771,570.5220061863329
11454509,10883.104329707123,28799.625505,2.64626935775916,572.7949647214282
11454940,10833.104329707123,28932.949636,2.6707902698452286,570.1633857740599
11455146,10800.811420547783,29019.715389,2.6868088201032783,568.4637589761987
11455149,10817.41455965318,28975.307816,2.678579771184159,569.3376084027987
11455185,10754.736584532204,29144.682337,2.709939207522459,566.0387676069586
11455205,10801.810847249873,29018.049272,2.6864059815848336,568.5163603815727
11455405,10773.67859181784,29094.049272,2.7004749607154346,567.0357153588357
11455516,14699.045222260735,39694.403569,2.7004749607059813,773.6339590663556
11455666,14887.950877257392,39192.233293,2.6324800246936237,783.576361960917
11455699,14967.950877257392,38983.385558,2.604457074831275,787.7868882767052
11456320,14958.552850429616,39007.951391,2.6077356400074274,787.292255285769
11456656,15063.654151703939,38736.598066,2.5715273117590978,792.8239027212585
11456671,14951.559544491969,39027.887374,2.6102887299390485,786.924186552209
11456755,15069.041422648077,38724.522277,2.569806611507406,793.1074432972691
11457014,14876.76706476058,39226.522277,2.6367638954244317,782.9877402505572
11457030,14998.473482046746,38909.162447,2.594208170156415,789.3933411603557
11457168,14935.898145745796,39072.666519,2.616023900118059,786.0999024076718
11457353,14939.321889777144,39063.738833,2.614826772005696,786.2800994619538
11457474,14937.421889777144,39068.722588,2.6154930132044942,786.1800994619553
11457817,14907.538844480167,39147.273812,2.6260051521848027,784.6073076042194
11457939,14903.671456142349,39157.462796,2.627370236336079,784.4037608495964
11457947,14900.070347868548,39166.955004,2.628642287558248,784.2142288351861
11457960,14897.146446842866,39174.665534,2.629675802260925,784.0603393075198
11457990,14879.486154180597,39221.301406,2.6359311739391105,783.13085022003
11458148,14909.369199477575,39142.924999,2.6253910863225234,784.7036420777677
11458170,14942.409396598414,39056.632447,2.6138108928999837,786.4425998209681
11458189,14990.09372701702,38932.762647,2.5972327695877255,788.9523014219467
11458241,14987.529373793941,38939.444053,2.598122951544406,788.8173354628398
11458381,15128.41033531935,38577.904307,2.5500302709885245,796.2321229115441
11458591,15242.295317857166,38290.522275,2.5121231072160506,802.2260693609023
11458617,15196.081432991477,38407.320703,2.527448992186612,799.7937596311294
11458822,14983.650558416217,38953.479401,2.599732238090676,788.6131872850638
11458845,14970.198128928701,38988.588871,2.604413684790029,787.9051646804583
11458848,14910.266410524284,39145.774807,2.6254242365092346,784.7508637118026
11459045,14910.239561239096,39145.84551,2.6254337060931054,784.7494505915311
11459078,14814.373898009717,39399.925699,2.6595741386204184,779.7038893689314
11459094,14809.981143865081,39411.647184,2.661154447203734,779.4726917823718
11459144,14839.981143865081,39332.21248,2.6504219984309163,781.0516391507936
11459388,14928.995301644884,39098.393475,2.61895678074814,785.7365948234165
11459553,14880.40281685896,39226.454854,2.6361151197841126,783.1790956241548
11459875,14835.984651081804,39344.250204,2.651947351612494,780.8412974253588
11459896,14735.984651081804,39612.047973,2.688116804606741,775.5781395306203
11459908,14720.259426787341,39654.491701,2.693871796093372,774.7504961467021
11459928,14152.32333330703,41250.62426,2.914759879949747,744.8591228056321
11459929,14458.458407542466,40379.772226,2.7928131124225044,760.9714951338137
11459940,14507.578690931938,40243.46171,2.7739612906704036,763.556773206943
11460050,14569.542012241023,40072.820148,2.750451600629015,766.8180006442617
11460266,14619.542012241023,39936.177661,2.731698272597132,769.4495795916318
11460432,14439.903873727028,40434.494521,2.800191391479368,759.9949407224758
11460622,14444.933864114942,40420.456716,2.798244498468433,760.2596770586788
11460672,14544.933864114942,40143.384116,2.7599564557004412,765.5228349534191
11460901,14744.795408803908,39600.862198,2.685751894146655,776.0418636212598
11461120,14736.154171796448,39624.153901,2.688907393276106,775.5870616734956
11461204,14657.22776739701,39838.164521,2.7179876817916773,771.4330403893164
11461352,14637.02804242524,39893.308324,2.725506039092755,770.3698969697489
11461469,14527.99818110626,40193.600888,2.7666303634503473,764.6314832161188
11461734,14581.24170716755,40047.272317,2.746492591046919,767.4337740614483
11461744,14607.173407167551,39976.390439,2.736764281814037,768.7986003772385
11462030,19686.080251784824,53876.161282,2.73676428181356,1036.1094869360422
11462191,19664.85939027404,53934.475392,2.74268299211309,1034.9925994881087
11462480,19310.098088759663,54928.330468,2.844539174038353,1016.3209520399832
11462500,19383.325836313878,54721.438392,2.823119151692822,1020.1750440165233
11462587,19410.418603293332,54645.28786,2.8152555066859004,1021.6009791207034
11462661,19445.19113629333,54547.861985,2.805210892640163,1023.4311124364904
11462812,19410.084697829803,54646.817936,2.8153827655430033,1021.5834051489364
11463020,19411.57167384928,54642.644408,2.8149520979598486,1021.6616670446965
11463084,19561.57167384928,54224.886797,2.7720107413194244,1029.5564038868033
11463140,19553.695575031237,54246.793943,2.774247647195118,1029.1418723700626
11463769,19636.24904110486,54019.414346,2.7510047480514395,1033.4867916370968
11463862,19944.594766218353,53186.734817,2.666724264916444,1049.715514011492
11463909,19875.527870800102,53372.113347,2.6853180299885775,1046.0804142526395
11464389,19964.06091569174,53136.135166,2.6615895127947153,1050.740048194304
11464510,20294.333040237245,52273.944212,2.5757902025337467,1068.122791591435
11464540,20164.502670790807,52611.525907,2.609115968092294,1061.2896142521495
11464744,20072.810965408597,52852.576162,2.6330430876413202,1056.4637350215053
11464784,19708.62151059921,53832.161147,2.7314016415632776,1037.2958689789011
11464858,19525.13369863966,54339.572129,2.7830576203832043,1027.638615717875
11464865,14661.841379418189,40804.74938,2.7830576203941457,771.6758620746405
11464880,14497.771168057136,41267.923253,2.846501215574805,763.0405877924823
11464948,14454.533982444145,41391.737545,2.863581599743902,760.7649464444294
11465055,14400.400941757116,41547.80284,2.8851837534275204,757.9158390398497
11465069,14306.055117808935,41822.627495,2.923421386999759,752.9502693583636
11465079,14312.980585632553,41802.45191,2.9205972620378966,753.3147676648714
11465374,14412.980585632553,41513.282631,2.8802704884222305,758.5779255596099
11465423,14497.840038297012,41271.019803,2.846701280603169,763.0442125419486
11465767,14332.179332073069,41749.492672,2.912989832507292,754.325228003845
11465779,14412.124508420997,41518.595908,2.880810243052002,758.5328688642621
11465814,14521.114508420997,41207.900885,2.837791883061246,764.2691846537364
11466256,14488.502739674206,41300.933704,2.8506005379634356,762.5527757723285
11466312,14366.238493479397,41653.484025,2.899400844828369,756.117815446285
11466590,14368.252593479396,41647.662675,2.8985892615710664,756.2238207094397
11466658,14590.689828451448,41014.61369,2.811012650685139,767.9310436027081
11466722,14522.13137086392,41208.824833,2.837656799860535,764.322703729682
11467143,14572.13137086392,41067.85156,2.818246042038342,766.9542826770485
11467365,14336.612171691691,41744.536645,2.911743454107417,754.5585353521928
11467753,14394.14716190955,41578.177716,2.88854749422224,757.5866927320822
11467926,14488.15615425357,41309.194401,2.851238898945195,762.5345344343987
11468326,14553.888931595713,41123.178233,2.8255800512345384,765.9941542945107
11468583,14622.67391113167,40930.312632,2.7990990485564584,769.6144163753488
11468719,14640.960629162724,40879.343406,2.7921216675205125,770.5768752190925
11468793,22091.33789405289,61681.703198,2.792121667497787,1162.7019944238345
11468952,22126.33789405289,61584.42577,2.7833085648824265,1164.5440996869947
11469366,22103.289857503383,61648.835689,2.7891248807956126,1163.3310451317557
11469586,21922.554441629516,62158.614554,2.8353727992557656,1153.8186548226076
11469657,22024.917077364848,61870.589865,2.809117947989226,1159.2061619665728
11469662,22092.176543846963,61682.788695,2.792064809575301,1162.7461338866851
11469846,22205.29325951927,61369.506243,2.763733202068443,1168.6996452378553
11469881,22967.213342550353,63475.250073,2.7637332020337957,1208.8007022394922
11470025,22786.11568737221,63981.251558,2.8079051487243016,1199.2692467037996
11470090,22686.11568737221,64264.128424,2.832751507997087,1194.006088809063
11470135,22198.2494269256,65680.755444,2.9588259047279575,1168.3289172066106
11470257,22550.5656543119,64657.630059,2.867228744953313,1186.871876542733
11470970,22642.32545773284,64396.382846,2.8440710723909874,1191.701339880674
11471113,22867.32545773284,63764.645434,2.7884610096559093,1203.5434451438377
11471234,22704.581553411084,64223.078589,2.8286396046506863,1194.97797649532
11471308,22246.586740287214,65549.230068,2.9464848173447815,1170.8729863309054
11471321,22491.74692351553,64836.863214,2.8826957476660864,1183.7761538692394
11471401,22466.121002061613,64911.041746,2.8892856822075967,1182.4274211611373
11471762,22747.834858762402,64109.551918,2.818270499853975,1197.2544662506552
11472138,23087.927321232648,63167.989421,2.7359748903448775,1215.154069538563
11472250,23216.820373560422,62818.345315,2.705725603430961,1221.9379143979168
11472445,23316.92887519438,62549.447758,2.6825765988651695,1227.2067829049702
11472450,23271.525850839465,62671.849682,2.693070066986573,1224.8171500441822
11472575,22883.321606489422,63738.245834,2.7853581280754556,1204.3853477099692
11472680,23083.321606489422,63187.643248,2.737372217273793,1214.9116634994425
11472777,23102.221606489424,63136.104195,2.7329018511910146,1215.9064003415479
11473097,23395.382119840175,62347.308385,2.664940801805802,1231.3359010442218
11473286,23146.139964114365,63020.696543,2.722730297177279,1218.2178928481226
11473305,23116.280006620305,63102.347124,2.7297794933236674,1216.6463161379106
11473346,23616.280006620305,61770.27797,2.6155803518879375,1242.9621056115975
11473353,23315.083896751185,62570.658975,2.683698641278269,1227.1096787763781
11473605,23267.490095292196,62699.032784,2.694705467896004,1224.6047418574854
11473707,23292.792095292196,62631.12951,2.6888631149830524,1225.9364260680122
11473750,23357.17943630005,62458.994549,2.6740812057097405,1229.3252334894787
11473933,23391.00584556056,62368.941374,2.66636423357729,1231.1055708189815
11474224,23279.726686841524,62667.967525,2.6919546078873005,1225.2487729916575
11474394,23410.15632200559,62319.854725,2.662086227353348,1232.1134906318766
11474558,23160.15632200559,62994.584377,2.719955059938252,1218.9555958950295
11474763,23212.15632200559,62853.885981,2.7078003917030857,1221.692438000293
11474960,23508.484591952452,62063.949509,2.640065941564181,1237.2886627343432
11474975,23663.484591952452,61658.633129,2.6056446965536533,1245.4465574711867
11475002,23639.03095791347,61722.60845,2.6110464747852773,1244.159524100709
11475297,32101.06768151992,83817.379606,2.6110464747642133,1689.5298779747318
11475452,31810.03222085635,84586.546742,2.659115405942298,1674.2122221503341
11475506,31740.03222085635,84773.656663,2.670874940300007,1670.528011624021
11475953,31716.056035682086,84837.935301,2.674920715411565,1669.266107141164
11476002,31631.512849214345,85065.368354,2.689260193134039,1664.8164657481211
11476037,31569.852673324232,85232.012412,2.69979126269471,1661.5711933328566
11476056,31303.119165375912,85960.45872,2.7460668780598727,1647.5325876513634
11476074,31219.750623529097,86190.696369,2.7607746585919704,1643.1447696594296
11477080,31419.750623529097,85643.691612,2.7257915773483123,1653.6710854488956
11477124,31418.00981756402,85648.451228,2.726094100973857,1653.5794640823187
11477205,31299.839379866127,85972.784192,2.746748414539874,1647.359967361379
11477408,31224.93786360368,86179.633875,2.759961741203413,1643.4177822949314
11477617,31272.787976977655,86048.166447,2.7515348650829208,1645.936209314612
11477702,31422.787976977655,85638.632844,2.7253671095876135,1653.8309461567187
11477761,31538.107476977657,85326.430062,2.7055025455882857,1659.9003935251421
11477842,31692.219816186956,84912.745016,2.6792930728263595,1668.0115692729996
11478006,31718.219816186956,84843.349142,2.674908920919369,1669.3799903256331
11478168,31621.408301037623,85103.88557,2.691337614055836,1664.2846474230355
11478303,31597.636249548872,85168.104978,2.695394817047936,1663.0334868183563
11478594,31244.950553108563,86132.355385,2.756680803145988,1644.4710817425548
11478992,31256.76509486004,86099.896409,2.754600360840237,1645.0928997294723
11479210,31266.867555761466,86072.160589,2.7528232700477124,1645.6246081979734
11479230,31331.726956771276,85894.517155,2.741454924380951,1649.0382608827022
11479622,30972.32558423968,86894.232135,2.8055443204825496,1630.122399170512
11479676,31033.807056066205,86722.600283,2.7944557406806543,1633.3582661087457
11479777,31053.807056066205,86666.914615,2.790862790463241,1634.4108976876923
11479809,31059.80579355999,86650.226401,2.789786484079249,1634.7266207136818
11479906,30944.512734806438,86974.039234,2.810644975390789,1628.6585649898152
11479919,30811.533997501243,87350.537834,2.8349947730964633,1621.6596840790116
11480150,30873.125427342635,87176.796549,2.8237114105652643,1624.9013382811972
11480261,30973.125427342635,86896.178734,2.805534718730364,1630.1644961759266
11480477,31081.79768627159,86593.26919,2.785980079532114,1635.8840887511324
11480681,31161.42476596451,86372.658728,2.771781437360301,1640.0749876823393
11480975,31111.42476596451,86511.888219,2.78071122971015,1637.4434087349764
11481064,30849.927627768637,87247.406419,2.8281235363569173,1623.6804014615118
11481250,30620.846605447157,87902.086739,2.8706615421718307,1611.623505549851
11481261,30741.373913294075,87558.480031,2.84822923913415,1617.9670480681125
11481414,25288.51225924648,72027.480031,2.8482292391346156,1330.974329434026
11481420,25201.30353137634,72277.480031,2.86800561490847,1326.3843963882282
11481435,25040.257623915644,72743.729923,2.9050711464535155,1317.908295995563
11481623,25006.284775162647,72842.854923,2.9129818994683596,1316.1202513243516
11481656,25035.630323984784,72757.727919,2.906167209590733,1317.664753893936
11481717,25116.143878107836,72525.189616,2.887592536815162,1321.902309374098
11481790,25155.70373197418,72411.478143,2.8785312036793202,1323.9844069460087
11481843,25225.345292554444,72212.164264,2.862682886061991,1327.6497522397076
11481932,25299.878299917033,72000.0648,2.845866053048805,1331.5725421008974
11482124,25222.342786112586,72222.0648,2.8634161946195356,1327.491725584874
11482248,25305.342786112586,71985.889107,2.8446913252842956,1331.860146637504
11482347,25315.400810830095,71957.374267,2.8424347220375106,1332.3895163594752
11482853,25096.12419272805,72587.991477,2.8923984803212512,1320.8486417225286
11482963,24444.514034335774,74528.770367,3.04889556251001,1286.5533702281973
11482964,24756.70412260051,73591.722388,2.9725977264000085,1302.9844275052928
11483046,24791.86805867559,73487.655108,2.964183857951921,1304.835160982926
11483054,24837.68184296056,73352.511018,2.9532752485429477,1307.2464127873973
11483379,24803.968536779263,73452.511018,2.9613209236693234,1305.4720282515373
11483398,24647.662441585973,73919.720518,2.9990560237988872,1297.2453916624218
11483471,24548.660056566467,74218.728666,3.0233311510681573,1292.0347398192898
11483787,24579.126091480128,74127.009567,3.015852121475331,1293.638215341056
11483914,24639.126091480128,73947.0393,3.0012038180838676,1296.7961100778994
11484076,24527.83314185909,74283.577294,3.0285421816258196,1290.9385864136348
11484086,24607.574820288683,74043.578672,3.0089750498676473,1295.135516857299
11484221,24647.891711903176,73922.827334,2.999154175052649,1297.2574585212205
11484285,24700.08575123575,73767.08778,2.98651140416828,1300.0045132229316
11484493,24656.345082634427,73898.345301,2.9971329916633476,1297.7023727702363
11484682,24791.567808314197,73496.477998,2.9645756398412177,1304.8193583323264
11484812,24821.54006754081,73407.996185,2.9574311660458097,1306.3968456600414
11484882,24672.21471000461,73853.625383,2.99339261801464,1298.537616316029
11484940,24651.21471000461,73916.729491,2.998502522514688,1297.4323531581358
11484999,24597.24822476627,74079.391149,3.011694254254489,1294.5920118298054
11485031,24475.890102309637,74454.642306,3.0419585148804935,1288.2047422268224
11485056,24526.604305344616,74301.151696,3.029410462654586,1290.8739108076152
11485061,24587.604305344616,74117.367757,3.0144200645399635,1294.0844371234016
11485287,24608.604305344616,74054.308541,3.0092851923713746,1295.1897002812948
11485306,24683.604305344616,73829.970907,2.9910530890747573,1299.1370687023482
11485690,24732.19679013054,73685.348086,2.97932887689962,1301.6945679016062
11485734,24742.009186701158,73656.212958,2.976969752221669,1302.2110098263802
11486150,24739.779891413324,73662.870072,2.977507091628042,1302.0936784954356
11486456,24908.292391413324,73166.002361,2.9374154282138845,1310.962757442805
11486717,24928.752476844445,73106.131921,2.932602904573987,1312.039604044443
11486799,24948.817273337623,73047.513407,2.927894841935639,1313.0956459651388
11486804,25025.817273337623,72823.431362,2.9099321938862595,1317.1482775440854
11486880,25379.06460370787,71812.81178,2.829608297285637,1335.7402423004132
11486890,25309.77881874806,72009.991645,2.8451450390257484,1332.093622039367
11487382,25291.22009751169,72062.991645,2.849328398043162,1331.1168472374557
11487792,25391.22009751169,71780.029065,2.8269625795585283,1336.380005132196
11487964,25537.238416869644,71370.825271,2.7947745995844695,1344.0651798352483
11488074,25582.35578571072,71245.331722,2.7849402267243426,1346.4397781952975
11488339,30634.36611003706,85314.8785,2.7849402267229353,1612.335058423003
11488421,30385.80160042533,86014.8785,2.8307589061200216,1599.2527158118573
11488938,30351.30098823146,86112.946634,2.8372077581580375,1597.4368941174398
11488976,29967.30098823146,87219.71538,2.910496190973364,1577.2263678016534
11489083,30207.464998081978,86528.340133,2.8644687708317833,1589.8665788464205
11489097,30202.209132623735,86543.443325,2.865467322107831,1589.5899543486157
11489104,30189.141095356874,86581.018293,2.8679523547728976,1588.9021629135204
11489282,30164.717860646128,86651.330616,2.8726053734799937,1587.616729507692
11489311,30134.065494552644,86739.737555,2.878461174469804,1586.0034470817154
11489430,30051.572756261234,86978.557976,2.8943096816081963,1581.6617240137457
11489481,29865.764058046276,87521.320003,2.9304899025149993,1571.8823188445422
11489655,30072.60369155467,86921.141125,2.890376304510347,1582.7686153449831
11489656,30214.60369155467,86513.856381,2.86331263067937,1590.2422995555062
11489888,30616.759972826516,85380.846832,2.7886963515335585,1611.4084196224467
11489956,30415.59884748311,85947.233451,2.825761671896594,1600.820991972796
11490307,30608.709554183166,85406.607844,2.7902714321495408,1610.9847133780604
11490440,30708.709554183166,85129.320973,2.7721555939299836,1616.2478712728007
11490483,30665.66950321766,85249.161673,2.779954361148223,1613.9826054325094
11490666,30765.419002412542,84973.588213,2.7619837781613374,1619.2325790743453
11491051,30731.931290606124,85066.460132,2.768015434096795,1617.4700679266425
11491290,30660.093878327723,85266.37284,2.7810212577421707,1613.6891514909366
11491291,30610.093878327723,85406.070128,2.7901276770819847,1611.0575725435592
11491320,30681.12743325151,85208.928133,2.7772424047446345,1614.796180697449
11491326,30618.590905048524,85383.485632,2.788615775846223,1611.5047844762375
11491358,30583.7493497865,85481.048718,2.7949826471683643,1609.671018409812
11491407,30406.428123073936,85981.048718,2.827726044308152,1600.338322267049
11491500,30644.428123073936,85315.26457,2.784038397693618,1612.8646380565224
11491501,30701.428123073936,85157.343312,2.7737258009831542,1615.864638056526
11491718,30705.428123073936,85146.283131,2.77300426457874,1616.0751643723124
11492100,30710.560615840786,85132.095769,2.772078856974304,1616.3452955705689
11492129,30775.560615840786,84952.829484,2.7603990888885095,1619.766348202149
11492284,30875.060615840786,84679.873596,2.7426625861441734,1625.0031903074123
11492363,30825.060615840786,84817.64247,2.751580719565976,1622.3716113600385
11492418,30754.21423646285,85013.619,2.7642916949965852,1618.642854550675
11492534,30567.045119665963,85535.743508,2.7982993833109746,1608.7918484034708
11492604,30667.045119665963,85257.66008,2.780106780660342,1614.055006298211
11492672,30842.045119665963,84775.345001,2.748694020518901,1623.2655326140011
11492855,31195.995153295276,83816.336139,2.6867659046339596,1641.8944817523807
11492922,31352.47462926033,83399.259475,2.660053487362237,1650.1302436452825
11492994,31416.355132805038,83242.422262,2.6496524472719,1653.492375410795
11493039,31316.355132805038,83509.033433,2.6666268497358177,1648.2292175160546
11493135,31132.48322932586,84003.731152,2.6982663263067628,1638.5517489118865
11493184,30360.413188286027,81920.480559,2.698266326316251,1597.9164835940028
11493489,30215.413188286027,82314.789657,2.724264902288742,1590.284904646629
11493597,30165.413188286027,82451.639229,2.7333170845151225,1587.6533256992661
11493677,30157.413188286027,82473.577381,2.734769619200463,1587.232273067686
11493728,30000.636111624834,82905.863981,2.7634702035159555,1578.9808479802523
11493750,30118.050134820278,82583.624608,2.7419977136077236,1585.160533411592
11493901,30143.380199452044,82514.436009,2.737398243429248,1586.4936947079987
11493926,29911.050999956526,83157.281941,2.78015245740181,1574.2658421029737
11493952,29961.050999956526,83018.921933,2.770894850555158,1576.8974210503438
11494070,30133.194548678508,82546.069894,2.7393733432627396,1585.9576078251848
11494081,30231.250346337925,82279.130327,2.7216581975401795,1591.1184392809446
11494195,30218.179128253916,82314.828197,2.7240168193998113,1590.4304804344174
11494411,30241.075011258974,82252.693471,2.71989978664372,1591.6355269083688
11494539,30161.075011258974,82471.519078,2.7343693501380106,1587.4250005925787
11494668,35459.114287427314,96958.31529,2.7343693501215953,1866.2691730224906
11494814,35482.70629944162,96894.042178,2.7307399091913345,1867.5108578653526
11494970,35548.97392653527,96713.960715,2.7205837477859967,1870.9986277123826
11494985,36053.10065170808,95365.620009,2.645143365900261,1897.5316132477965
11495050,36014.71068585191,95467.5811,2.6507940583708107,1895.5110887290502
11495082,35965.92024716014,95597.479651,2.6580017692873676,1892.9431709031633
11495168,35764.50391601211,96137.479651,2.6880697094741004,1882.3423113690587
11495245,35768.87305476519,96125.771762,2.6874140433449853,1882.5722660402753
11495330,35618.87305476519,96531.799558,2.710130649265045,1874.6775291981612
11495366,35581.17311661641,96634.387335,2.7158853649451973,1872.6933219271814
11495552,35695.445412651985,96325.955517,2.698550316530242,1878.7076532974752
11495667,35735.608262833826,96218.020269,2.6924970623508266,1880.8214875175618
11495857,36371.09643882617,94546.27191,2.5994891869432837,1914.2682336224243
11495880,36347.00951610574,94609.11563,2.602940844090013,1913.0005008476728
11495950,36041.29935538002,95414.02551,2.6473525432361305,1896.9104923884224
11496052,36111.29935538002,95229.62385,2.637114298015762,1900.5947029147355
11496069,36501.06619264687,94215.758048,2.5811782469789812,1921.1087469814156
11496275,36569.359947148056,94040.335762,2.5715608886212937,1924.7031551130567
11496309,36493.91397783594,94235.335762,2.582220581196977,1920.7323146229392
11496385,36593.91397783594,93978.589791,2.568148076423872,1925.9954725176794
11496664,36974.6747134653,93013.683152,2.5156051776738586,1946.0355112350153
11496680,36669.34371704061,93790.50144,2.5577360250495733,1929.9654587916084
11496754,36707.39647350462,93693.564813,2.552443752872203,1931.9682354476172
11496810,36807.39647350462,93439.775482,2.5386140948399203,1937.2313933423502
11496889,37457.39647350462,91823.090802,2.451400776531567,1971.441919658144
11496898,37193.93207631649,92475.479744,2.486305549901363,1957.5753724377064
11496900,36925.71061096082,93149.225595,2.5226115910508735,1943.4584532084627
11497041,36342.24016533877,94649.225595,2.604386112809612,1912.7494823862507
11497078,36542.63943284172,94131.719362,2.5759419905887158,1923.2968122548264
11497446,36324.56191290032,94698.54743,2.6070114116467495,1911.8190480473786
11497702,36084.76299197976,95329.754023,2.6418284649448327,1899.19805220946
11497773,36358.77398985535,94613.458539,2.602218066137175,1913.6196836765957
11497887,36282.30820614949,94813.458539,2.6132146279196773,1909.5951687447086
11498145,36532.30820614949,94166.558826,2.5776241209458783,1922.7530634815485
11498190,36592.30820614949,94012.617424,2.5691906860415212,1925.9109582183955
11498238,36710.03884832878,93712.016612,2.552762665252974,1932.1073078067784
11498554,36744.86119560241,93623.473842,2.5479338006916943,1933.940062926442
11498570,36766.69562439086,93568.040902,2.544912979341211,1935.0892433889894
11498625,36669.01534822565,93818.040902,2.5585099575502968,1929.9481762224023
11498687,36727.405577202015,93669.333182,2.5503934108578536,1933.021346168527
11498763,36788.135955202015,93515.165644,2.541992498828322,1936.2176818527369
11498958,36916.20613673435,93191.711524,2.5244119392666238,1942.9582177228658
11499082,37123.79105258825,92672.166483,2.4963012627596113,1953.8837396099043
11499142,36983.11414710725,93025.734918,2.515356996384154,1946.4796919530127
11499155,36618.67378839058,93954.341602,2.565749435518521,1927.2986204416156
11499291,36752.01315620091,93614.486342,2.5471934270410186,1934.3164819053127
11499863,36764.9352154424,93581.681603,2.545405861716107,1934.996590286435
11499931,37293.900646442395,92258.272966,2.4738166661791885,1962.8368761285456
11499972,37108.4959969474,92720.608667,2.498635586703038,1953.0787366814402
11500469,37123.0959969474,92684.252289,2.4966735612951396,1953.8471577340679
11500823,36809.94652605443,93475.10806,2.539398094312292,1937.3656066344483
11500866,36941.909527211654,93142.196688,2.52131516426867,1944.311027747979
11501060,36741.909527211654,93650.730215,2.5488803227725754,1933.7847119585058
11501066,28517.513970883327,72687.730215,2.548880322780412,1500.9217879412245
11501149,28631.903112742766,72398.198558,2.528584924059024,1506.9422690917272
11501225,28570.53031430617,72554.186212,2.5394763560153386,1503.7121218055909
11501310,28719.332224184982,72179.387102,2.51326829393396,1511.5438012728991
11501342,28756.414202860404,72086.589192,2.506800350122566,1513.4954843610722
11501384,28831.83250777337,71898.589316,2.4937224956691657,1517.4648688301786
11501445,28860.669019829085,71826.966208,2.4887491748251014,1518.9825799910031
11501465,29162.674145399902,71085.343289,2.437545436834123,1534.877586599996
11501638,29157.674145399902,71097.569786,2.438382754106496,1534.6144287052557
11501994,29563.47421527784,70124.543783,2.371999423084076,1555.972327119889
11503002,29149.045868748093,71124.543783,2.440029910524639,1534.160308881481
11503084,29294.26887990152,70773.004482,2.4159334637143512,1541.8036252579768
11503315,28890.232493469888,71765.7591,2.484083820239984,1520.5385522878896
11503367,28976.57991840645,71552.543691,2.469323291171037,1525.0831536003388
11503374,29032.779913829687,71414.451088,2.459786878830088,1528.0410480962964
11503546,29176.80758551817,71062.974938,2.4355980252367266,1535.6214518693778
11503600,29153.80758551817,71119.206582,2.439448307854226,1534.410925553584
11503655,28956.078920453183,71606.310505,2.47292842037465,1524.0041537080651
11503696,28665.864450525834,72333.437316,2.5233300548406503,1508.7297079224081
11503710,28304.663461448865,73259.275057,2.58824045573902,1489.7191295499397
11503874,28174.61681697903,73598.438153,2.6122249907103243,1482.8745693146884
11504091,28012.441637676846,74025.810937,2.6426047359411537,1474.339033561937
11504242,27912.441637676846,74291.816175,2.661602203754158,1469.0758756672003
11504255,27509.110456732946,75384.340381,2.740340895412321,1447.8479187754165
11504260,27819.74801975486,74545.089851,2.679574588456566,1464.1972641976245
11504590,27801.037322585722,74595.411267,2.6831880552312435,1463.2124906624085
11504604,27434.403097700255,75595.306372,2.7554930246810048,1443.9159525105388
11504621,27505.484064650132,75400.533983,2.741290929684247,1447.6570560342152
11504640,27705.7614653442,74857.107432,2.7018606770882347,1458.1979718602197
11504693,27699.331456083237,74874.536742,2.703117108104654,1457.8595503201723
11504850,27909.462330273236,74312.483428,2.662626837758665,1468.9190700143772
11505541,27954.98152426987,74191.842573,2.6539757326825044,1471.3148170668355
11506207,27898.44662254093,74342.64128,2.6647591633268157,1468.3392959232042
11506219,27821.116193589995,74549.902809,2.6796158101728627,1464.269273346843
11506258,27760.686933637528,74712.670948,2.6913120387331237,1461.0887859809227
11506291,27724.5063942768,74810.464522,2.698351539901291,1459.1845470672015
11506323,27580.5063942768,75202.23116,2.726644322078333,1451.6055996987743
11506604,27649.458080075226,75015.2545,2.7130822702835373,1455.2346357934366
11507089,27851.20789142129,74473.474105,2.6739764535648476,1465.853046916909
11507320,27869.893689608078,74423.691917,2.6703974096876646,1466.8365099793773
11507532,27905.76016979687,74328.323858,2.6635477193861745,1468.7242194629944
11507607,28187.758647119692,73586.930397,2.610598853148593,1483.5662445852467
11507672,28224.479240980676,73491.479218,2.603820555572684,1485.4989074200348
11507774,20866.96552952764,53932.470455,2.5845861670056087,1098.2613436593492
11507849,20946.96552952764,53727.108819,2.564911311056689,1102.4718699751393
11507958,21456.2834462681,52455.498588,2.444761634481652,1129.2780761193717
11508264,21327.127221380153,52774.122851,2.474506871140838,1122.4803800726404
11508283,21258.127221380153,52945.933451,2.490620782330729,1118.8488011252703
11509320,21311.649886908737,52813.361484,2.4781451349030488,1121.665783521512
11509457,21822.9590406245,51579.576653,2.3635464171921923,1148.5767916118166
11509634,21780.858044688368,51679.576653,2.3727061875600874,1146.360949720438
11509782,21709.285428416984,51850.469999,2.3884005841633487,1142.5939699166847
11509890,21378.798340977646,52654.419452,2.4629269901982775,1125.1999126830306
11509967,21178.624921776365,53153.589271,2.509775278958088,1114.6644695671785
11510182,21234.104635688564,53015.127011,2.4966970786183498,1117.5844545099244
11510370,21946.66825290124,51298.830524,2.337431355541566,1155.0878027842773
11510490,21615.93500845456,52086.0868,2.4096152574305836,1137.6807899186606
11510900,22111.56000845456,50922.01461,2.3029589314607155,1163.7663162344506
11510921,21815.38692157498,51615.429384,2.366010264661104,1148.178259030261
11511057,21874.261971707554,51476.920992,2.353310070921748,1151.276945879341
11511271,21714.038582848494,51857.901461,2.3882200108993805,1142.8441359393946
11511574,21593.434275751824,52148.411322,2.4150123901578566,1136.496540829041
11511864,21385.567222411468,52656.817489,2.462259566995125,1125.5561696006043
11511947,21426.567222411468,52556.359723,2.4528595354288867,1127.7140643374478
11512117,21557.314251992702,52238.551219,2.423240233377922,1134.5954869469824
11512206,21609.122690600394,52113.682754,2.411651944420149,1137.322246873704
11512219,21670.907838447438,51965.547775,2.397940509109883,1140.5740967603888
11512334,22010.54114669998,51166.062761,2.324616301797345,1158.4495340368412
11512428,21942.593135028194,51324.981695,2.33905725632159,1154.8733228962192
11512494,22406.42559982459,50265.631637,2.2433578891491512,1179.2855578855088
11512507,22584.929910790903,49869.530069,2.208088768306194,1188.6805216205757
11512625,23189.79771796099,48572.566046,2.0945661810745126,1220.5156693663666
11512630,23490.33420240417,47952.966799,2.0413914244818256,1236.3333790739052
11512632,23131.811091305684,48698.432803,2.1052581058516333,1217.4637416476653
11512647,23102.38333636113,48760.651394,2.1106329457037014,1215.914912440061
11512659,22965.447274722166,49052.271367,2.135916221452884,1208.7077513011645
11512674,22800.619694575536,49407.941335,2.166956073862965,1200.0326155039766
11512742,22765.316514483184,49484.790957,2.173692200831823,1198.174553393852
11512805,22315.70844522366,50484.790957,2.2622983751970245,1174.5109708012424
11512885,22376.95875042239,50347.017206,2.2499490555234476,1177.7346710748607
11512967,21944.408686582683,51342.402191,2.33965758313606,1154.968878241194
11513041,22702.148300122757,49633.694133,2.1862994407772245,1194.8499105327755
11513196,22749.333263180593,49531.055844,2.177253076869957,1197.333329641082
11513337,22670.524366485937,49703.757344,2.19243968690365,1193.1854929729416
11513424,22410.018854139213,50283.277783,2.243785608137161,1179.4746765336422
11513582,22519.928272860514,50038.600863,2.2219698152104295,1185.2593827821293
11513797,22812.54659599538,49398.65273,2.165415970642737,1200.660347157649
11513940,22738.137596270426,49560.792862,2.1796329031859276,1196.7440840142335
11513956,22776.076440871664,49478.485106,2.1723884372468505,1198.7408653090315
11514144,16459.526525117497,35756.485106,2.172388437263675,866.2908697430212
11514359,16652.124250523928,35344.153563,2.1225011915154286,876.4275921328372
11514453,16420.526332576934,35844.153563,2.182887005996162,864.2382280303646
11514457,16289.487665956505,36133.364832,2.218201429840874,857.3414561029749
11514460,16543.992610825873,35579.148264,2.1505781041462817,870.7364532013635
11514668,16842.147242022827,34951.150828,2.075219407938283,886.4288022117289
11514677,17089.959742022827,34445.841052,2.015560104995477,899.4715653696221
11514707,17039.572478185568,34548.006423,2.0275160346440093,896.8196041150295
11515150,16679.684217413353,35295.672523,2.116087574736686,877.8781167059678
11515314,16884.177502888044,34869.454763,2.065214888734472,888.640921204631
11515576,16197.61615328454,36351.937273,2.2442769929221087,852.5061133307681
11515584,16472.61375866328,35746.859965,2.17007819698316,866.9796715085904
11515728,16477.632338456584,35736.005224,2.1687585018265616,867.2438072871846
11515779,16341.299305343737,36035.04252,2.2051516128963047,860.0683844917749
11515827,16401.131591221583,35903.97752,2.1891158741276713,863.217452169556
11515845,16341.730717083592,36034.878287,2.205083348321806,860.0910903728218
11515949,16452.855300625495,35792.219577,2.17544121813551,865.9397526645007
11516041,16321.070989168908,36082.093088,2.2107674865175837,859.0037362720504
11516085,16272.30546616479,36190.550781,2.2240579772947027,856.437129798147
11516225,16092.148992787237,36596.934089,2.2742104926696456,846.9552101466961
11516399,16315.434609351656,36097.567141,2.2124796553264754,858.7070847027189
11516604,16049.466794976426,36697.567141,2.286528743278035,844.7087786829688
11516673,15763.958747813747,37364.21299,2.370230320171443,829.6820393586204
11516759,15665.043109949174,37600.856197,2.4003033973854158,824.4759531552172
11516763,15647.854828499816,37642.282886,2.4055874302617637,823.5713067631496
11516771,15694.100951175447,37531.693401,2.391452273549252,826.005313219759
11516952,15547.774097333842,37885.983336,2.436746449930524,818.3038998596767
11517139,15680.293878784365,37566.747788,2.3957936042785706,825.2786251991765
11517308,15639.17425296715,37665.818156,2.408427551656305,823.1144343666929
11517337,15574.608137498697,37822.435472,2.428467871428214,819.7162177630889
11517377,15577.812410817209,37814.678933,2.4274704262545588,819.8848637272204
11517462,15662.812410817209,37610.076014,2.4012338925814722,824.3585479377471
11517605,15633.67497182353,37680.383141,2.4102063787888075,822.824998517026
11517931,15535.870144402534,37918.310761,2.4406943678440634,817.6773760211872
11517936,15518.933061216934,37959.818644,2.446032758454552,816.7859505903652
11518046,15633.67497182353,37682.04576,2.4103127273602722,822.8249985170296
11518549,15833.67497182353,37207.482232,2.3498955421411494,833.3513143065029
11518588,15707.844159115337,37506.43704,2.3877520466890316,826.7286399534405
11518655,15700.462933498495,37524.12292,2.390001051493747,826.3401543946584
11518667,15590.79456639932,37788.868379,2.423793618603706,820.5681350736486
11519012,15407.961022015428,38238.626937,2.481744786501168,810.9453169481803
11519119,15263.18169046666,38602.431904,2.5291209059059403,803.3253521298229
11519178,15068.590520839849,39102.431904,2.5949628035828143,793.0837116231505
11519188,15146.450572274396,38902.026496,2.568392265261818,797.1816090670745
11519349,15170.950572274396,38839.390675,2.560115827282488,798.4710827512845
11519420,14970.442061970754,39361.156266,2.6292581142936786,787.9180032616205
11519712,15070.058497446425,39101.745691,2.594664493016113,793.1609735498132
11519754,15137.69087457072,38927.568154,2.5715658006594033,796.7205723458283
11519797,15237.69087457072,38672.860601,2.53797382551833,801.9837302405649
11520072,14565.436211736487,40463.142691,2.7780247774794242,766.6019058808652
11520075,14941.401176841493,39447.961405,2.6401781826287207,786.3895356232351
11520346,15041.401176841493,39186.480434,2.6052413583871092,791.6526935179754
11520797,15082.932164969978,39078.902924,2.5909354027833214,793.8385349984201
11521098,8812.609877906114,22832.902924,2.5909354028304183,463.82157252137404
11521260,8807.609877906114,22845.903959,2.593882367145818,463.5584146266374
11521824,8824.189577906112,22803.107505,2.5841588401607005,464.43103041611175
11523103,8874.189577906112,22675.010837,2.5551641237700746,467.0626093634801
11523143,8903.189577906112,22601.373296,2.538570373935077,468.5889251529534
11523378,8967.752081571283,22439.14144,2.5022035885796177,471.98695166164543
11524084,9098.725487891139,22117.091881,2.430790104661812,478.8802888363771
11524095,9297.443148729037,21645.763097,2.32814148478649,489.3391130910022
11524193,9239.821868325063,21781.156358,2.3573134491550918,486.3064141223713
11524391,9216.423621643235,21836.61978,2.3693159816048754,485.0749274549071
11524599,9116.423621643235,22076.871086,2.421659194685453,479.81176956017225
11525113,9113.88377032556,22083.041967,2.423011146894533,479.67809317502724
11525328,9105.803840670811,22102.696061,2.4273195917398245,479.2528337195163
11525813,9080.317448897962,22164.919988,2.440985143167,477.91144467883896
11525845,8764.155841055199,22966.912013,2.620550390650607,461.2713600555362
11525893,8978.042150468797,22421.367551,2.4973560131736794,472.5285342351981
11526341,9129.442150468798,22050.63519,2.415332155740501,480.49695528783195
11526359,9047.706017780254,22250.437981,2.4592352953637278,476.19505356738046
11527102,9047.301958644248,22251.434692,2.4594552932700404,476.17378729706616
11527109,7555.0347853837775,18581.270294,2.459455293302944,397.6334097570407
11527147,7667.175477333465,18310.302645,2.388141852124149,403.53555143860376
11527501,7602.063976570063,18467.601858,2.429287876939482,400.10863034579233
11527763,7621.002491706729,18421.84642,2.4172471325192304,401.1053943003535
11528010,7620.590061371682,18422.84642,2.4175091786375327,401.0836874406159
11528856,7699.369961371682,18234.903722,2.3683631015895954,405.22999796692966
11529105,7701.315385872175,18230.31123,2.3671685051936637,405.33238873011396
11529257,7688.268132456638,18261.341782,2.3752217622208422,404.64569118192776
11529331,7662.351349376688,18323.293957,2.3913408719492555,403.2816499671944
11529631,7708.1423715537285,18214.767142,2.3630553593846573,405.69170376598595
11529919,7629.138453273325,18403.958633,2.4123246347828013,401.53360280385823
11529950,7645.684773650671,18364.249147,2.4019103181298718,402.4044617710879
11530048,7765.707178377428,18081.259997,2.328346869341771,408.7214304409181
11530209,7715.707178377428,18198.784332,2.358667055561731,406.08985149354885
11530462,7455.36591981974,18836.19783,2.5265289500981907,392.3876799905138
11530621,7498.124458201544,18729.103609,2.4978384545903167,394.6381293790282
11530766,7547.277953792268,18607.489294,2.465457004223665,397.225155462751
11530851,7597.002117566707,18486.061892,2.4333364142750855,399.8422167140361
11531075,7563.405754924192,18568.423365,2.455034671769518,398.0739871012738
11531089,7498.8341273266715,18728.795111,2.497560926537896,394.67548038561563
11531315,7521.096259988626,18673.524474,2.4828195024362367,395.84717157834893
11532031,7621.096259988626,18429.225805,2.4181856751705038,401.1103294730865
11532084,7631.096259988626,18405.147993,2.4118615944476933,401.6366452625598
11533218,7454.14910098816,18843.36545,2.5279029430068722,392.3236368941134
11533427,7466.003570960873,18813.535698,2.5198937449180328,392.9475563663609
11533499,7494.069247991163,18743.288618,2.5010829227424427,394.42469726269246
11533639,7566.35525910561,18564.754621,2.453592778195095,398.2292241634523
11533776,4411.797555316663,10824.754621,2.4535927782894467,232.1998713324556
11533925,4407.749512570353,10834.725905,2.4581083553184477,231.98681645107172
11534022,4377.749512570353,10909.197923,2.4919648535566328,230.4078690826509
11534707,4383.749512570353,10894.311332,2.4851582648052046,230.72365855633507
11534711,4411.889138064707,10825.033072,2.453604959971511,232.204691477089
11534735,4429.909772100531,10781.128993,2.433712998151633,233.1531459000289
11535146,4534.201718565287,10533.877283,2.3232043779325133,238.64219571396188
11535163,4445.214798720488,10745.385147,2.4172926694325225,233.9586736168676
11535431,4435.910384551516,10767.991635,2.4274592364400704,233.46896760797426
11535718,4460.72948089955,10708.258241,2.4005621248389564,234.77523583681796
11536042,4510.72948089955,10589.912766,2.347716219924612,237.4068147841872
11536575,4490.72948089955,10637.218124,2.3687060574998675,236.35418320523968
11536703,4316.436095902884,11068.030822,2.564159546461411,227.18084715278383
11537466,4320.961256297608,11056.474478,2.5587997258447253,227.4190134893479
11537537,4336.671256297608,11016.541084,2.5403219273312563,228.24585559461138
11537796,4148.147774709292,11518.723304,2.776835332200104,218.32356708996213
11537827,4202.79993972044,11369.380226,2.7051918694840995,221.19999682739217
11537929,4218.394245373827,11327.476211,2.685257837961083,222.02074975651794
11538054,4221.763480274977,11318.463266,2.680979955149641,222.19807790920913
11538361,4257.507152729207,11223.722401,2.636219270660582,224.07932382785293
11539093,4178.658713351649,11436.14365,2.7367977225465285,219.92940596587596
11539590,4200.61390153864,11376.54918,2.7083063206149207,221.084942186244
11539708,4100.61390153864,11654.819259,2.842213273145969,215.82178429150736
11539732,4188.810775823407,11410.143702,2.723957780059204,220.46372504333704
11540152,6.10730495e-10,0.000001,1637.3834419386574,3.2143710263157936e-11
13050132,0.01888884008951563,30.928274,1637.3834419386571,0.000994149478395559
13050569,0.21248504880379748,2.756902,12.97456934273829,0.011183423621252492
13408504,0.21663918098404056,2.704193,12.482474258427027,0.011402062157054749
15068645,0.3077157534928467,1.905557,6.19258838187593,0.01619556597330768
15111654,0.8478904593184541,0.692888,0.8171904665102055,0.04462581364833962
15396772,0.7990228471040274,0.735392,0.9203641706433671,0.0420538340581067
15730819,0.6694935694425893,0.878099,1.311586906997617,0.035236503654873075
15736801,1.5694935694425893,0.375214,0.23906692407364144,0.08260492470750469
15736952,2.4794935694425893,0.237769,0.09589417892842225,0.13049966154961012
15737080,0.7177993819708395,0.82392,1.147841612426286,0.03777891484057061
15751984,1.7177993819708395,0.344886,0.20077198980262215,0.09041049378793908
15752017,2.8177993819708393,0.210498,0.07470297614047045,0.14830523063004453
15752039,4.017799381970839,0.147761,0.03677659981308456,0.21146312536688594
15752040,0.6451251475643588,0.922571,1.4300651640741733,0.03395395513496635
15941920,0.73576077245512,0.809222,1.099843903473885,0.03872425118184841
16060986,0.8721437623741632,0.959222,1.099843903473885,0.04590230328285072
16434008,0.8309778507067653,1.006884,1.2116857256106435,0.043735676352987585
