block,reserve TUSD,reserve USDC,price,volume for slippage 5%
10092249,10,10,1,0.526315789473685
10092268,300,300,1,15.78947368421052
10113726,305,295.096481,0.9675294459016393,16.05263157894734
10127283,459.69911545972167,444.77243,0.9675294448961593,24.194690287353808
10129208,376.8761116334017,542.810571,1.4402891407667873,19.835584822810688
10129214,422.490985453831,484.362098,1.1464436276189618,22.23636765546479
10129294,451.4737785011172,453.355319,1.004167552111508,23.761777815848234
10133958,299.54267466500414,300.791035,1.0041675542104043,15.765403929737033
10157282,321.1286735790401,322.466994,1.004167551922549,16.901509135738934
10193705,821.1286735790401,824.550769,1.0041675507518744,43.217298609423096
10193717,1421.12867357904,1427.051299,1.0041675504344334,74.79624597784414
10193723,2319.912090589042,2329.580441,1.0041675503352816,122.10063634679182
10194033,2315.912090589042,2333.616156,1.0076445325722425,121.89011003100222
10195490,2315.977995558625,2333.549949,1.0075872713277385,121.89357871361199
10199391,2325.977995558625,2323.547364,0.9989550066409629,122.41989450308574
10207109,2355.977995558625,2294.047956,0.9737136596031998,123.99884187150656
10207784,2341.164583163752,2308.606921,0.986093390273419,123.2191885875659
10208688,2338.2814354114416,2312.687045,0.9890541873942826,123.06744396902332
10209383,2374.8938635973336,2277.138942,0.9588381935312003,124.99441387354364
10210404,2262.0492414572273,2392.026178,1.0574598174790575,119.05522323459127
10210656,2293.4665630769746,2359.355686,1.0287290532087054,120.70876647773548
10214201,2272.1266315106764,2337.402679,1.0287290534708988,119.58561218477234
10214242,2411.2466315106763,2202.924504,0.9136039736506921,126.90771744793028
10214244,2322.436757100652,2287.417715,0.9849214227282684,122.23351353161343
10218231,2826.436757100652,2783.818112,0.9849214227087926,148.75982932108673
10220952,2774.1396602327345,2838.109804,1.0230594532367194,146.00735053856488
10224245,2764.7589231550464,2847.768394,1.0300241262085252,145.51362753447665
10226260,2808.0465367858505,2803.998122,0.9985582807361574,147.79192298872886
10227624,2848.0465367858505,2764.73326,0.9707472206967961,149.89718614662388
10227667,2801.4219692512834,2810.885668,1.003378176816128,147.44326153954125
10228657,2851.4219692512834,2761.741759,0.9685489516394407,150.07484048690958
10232546,2776.3460167643584,2837.321825,1.0219626112406208,146.12347456654516
10232926,2676.3460167643584,2943.655587,1.099878554028979,140.8603166718085
10232927,2779.093300511238,2835.138645,1.0201667732704232,146.2680684479601
10233720,2879.093300511238,2736.950518,0.9506293240007201,151.53122634269675
10234084,2802.0502919971996,2812.430032,1.0037043375104457,147.47633115774715
10234596,2852.2432919971993,2763.083527,0.968740476926578,150.11806799985243
10236674,2827.6224284483674,2787.214827,0.9857096898645903,148.82223307623008
10237323,2758.8797347962236,2856.872516,1.035519047810547,145.20419656822241
10239165,2508.8797347962236,3142.405227,1.2525132964395493,132.04630183137988
10239166,2784.0993571695353,2832.605647,1.017422614500288,146.53154511418597
10244599,2734.330454228584,2885.508017,1.0552886950944875,143.91212916992617
10245761,2769.330454228584,2849.147741,1.028821871600603,145.75423443308364
10246496,2819.330454228584,2798.767847,0.9927065636460801,148.38581338045196
10246527,2869.330454228584,2750.141217,0.958460958356005,151.0173923278203
10246546,2736.15934641758,2884.395597,1.0541767608587944,144.0083866535565
10247094,2813.916111842898,2804.923802,0.9968043433117809,148.10084799173183
10250996,3814.6961118428976,3802.505652,0.9968043431283944,200.77347957067923
10251814,3985.2235931428977,3640.263961,0.9134403317453891,209.7486101654158
10251815,3835.9941857222825,3782.305115,0.9860038706726628,201.89443082748858
10255265,3735.979891521343,3883.864239,1.0395838178396717,196.6305206063862
10255378,3817.6467640892884,3801.024781,0.9956460133384673,200.928777057331
10261816,4181.6317640892885,3471.075655,0.8300768338352147,220.08588232048896
10261817,3847.2737845846004,3773.646808,0.9808625586045859,202.48809392550584
10262405,3746.6842950748314,3875.265031,1.0343185402875266,197.19391026709627
10262800,3803.4998503979164,3817.548545,1.003693623019497,200.18420265252234
10266669,4077.798894313369,4092.860746,1.0036936229757762,214.6209944375455
10272926,4177.798894313369,3995.180717,0.956288423178545,219.8841523322826
10274933,4060.72323050501,4110.713307,1.0123106337608665,213.7222752897378
10275018,4177.798997131486,3995.853435,0.9564494217514026,219.88415774376244
10275226,4167.429916938588,4005.825528,0.9612220500021502,219.3384166809783
10275432,4143.0502213820855,4029.468657,0.9725850380002886,218.05527480958335
10275691,4201.021257662816,3974.029438,0.9459674670179841,221.10638198225297
10275693,4103.679783531202,4068.579186,0.9914465554373744,215.9831465016423
10276436,4082.8023482233384,4089.446493,1.001627349112198,214.88433411701772
10276703,4071.224769568018,4101.110883,1.0073408163694075,214.27498787200147
10277767,4026.090722016626,4147.224276,1.0300871396963205,211.89951168508514
10278601,4075.915519095773,4096.678023,1.0050939485391575,214.52186942609342
10280128,4061.7565695575477,4112.082856,1.0123902763695005,213.7766615556602
10280358,4081.6340048654115,4092.116922,1.002568313847369,214.82284236133773
10282048,4139.914179078498,4034.680016,0.974580593092893,217.8902199514996
10282907,4159.914179078498,4054.171627,0.9745805928857114,218.94285153044802
10284214,4124.19302396887,4089.391962,0.9915617281328458,217.06279073520363
10284592,4144.19302396887,4069.715356,0.9820284268763275,218.11542231415115
10286593,4045.096146058849,4169.715356,1.0308074778550238,212.89979716099288
10287497,4070.096146058849,4144.179824,1.0182019478858964,214.21558663467613
10287617,4114.59614605885,4099.492882,0.9963293447223692,216.55769189783405
10289765,4140.56788388063,4073.855448,0.9838880951232937,217.9246254674017
10289843,4240.56788388063,3978.068248,0.9380979993555931,223.18778336213836
10289866,4159.544803154583,4055.789541,0.9750561017936638,218.9234106923459
10289957,4189.544803154583,4026.833825,0.9611626117395696,220.50235806076762
10290205,4088.5448031545834,4126.608694,1.0093098871794306,215.186568587083
10291306,4074.519501926607,4141.68507,1.016484291716271,214.4483948382417
10293193,4124.5195019266075,4091.625782,0.9920248358842182,217.0799737856105
10293265,4155.081996098981,4061.619662,0.9775065006691255,218.6885261104726
10295371,4158.616756098982,4058.177697,0.9758479646022493,218.8745661104731
10296814,4128.278895326996,4088.090136,0.990265008652277,217.27783659615852
10296910,4030.7088267242757,4187.346986,1.0388611943976669,212.14256982759298
10297098,4130.708826724276,4086.272611,0.9892424720336642,217.405727722331
10298497,3976.3859957684226,4245.337316,1.067637125902211,209.2834734614953
10298516,4051.265337613999,4167.102013,1.0285927150489291,213.2244914533685
10299203,4071.2296523139985,4146.728568,1.0185444993610444,214.2752448586316
10300742,4060.0402149152405,4158.191306,1.0241749061312704,213.68632710080237
10301022,4005.0473965599035,4215.458727,1.052536539422936,210.79196823999473
10301088,4060.0402149152405,4158.529762,1.0242582688523483,213.68632710080146
10301213,4050.0402149152405,4168.828532,1.0293301574259173,213.16001131132907
10302146,4253.853609072663,3969.659506,0.933191376763288,223.8870320564556
10302163,4151.938529038808,4067.393497,0.9796372148943205,218.5230804757266
10304506,4135.8300389290325,4083.283105,0.9872947066406434,217.67526520679075
10305549,4164.053991245725,4056.741049,0.9742287341923679,219.16073638135367
10306178,4091.3581173336725,4129.772623,1.0093891819206875,215.33463775440396
10306789,4192.470063524642,4030.464398,0.9613579433913853,220.65631913287598
10306792,4121.9874803365465,4099.589387,0.9945661908379407,216.9467094913971
10308387,4166.764703393524,4057.663591,0.9738163490958179,219.30340544176397
10309537,4216.764703393524,4009.692756,0.9508931700109141,221.9349843891332
10309646,4121.314025294585,4102.837692,0.9955168829210329,216.9112644891884
10309888,4271.314025294585,3959.171359,0.9269211618611776,224.80600133129428
10309890,4123.02762778603,4101.993063,0.9948982721715776,217.00145409400193
10310272,4222.02762778603,4006.089498,0.9488544015285695,222.21198040979107
10310620,4131.596833488519,4094.037079,0.9909091433645995,217.45246492044862
10311200,4146.996994726268,4078.87903,0.9835741465901968,218.26299972243487
10315301,4144.996994726268,4080.85305,0.9845249719582718,218.15773656454076
10318020,4095.2776945731243,4131.381887,1.008816054763446,215.54093129332205
10318200,4114.277694573125,4112.359873,0.9995338619034748,216.5409312933225
10318300,4181.620595020138,4048.551144,0.9681775407413552,220.08529447474393
10320187,4172.620595020138,4057.309813,0.9723649012906284,219.61161026421814
10324002,4122.06440072888,4107.221542,0.9963991686480552,216.95075793309843
10324496,4160.80850478786,4069.090093,0.977956589042173,218.98992130462466
10325182,4133.95070878164,4095.606045,0.990724450656805,217.5763530937702
10325303,4208.8119076579915,4022.973081,0.9558453001143018,221.51641619252587
10325451,4100.971698282905,4129.080541,1.00685419085649,215.84061569910045
10329699,4092.114212032822,4138.044935,1.0112242035747974,215.3744322122534
10331026,4192.39164913748,4039.357264,0.9634971162179076,220.65219205986796
10332277,4091.2800110442104,4139.486073,1.0117826357095236,215.33052689706346
10332415,4192.39164913748,4039.942711,0.9636367613295757,220.65219205986705
10333096,4171.800835206501,4059.942711,0.9731870890713401,219.56846501086875
10339399,4101.274071769262,4129.968806,1.0069965414962767,215.85653009311955
10344983,2601.7564164915175,2619.959714,1.0069965417950346,136.93454823639604
10350426,2645.6064164915174,2576.662921,0.97394038090407,139.24244297323776
10355871,2620.214073073304,2601.708349,0.9929373236089835,137.90600384596382
10358081,2629.187861317893,2592.854902,0.9861809192669554,138.3783084904153
10360497,2614.771061317893,2607.193883,0.9971021637687569,137.61952954304707
10370655,2622.5109358012755,2599.522231,0.991234086200578,138.02689135796209
10375192,2599.5071743834596,2622.595345,1.008881749142322,136.8161670728141
10375234,2553.8546989807232,2669.617689,1.045328729964739,134.4134052095119
10375759,2603.8546989807232,2618.505733,1.005626671113796,137.04498415687976
10380236,2622.829313560265,2599.618818,0.991150588625701,138.0436480821195
10380893,2601.829313560265,2620.664113,1.0072390603571,136.93838492422447
10382891,2621.829313560265,2600.732519,0.991953406558104,137.99101650317152
10389004,2569.829313560265,2653.516191,1.0325651501436859,135.25417439790863
10389100,2669.829313560265,2554.41424,0.9567706171424282,140.51733229264573
10389471,2668.6571440974226,2555.539606,0.9576125624276547,140.45563916302217
10390105,2606.34347227006,2616.822484,1.0040205797284318,137.17597222474024
10400602,2609.34347227006,2613.822901,1.0017166880395563,137.33386696158186
10403126,2596.755641266044,2626.531592,1.011466597110939,136.67134954031826
10406285,2607.3752225294506,2615.865952,1.0032564279192284,137.23027486997125
10407067,2332.2305239059856,2339.825265,1.0032564281344258,122.74897494242077
10411895,2334.965631276364,2337.092678,1.00091095418928,122.89292796191376
10412663,2366.690377266364,2305.857408,0.9742961859942875,124.56265143507198
10413961,2352.690377266364,2319.62001,0.985943595644409,123.82580932980864
10414085,2310.8126512038243,2361.783839,1.0220576894321667,121.62171848441221
10414112,2330.257785138689,2342.134265,1.0050966377784698,122.64514658624694
10419048,2354.3977851386894,2318.191312,0.9846217689435361,123.91567290203648
10420828,2302.6090985904684,2370.487351,1.029478843131074,121.18995255739264
10420900,2309.0590985904682,2363.885571,1.0237440749970408,121.52942624160369
10425761,2357.0290420226,2315.917485,0.9825578911885948,124.05416010645285
10432946,2322.2530496706063,2350.702958,1.012250994065194,122.2238447195059
10434112,2324.7771345821407,2348.158374,1.0100574111255882,122.35669129379676
10435357,2335.4076558529346,2337.501734,1.000896664932059,122.91619241331227
10437561,2337.0160261185347,2335.897853,0.9995215381041302,123.00084347992288
10442970,2351.6058937486546,2321.44865,0.9871758937886562,123.76873124992926
10445993,2351.1058937486546,2321.943829,0.9875964477711558,123.7424154604555
10449101,1185.5132376533684,1170.808663,0.9875964483682401,62.39543356070362
10454603,1175.3799410959116,1180.932922,1.0047244135363675,61.86210216294262
10455756,1215.660485081667,1141.916577,0.9393384016453302,63.98213079377206
10457437,1174.9763176260606,1181.575009,1.0056160207443767,61.84085882242425
10457692,1177.9763176260606,1178.574849,1.0005081013641648,61.99875355926633
10459883,1177.7126844831678,1178.839469,1.0009567567129727,61.98487813069278
10460872,1172.7126844831678,1183.880716,1.00952324611527,61.72172023595613
10467433,1191.1144844831679,1165.644698,0.9786168442958535,62.69023602542984
10473324,1169.263971905045,1187.493121,1.015590276903217,61.54020904763388
10478324,1189.263971905045,1167.581808,0.9817684177632042,62.59284062658139
10479687,1188.263971905045,1168.56736,0.9834240435031728,62.54020904763411
10481241,1174.339623967293,1182.464958,1.0069190665688834,61.807348629857415
10486412,1185.339623967293,1171.524251,0.9883447978216966,62.38629599827868
10488221,1172.3692751568965,1184.524251,1.0103678730760637,61.70364606088924
10492976,1172.5384096187845,1184.353901,1.0100768480454785,61.71254787467274
10498576,1177.4084096187846,1179.469809,1.0017507938319234,61.96886366414651
10501071,1227.4084096187846,1229.557348,1.001750793268463,64.60044261151484
10514597,1227.7932650564703,1229.173096,1.0011238300313254,64.62069816086705
10518973,1671.299509162411,1673.177765,1.0011238295872715,87.96313206117952
10519015,1227.7932656010648,1229.173097,1.001123830401741,64.62069818952978
10519279,1234.453265601065,1222.561372,0.9903666716817547,64.97122450531924
10527209,1219.453265601065,1237.644855,1.0149178241693162,64.18175082110861
10529394,1231.7867037489355,1225.289567,0.9947254368559415,64.8308791446807
10534180,1181.6083491857569,1175.375882,0.9947254374175236,62.18991311503987
10546079,1189.6943902656883,1167.410964,0.9812696214691641,62.61549422451003
10556112,1179.1187113903609,1177.913141,0.9989775665683913,62.058879546861135
10560438,1178.1187113903609,1178.915976,1.000676726888327,62.00624796791385
10563180,1177.1187113903609,1179.920517,1.002380223491928,61.95361638896634
10579811,1197.1187113903609,1160.265997,0.969215488790114,63.00624796791362
10591086,1193.0372996404337,1164.247241,0.9758682661060885,62.791436823180675
10591600,1210.907619442496,1181.686319,0.9758682661060885,63.731979970657676
10599992,1209.8868264058572,1182.686319,0.9775181390422605,63.67825402136077
10608441,1215.1662642438762,1177.563343,0.9690553281881356,63.95611917073029
10609563,1195.1882831447963,1197.305945,1.0017718228040453,62.904646481305235
10610135,1201.9048930045146,1190.634997,0.9906233046640304,63.25815226339546
10611570,3229.3226708258744,3199.042296,0.9906233046640303,169.96435109609865
10613647,3329.3226708258744,3103.235044,0.9320920051375522,175.22750899083576
10615122,3194.794829458207,3234.300642,1.0123656806307317,168.14709628727405
10615897,3228.1281294582072,3201.002765,0.9915971846932979,169.9014804978001
10617689,3127.9557652701233,3303.82291,1.0562243068404418,164.62925080369132
10618009,3217.9557652701233,3211.690847,0.9980531372314878,169.36609290895376
10619738,3233.6256023586943,3196.173769,0.9884180056802568,170.19082117677317
10620988,3333.6256023586943,3100.57599,0.9300912459414156,175.45397907151028
10621960,3240.017366501674,3190.425134,0.9846938374422295,170.52722981587794
10622540,3311.376001501674,3121.87476,0.9427726596388519,174.28294744745608
10623504,3401.376001501674,3039.511605,0.8936123509009547,179.01978955271943
10623630,3258.408541939968,3173.275933,0.9738729481450222,171.4951864178929
10623747,3292.169656456241,3140.830698,0.9540306319999483,173.27208718190786
10623866,3279.898045347054,3152.617354,0.961193704930061,172.62621291300275
10625598,3261.6473736086764,3171.479919,0.9723552412997621,171.66565124256203
10626593,3280.1520895986764,3153.641642,0.961431529958675,172.6395836630877
10626832,3229.6636817787385,3203.089964,0.991771986065093,169.98229904098616
10627359,3362.0763207460272,3077.302465,0.9152982179527569,176.95138530242275
10627704,3162.0763207460272,3272.526226,1.0349295507288434,166.42506951294854
10628057,3144.708220290993,3254.551466,1.0349295508563408,165.51095896268362
10631049,3244.708220290993,3154.539767,0.9722106127364185,170.77411685742072
10639627,3224.708220290993,3174.163446,0.9843257836560383,169.72148527847366
10640422,3223.5770702909927,3175.280609,0.9850177426387287,169.66195106794703
10644692,3254.4962457109928,3145.203661,0.9664179717967024,171.28927609005223
10647790,3215.5135687722473,3183.448684,0.9900280673408912,169.2375562511711
10653003,3205.5135687722473,3193.409733,0.9962240572337109,168.7112404616969
10656304,3372.405561094426,3035.826508,0.900196151679575,177.49502953128558
10656929,3365.3828519484177,3042.180578,0.903962702561078,177.1254132604431
10659199,3317.3639479957733,3086.348702,0.9303618024379434,174.5981025260935
10659534,3092.7662004231297,3311.154827,1.0706127176852203,162.77716844332326
10660608,3300.2162004231295,3103.602504,0.9404239951316156,173.6955894959542
10664969,3279.148354875273,3123.602504,0.9525651681345813,172.58675551975102
10665573,3177.72098633777,3223.602504,1.014438497860414,167.24847296514554
10666010,3227.72098633777,3173.813798,0.9832986839426496,169.88005191251432
10668593,3255.72098633777,3146.599405,0.9664831286846493,171.35373612304056
10669308,3203.7474949860048,3197.799399,0.9981433942608418,168.61828920978996
10670644,3183.898087447496,3177.986844,0.9981433942654129,167.57358354986854
10681702,1161.4281233941958,1159.27181,0.9981433948853466,61.127795968115606
10688595,1.009132369e-9,0.000001,990.9502764151249,5.311222994736861e-11
10721497,0.010091324699132369,10.000001,990.950276415125,0.0005311223525859138
10721567,0.11009132469913237,0.919137,8.34885948108901,0.005794280247322772
10743201,120.02377176224869,62.550689,0.5211525023884827,6.317040619065708
10743206,0.4437717622907023,0.231273,0.5211530332759199,0.023356408541615914
10766265,0.4387717622907023,0.233917,0.5331177165521911,0.023093250646879115
10870584,0.426786070202007,0.240506,0.563528232976684,0.022462424747474063
10904374,0.08536242052810585,1.215502,14.239310371942794,0.004492758975163463
10924377,0.09968952094043561,1.047083,10.503440984791482,0.005246816891601863
10988769,0.09978246710912278,1.046111,10.48391596547684,0.005251708795216997
11004155,0.10478246710912277,0.996336,9.508613678301673,0.005514866689953837
11005895,0.5047824671091228,0.207312,0.4106957224312304,0.026567498268901146
11006062,0.32502543062278577,0.322312,0.9916516359424967,0.017106601611725558
11006070,12561.187679745135,12456.322312,0.991651635942497,661.1151410392176
11006411,12543.76202923868,12473.678561,0.9944128828277099,660.1980015388799
11006716,12493.76202923868,12523.748397,1.002400107164771,657.5664225915098
11011489,12069.807340068264,12964.971537,1.0741655746202385,635.2530178983288
11011490,12399.246597554975,12621.5074,1.0179253473746424,652.591926187104
11011503,12464.84346215788,12555.284302,1.0072556739373977,656.0443927451506
11012370,12564.84346215788,12455.657774,0.9913102229656326,661.3075506398891
11014761,12563.839942873232,12456.655646,0.9914688266198399,661.2547338354325
11014793,12514.041425197862,12506.37496,0.9993873709589592,658.6337592209402
11015432,12549.902265359038,12470.745402,0.993692631091038,660.5211718610026
11021171,13064.299033541543,12981.897679,0.9936926310144935,687.5946859758697
11028207,13053.08046584867,12993.088641,0.995404010187049,687.0042350446656
11028396,13007.725158057825,13038.529236,1.0023681372083029,684.6171135819914
11028978,13018.9437257507,13027.327469,1.0006439649349368,685.2075645131972
11030956,13038.02999493755,13008.313996,0.9977208214010025,686.2121049967136
11034230,13093.859670021837,12953.014759,0.989243438178561,689.1505089485181
11035825,13018.94276379218,13027.776571,1.00067853491394,685.207513883799
11039439,12942.53558169991,13107.439083,1.012741205172598,681.1860832473649
11039446,13774.424831274473,13949.927604,1.0127412051592204,724.969727961814
11040364,13796.464831274472,13927.709195,1.0095128980742962,726.1297279618157
11040366,13855.479743458163,13868.563847,1.0009443269943803,729.2357759714814
11040804,13855.848985623184,13868.195375,1.0008910597531502,729.2552097696407
11040817,13856.218227064397,13867.826924,1.0008377969187097,729.2746435297067
11040851,13856.585449437793,13867.460507,1.000784829538409,729.2939710230421
11041242,13856.584453219726,13867.461507,1.0007849736576135,729.2939185905107
11042317,13909.584453219726,13814.779926,0.9931842300869181,732.0833922747224
11044626,13907.584453219726,13816.772559,0.9934703330743605,731.9781291168274
11045383,13903.739201609527,13820.605257,0.9940207491377641,731.7757474531336
11046775,15122.194289703923,15031.774896,0.994020749107457,795.9049626159958
11048176,15045.39326528053,15108.737291,1.0042101940841683,791.8628034358153
11048313,14991.184668468015,15163.535356,1.0114968023770998,789.0097193930542
11048329,15031.715536988015,15122.771384,1.0060575818367457,791.1429229993682
11049857,15051.89231471999,15102.560329,1.003366222214496,792.2048586694746
11050556,15049.89231471999,15104.573368,1.00363331857375,792.0995955115795
11052652,15057.982656030292,15096.482328,1.002556761609384,792.5254029489624
11053877,15056.055565665318,15098.420407,1.0028138074510893,792.4239771402772
11056109,15069.376211628398,15085.114091,1.0010443617008817,793.125063769914
11057169,15088.4701063284,15066.08164,0.9985161871170087,794.1300055962311
11059767,15108.622806328398,15046.045892,0.995858198650496,795.1906740172853
11066701,15108.990472655494,15045.680856,0.9958098049786932,795.2100248766055
11068435,15119.990472655494,15034.767732,0.9943635718018725,795.7889722450273
11069940,15095.487316066714,15059.245762,0.9975991795887146,794.4993324245643
11070554,15054.784467109992,15100.083185,1.0030089250356902,792.3570772163166
11071753,15054.790689109992,15100.076964,1.0030080972778164,792.3574046899994
11072193,15090.530667577232,15064.421411,0.9982698251537748,794.2384561882754
11073051,15272.772554003119,15246.347987,0.998269825147354,803.8301344212159
11073123,15269.776957751506,15249.347987,0.9986621303763618,803.6724714606062
11074396,15262.443700594897,15256.696999,0.9996234743460726,803.2865105576257
11075407,15269.257015950718,15249.909703,0.9987329237479919,803.6451061026692
11075434,15315.083802014544,15204.414422,0.9927738312473363,806.0570422112905
11077771,15043.777186272731,15479.443132,1.028959877584787,791.777746645932
11077779,15207.276931090082,15313.511142,1.0069857484276314,800.3829963731605
11078541,15211.886484700082,15308.884711,1.0063764758169527,800.6256044578986
11078836,15252.228632026863,15268.513864,1.0010677280262468,802.7488753698326
11082722,15285.228632026863,15235.64863,0.9967563454089932,804.4857174750978
11084543,15259.978632026863,15260.93423,1.000062621186843,803.1567701066779
11089222,15206.728632026863,15314.534846,1.0070893758007944,800.3541385277276
11092413,15207.646735568327,15313.613063,1.0069679635037705,800.402459766754
11092416,15209.092567358683,15312.161662,1.0067768076356194,800.4785561767712
11092428,15211.135162885319,15310.111668,1.0065068454165196,800.5860612044908
11092460,15213.26211203095,15307.977599,1.0062258499374797,800.6980058963654
11092467,15237.26211203095,15283.938437,1.0030633013087171,801.9611637911039
11092468,15240.02147785832,15281.17942,1.002700648565455,802.1063935714901
11096301,15268.409540024402,15252.852693,0.9989811088716464,803.6005021065466
11097500,15130.827531467181,15391.961582,1.017258411675749,796.3593437614327
11097552,15268.409540024402,15253.678607,0.9990352018665869,803.6005021065484
11100583,15428.409540024402,15095.960308,0.9784521384941226,812.0215547381285
11100952,15381.817394974842,15141.824172,0.9843976029091825,809.5693365776224
11101145,15329.789089288375,15193.369172,0.9911009918992495,806.8310046993884
11103292,15183.92701084605,15339.761131,1.0102630972898272,799.1540532024246
11103483,15184.052722739347,15339.634511,1.010246394101863,799.1606696178624
11104204,15173.474006548626,15350.361252,1.0116576629303897,798.6038950815073
11104592,15193.490615036111,15330.198566,1.008997797440214,799.657400791375
11105001,15208.837905155326,15314.775173,1.0069655070627563,800.4651529029106
11105165,15218.837905155326,15304.742304,1.005644609620001,800.9914686923839
11106707,15301.963838668673,15221.849349,0.9947644308591149,805.3665178246665
11106777,15241.963838668673,15281.950472,1.0026234567772614,802.2086230878231
11108231,15341.963838668673,15182.638528,0.9896150641245092,807.4717809825615
11109424,15321.841018162952,15202.638528,0.9922200935239018,806.4126851664714
11110566,15312.584946113508,15211.855792,0.9934218060198208,805.9255234796583
11115142,15311.584946113508,15212.852269,0.9935517663611586,805.8728919007099
11117788,15291.584946113508,15232.809165,0.9961563316477247,804.8202603217633
11121043,15230.720763754585,15293.86486,1.004145837693754,801.6168823028711
11121978,15276.569348715517,15248.101657,0.9981365127820461,804.0299657218693
11122318,15256.618211584992,15268.101657,1.0007526861625395,802.9799058728931
11130342,15305.618211584992,15219.367936,0.9943647963517275,805.5588532413149
11130945,15301.571792586827,15223.404727,0.9948915662621864,805.3458838203587
11131220,15270.705395749314,15254.268106,0.9989236063873062,803.7213366183842
11131931,15255.705395749314,15269.311824,1.0008918911251707,802.9318629341724
11134095,15254.709349208613,15270.311824,1.0010227972512762,802.8794394320321
11135435,15205.072323843335,15320.311824,1.007579016903192,800.2669644128091
11135450,15224.254487937555,15301.066467,1.0050453688305923,801.2765519967161
11135780,15279.373041840716,15246.034652,0.9978180786770883,804.1775285179319
11137148,15329.373041840716,15196.455178,0.9913292041704561,806.8091074653003
11137280,15309.373041840716,15216.3674,0.9939249215767013,805.7564758863537
11140333,15126.694421322338,15034.798567,0.9939249216145464,796.1418116485438
11140565,15005.87765177062,15156.212429,1.0100183928403308,789.7830343037185
11140720,15030.87765177062,15131.079467,1.006666398167214,791.0988237774
11141639,15091.966644950382,15070.015155,0.9985454851268355,794.3140339447582
11142310,15116.966644950382,15045.167446,0.9952504228767107,795.6298234184414
11144587,15116.572539614644,15045.56087,0.995302396133214,795.6090810323494
11144593,15113.025727383969,15049.102474,0.9957703206136846,795.4224067044197
11146106,15083.048260339263,15079.102474,0.9997383959614027,793.8446452810131
11146475,15183.261142956646,14979.873674,0.9866044937881481,799.1190075240338
11146690,15178.210140578562,14984.873674,0.9872622354817924,798.8531652936072
11147338,15055.276352131454,15107.600771,1.0034754871079559,792.3829659016556
11147340,15105.837360629068,15057.185055,0.9967792380873984,795.0440716120556
11147429,15066.646253368728,15096.469405,1.0019794154007302,792.9813817562499
11152459,15051.646253368728,15111.559345,1.0039805009115108,792.1919080720363
11153335,15039.243385380707,15124.059352,1.0056396431951984,791.539125546351
11153792,15058.786327391033,15104.490507,1.003035050675089,792.5677014416324
11153949,15049.140499584946,15114.200943,1.0043231999473223,792.0600262939461
11153951,15001.152455356229,15162.69611,1.0107687496093736,789.5343397555935
11154066,15026.152455356229,15137.54449,1.0074132107320704,790.8501292292749
11154162,15026.541839328733,15137.153407,1.0073610794056265,790.8706231225642
11154476,15089.712916709654,15073.973042,0.9989569135743978,794.1954166689302
11155087,15062.728075774463,15101.059287,1.0025447721709313,792.7751618828661
11155221,15065.132785189162,15098.656074,1.002225223586731,792.9017255362705
11155376,15118.682785189163,15045.336879,0.9951486576422508,795.7201465889029
11155573,15067.804404843258,15096.292261,1.0018906441437205,793.0423370970129
11156410,15133.804404843258,15030.652506,0.9931840073993393,796.5160213075396
11157324,14975.49639022008,15190.021691,1.0143250878094443,788.1840205379012
11157531,15161.577255785745,15004.144168,0.9896163120017301,797.9777503045134
11158133,15151.577255785745,15014.076661,0.990924997941502,797.4514345150401
11159487,15060.746843102075,15104.898073,1.0029315431935666,792.6708864790562
11159635,15085.746843102075,15079.941307,0.9996151641571043,793.9866759527413
11161511,15081.93588984931,15083.763222,1.0001211603181472,793.7860994657531
11162260,15067.431174342313,15098.327352,1.0020505272133116,793.022693386436
11163979,15037.641394083148,15128.327352,1.0060305971887675,791.454810214902
11164042,15030.87733188053,15135.155753,1.0069376137411683,791.0988069410796
11164123,15065.996082113204,15099.981386,1.0022557621614638,792.9471622164856
11165798,15066.011720874167,15099.965759,1.00225368456861,792.9479853091689
11166653,14958.25404563028,15209.071628,1.0167678381183125,787.2765287173825
11166863,15077.48117884021,15089.161885,1.0007747120371924,793.5516409915926
11167835,15110.48117884021,15056.30709,0.9964148005481075,795.2884830968524
11170076,15108.928473937769,15057.859043,0.9966199170890337,795.2067617861994
11172749,15096.4340476862,15070.359043,0.998272770602393,794.5491604045365
11173266,15080.748454444798,15086.080996,1.0003535992640757,793.7236028655152
11174351,15255.41241603391,14913.868024,0.9776115923503361,802.916442949152
11174740,15152.753286768855,15015.212752,0.99092306644437,797.5133308825698
11174890,15142.753286768855,15025.158364,0.9922342442921788,796.9870150930965
11176725,14728.253206070785,15449.286689,1.0489558043877203,775.1712213721476
11176728,14970.871964153042,15199.653696,1.0152817906929377,787.9406296922662
11176893,14992.943662341922,15177.344722,1.0122991897929452,789.102298017995
11176903,15018.478994345249,15151.616562,1.0088649168604145,790.446262860276
11178640,15112.210734988224,15057.920597,0.9964075317013328,795.379512367801
11178702,15108.363089818115,15061.766935,0.9969158700687094,795.1770047272676
11183779,15160.242218234182,15010.378893,0.9901147143246872,797.9074851702208
11184743,15074.181718762487,15096.332996,1.0014694845564944,793.3779851980253
11186594,15064.181718762487,15106.384494,1.0028015312099527,792.851669408552
11187040,15035.556158681427,15135.231442,1.0066293047138812,791.3450609832344
11187797,15050.556158681427,15120.19226,1.0046268124967863,792.1345346674461
11188217,15061.056158681427,15130.740841,1.0046268124615156,792.6871662463891
11188853,15062.090408469508,15129.704994,1.0044890572089828,792.7416004457646
11190137,15064.090408469508,15127.702308,1.0042227507805401,792.8468636036596
11190395,15087.33100893907,15104.469321,1.00113594061473,794.0700531020575
11195262,15135.991364557536,15056.055515,0.9947188229939986,796.6311244503977
11197194,15122.15251617516,15069.875335,0.9965430066176596,795.9027640092208
11197304,14975.703908956162,15217.688291,1.016158464638121,788.1949425766397
11197484,15054.866083514857,15137.908754,1.0055160019374783,792.361372816571
11197879,15085.866083514857,15106.894941,1.0013939443296611,793.9929517639412
11198958,15112.342419514856,15080.507411,0.99789344314527,795.3864431323618
11200560,15121.342419514856,15071.558627,0.9967077134335237,795.8601273428885
11205961,15131.423220640574,15061.547812,0.9953820993820821,796.3906958231892
11206324,15156.509260751567,15086.518007,0.995382099364211,797.7110137237669
11206596,15057.00479332062,15186.518007,1.0086015256989778,792.4739364905599
11207230,15123.00479332062,15120.438789,0.9998303244391119,795.9476207010848
11208431,15142.00479332062,15101.522698,0.9973265035988843,796.9476207010848
11212678,15168.636177286206,15075.088546,0.9938328251668213,798.3492724887456
11214688,15158.623579706084,15085.075934,0.9951481316678021,797.8222936687416
11215070,15153.623579706084,15090.068294,0.9958059347738322,797.5591357740032
11218530,15152.623579706084,15091.067163,0.9959375736893163,797.5065041950566
11220063,15175.923579706085,15067.966849,0.9928863156078059,798.7328199845324
11226120,15127.345621192502,15116.499725,0.9992830271440808,796.176085325922
11226368,15479.476497773396,14773.634155,0.9544014073812557,814.709289356495
11226369,15227.612866627956,15018.724281,0.9862822500507782,801.453308769891
11228306,14927.612866627956,15321.463564,1.026384037480804,785.6638350856811
11228404,14956.930103795545,15291.521721,1.022370340362796,787.2068475681863
11228887,15256.930103795545,14991.725895,0.9826174592797297,802.9963212523962
11229031,15127.843659551156,15120.035771,0.9994838730008804,796.202297871112
11234872,15171.071319138457,15077.082409,0.9938047282119168,798.4774378493948
11239372,15168.062270502893,15080.082409,0.9941996637451849,798.3190668685729
11240298,15125.18566673464,15122.959787,0.9998528362042169,796.0624035123492
11242832,15129.518923891248,15118.641399,0.9992810396056896,796.2904696784881
11250944,15254.518923891248,14995.123443,0.9829954990920763,802.869417046908
11251347,15253.232674347055,14996.391732,0.9831615403875003,802.8017197024765
11251424,15235.90012385667,15013.503149,0.9854030957771615,801.8894802029827
11251919,15173.850318257533,15075.08199,0.9934908855573267,798.6237009609231
11257479,15123.839089191166,15125.08199,1.000082181567888,795.9915310100605
11263804,15098.83235964739,15150.207571,1.003402594990717,794.6753873498619
11263956,15153.989004423875,15095.229518,0.99612250699095,797.5783686538889
11265056,15140.674493179717,15108.544009,0.9978778696950265,796.8776049041953
11267099,15094.780213772703,15154.618359,1.003964161410757,794.4621165143526
11269927,15193.246828621546,15056.694839,0.991012323359066,799.64456992745
11279886,15104.030156836809,15145.899524,1.0027720659140924,794.948955622991
11280608,15152.320004044637,15097.774487,0.9964001870980763,797.4905265286652
11282758,15102.320004044637,15147.909845,1.0030187309594256,794.8589475812969
11283616,15104.230062907798,15146.000009,1.0027654468925746,794.9594769951491
11287401,15120.928093827799,15129.324414,1.0005552780966949,795.8383207277802
11287963,15144.3261370724,15106.019566,0.997470566156217,797.0697966880216
11288407,15094.514105196204,15156.019566,1.0040746896770016,794.4481107997981
11288971,15245.797090357762,15006.07415,0.9842761294186858,802.4103731767245
11289356,15145.172921426398,15106.07415,0.9974184004613719,797.1143642856005
11294722,15215.14628072924,15036.809866,0.9882790206916964,800.7971726699598
11296931,15135.14628072924,15116.529247,0.9987699468915644,796.5866463541697
11298758,15038.401609207185,15214.069147,1.0116812638974386,791.4948215372206
11299436,15257.260712117186,14996.474964,0.982907433186216,803.0137216903768
11299730,15096.674869051256,15156.474964,1.0039611434615536,794.561835213226
11303366,15156.744063918195,15096.586328,0.9960309591780068,797.7233717851668
11306138,15034.03375841932,15220.177973,1.0123815216575816,791.2649346536473
11306179,15156.744063918195,15097.320789,0.9960794168808552,797.7233717851686
11306323,15103.077861646874,15151.127956,1.0031814769673635,794.898834823518
11306378,15092.13665112641,15162.144984,1.0046387290608296,794.32298163823
11308188,15133.134908572363,15121.191031,0.9992107466401031,796.4807846617041
11310109,15042.328951993539,15212.747724,1.0113292810275816,791.7015237891337
11310182,15125.244068481412,15129.601738,1.0002881057323014,796.0654772884955
11311708,15022.848592288345,15233.035142,1.0139911248136755,790.6762416993879
11312108,15055.799079281645,15199.796561,1.0095642536779406,792.410477856929
11312574,15157.169235101645,15098.444249,0.9961255967264886,797.7457492158755
11317476,15207.169235101645,15048.950168,0.9895957581154263,800.3773281632439
11318151,15180.85720154121,15075.112061,0.9930343103068993,798.9924842916425
11322215,15130.822978086979,15125.112061,0.9996225640141815,796.3591041098425
11323501,15227.942695198828,15028.935722,0.9869314603303851,801.4706681683583
11325338,15127.588247209607,15128.935722,1.0000890739996602,796.1888551162956
11329571,15227.588247209607,15029.879681,0.9870164228898272,801.4520130110341
11329582,15028.210393489986,15229.879681,1.0134193814319619,790.9584417626284
11329600,15078.210393489986,15179.527747,1.0067194548202987,793.5900207100003
11329705,20567.992943160978,20706.198642,1.0067194547966323,1082.5259443768919
11331257,20579.30655983928,20694.849397,1.0056145155729497,1083.1213978862797
11332129,20543.83605482246,20659.179743,1.0056145156079779,1081.2545292011855
11332233,20893.83605482246,20314.131421,0.9722547533970594,1099.675581832762
11332270,20672.06759910992,20532.715716,0.9932589286271528,1088.0035578478892
11336722,26102.53714994014,25926.578084,0.9932589286271529,1373.8177447336893
11337000,83430.35763850331,82867.947643,0.993258928627153,4391.071454658071
11337023,83030.77404039177,83267.947643,1.0028564541924283,4370.0407389679895
11337461,85314.06583863412,81045.924047,0.9499714173779147,4490.213991507058
11337462,83876.04298670494,82439.606634,0.9828742951913858,4414.528578247628
11337505,83371.46775441656,82940.043429,0.9948252761161961,4387.971987074561
11338172,83251.20319025879,83060.219019,0.9977059289963374,4381.642273171514
11338638,82849.20319025879,83464.455618,1.0074261719370834,4360.484378434659
11338659,83186.20319025879,83127.33866,0.9992923762835507,4378.221220539941
11338898,83202.24046349678,83111.363884,0.9989077628319799,4379.065287552468
11339008,83265.15214404339,83048.756644,0.9974011276690032,4382.37642863387
11339013,83765.15214404339,82554.51118,0.9855472003207068,4408.692218107535
11339248,83178.0983435307,83138.917049,0.9995289469787001,4377.7946496595105
11339947,83376.98646489948,82941.190367,0.9947731848274111,4388.262445521017
11340622,83095.00779214487,83223.493979,1.0015462563909558,4373.421462744474
11340950,82295.6358046511,84034.311093,1.0211271870172565,4331.3492528763745
11340963,83088.6358046511,83234.668726,1.001757555891184,4373.0860949816415
11341004,83233.5817931036,83090.154934,0.9982768150064704,4380.714831215984
11341178,83147.11912569178,83176.818356,1.000357188927536,4376.1641645101045
11341360,83360.48040302798,82964.564206,0.9952505528385415,4387.393705422524
11341621,82373.82032929185,83961.290291,1.0192715350018027,4335.464227857461
11341661,82657.54028897114,83673.956869,1.0122967194096928,4350.396857314277
11341770,82986.826285061,83342.936484,1.0042911654160114,4367.727699213734
11341999,82992.82623732935,83336.929296,1.004146178341808,4368.043486175229
11342017,83172.34952607083,83157.589245,0.9998225337969296,4377.492080319513
11342635,83167.24989584427,83162.703626,0.9999453358160819,4377.223678728638
11342698,82891.13814065953,83440.55352,1.0066281558157417,4362.691481087342
11342921,82936.80324267784,83394.748805,1.0055216206125306,4365.094907509352
11343143,82964.57892150705,83366.912841,1.0048494661784952,4366.556785342473
11343197,83098.17223406342,83233.288918,1.0016259886385468,4373.588012319116
11343968,83017.17223406342,83314.74415,1.0035844622013574,4369.324854424383
11344374,83117.17223406342,83214.8068,1.001174661785433,4374.588012319116
11344722,83177.56886174293,83154.564273,0.9997234279739389,4377.766782196995
11344796,83277.56886174293,83055.011176,0.9973275194174747,4383.029940091728
11344832,83377.56886174293,82955.696522,0.9949402177887618,4388.293097986476
11346122,82839.18262117385,83496.462304,1.0079344057006443,4359.9569800617755
11346459,82989.18262117385,83345.997349,1.0042995329819662,4367.851716903882
11347345,83272.76202414067,83063.017144,0.9974812306564316,4382.776948638988
11348080,84193.62871283783,82157.212285,0.9758127015194522,4431.243616465144
11348083,83552.09801274729,82789.930913,0.990877941812652,4397.478842776167
11348271,83363.59186217876,82977.703188,0.9953710167045497,4387.557466430459
11348283,84680.83804458145,81690.762191,0.9646900535867715,4456.886212872705
11348284,83927.60070154241,82426.130356,0.9821099336452874,4417.242142186442
11348382,83573.60070154241,82776.320487,0.990460142822018,4398.610563239083
11348772,82825.40728184664,83526.320487,1.0084625385875645,4359.2319622024515
11349058,83284.7555172443,83067.014368,0.99738558217657,4383.408185118125
11349189,83506.22826489765,82847.365667,0.9921100184790096,4395.064645520921
11350227,86530.08645010101,85847.365667,0.9921100184790096,4554.215076321096
11350317,86546.94134755101,85830.697158,0.9917242114117615,4555.102176186891
11350324,86646.94134755101,85731.936025,0.9894398427882086,4560.365334081638
11350786,86304.69021967408,86072.938839,0.9973147301718573,4542.352116824943
11353181,86249.27645122852,86128.405714,0.9985985883916734,4539.435602696234
11353689,86701.35810511699,85680.65185,0.9882273325652006,4563.2293739535235
11353840,86431.68509934779,85948.785981,0.9944129387528112,4549.036057860401
11354769,86091.53505239557,86289.393846,1.002298237492037,4531.133423810286
11355072,86219.53505239557,86161.673878,0.9993289087634211,4537.870265915568
11355096,86419.53505239557,85962.867474,0.9947156904035795,4548.396581705034
11355810,86265.79600618714,86116.527635,0.9982696691145535,4540.3050529572065
11356993,86458.30345413797,85925.355146,0.9938357764743709,4550.437023902006
11358505,86646.94451301293,85738.845069,0.9895195445250058,4560.365500684886
11358550,86388.5121834747,85996.105693,0.9954576542579957,4546.763799130247
11360097,86378.49785065542,86006.105693,0.9956888326733898,4546.236728981865
11361217,86083.25503821638,86301.971501,1.002540755024732,4530.697633590331
11361711,86380.65304816663,86600.125126,1.002540755019657,4546.350160429807
11361779,83372.40971874751,83584.238588,1.0025407550287568,4388.0215641445975
11361850,83820.51334265598,83138.731464,0.9918661691336955,4411.605965402952
11362739,82119.20575936038,84866.343945,1.0334530535242845,4322.063461018974
11362740,82925.2199128164,84043.913174,1.0134903864271898,4364.485258569286
11362828,83170.49838427072,83796.800288,1.0075303372697804,4377.394651803726
11362906,83370.49838427072,83596.379246,1.0027093620178227,4387.920967593178
11363012,83470.49838427072,83496.528531,1.0003118484642257,4393.1841254879255
11365892,83476.1511998504,83490.891297,1.0001765785429457,4393.481642097395
11367562,83676.1511998504,83291.931345,0.9954082513435312,4404.007957886861
11368023,83611.11876232275,83356.910457,0.9969596351647277,4400.585198016983
11368078,83561.11876232275,83406.93835,0.9981548785534898,4397.953619069609
11368808,83662.11876232275,83306.548126,0.9957499207337446,4403.269408543289
11369151,83642.06068775579,83326.585855,0.9962282752222773,4402.21372040821
11369404,83476.13886166949,83492.70879,1.0001984989789474,4393.480992719444
11369901,83826.13886166949,83145.142434,0.9918760849907058,4411.902045351031
11370016,83321.66197039065,83650.065344,1.0039413925003806,4385.350630020563
11370239,83821.66197039065,83152.576953,0.992017755295439,4411.666419494257
11371450,83763.45221204277,83210.536073,0.9933990765131898,4408.60274800226
11371503,83683.40931364606,83290.36616,0.9953032129442417,4404.389963876121
11373895,83589.5959287785,83384.124993,0.9975419077757768,4399.452417304128
11374090,83539.65294862684,83434.124993,0.9987367920274731,4396.823839401404
11374434,83251.15700017074,83724.124993,1.0056812182541595,4381.639842114251
11374620,83717.98738637219,83258.65319,0.9945133153493969,4406.209862440635
11375312,83713.87075674014,83262.759754,0.9946112753040532,4405.993197723161
11376152,83743.87075674014,83233.021556,0.9938998616122718,4407.572145091588
11376532,83673.96586981487,83302.767296,0.9955637506845032,4403.892940516569
11376561,83593.02393622631,83383.670889,0.9974955679628719,4399.632838748745
11376762,83491.45802706818,83485.410897,0.9999275718712899,4394.287264582541
11377653,83622.71655766819,83354.760403,0.9967956535532614,4401.195608298323
11377739,83761.52698295216,83217.0378,0.9934995313174869,4408.501420155386
11377880,83596.2723050748,83382.0378,0.9974372720317842,4399.80380553026
11379953,83586.2778840641,83392.0378,0.9976761725850084,4399.277783371799
11380279,83581.28606788367,83397.0333,0.997795526049527,4399.0150562044
11381219,83748.75606788367,83230.765933,0.9938149512995297,4407.8292667307105
11381694,83240.22826101535,83740.765933,1.0060131703437325,4381.064645316583
11381698,83340.22826101535,83640.586409,1.0036039995840178,4386.32780321133
11381776,83399.46375836949,83581.357746,1.0021809970883926,4389.445460966817
11382333,83792.36233942254,83190.618787,0.992818634829926,4410.124333653817
11382666,83464.9076523703,83517.979449,1.0006358576091734,4392.889876440531
11383211,83964.9076523703,83022.124006,0.9887716943574381,4419.205665914225
11383339,83958.70361571046,83028.277295,0.9889180480326479,4418.879137668962
11383437,83933.70361571046,83053.082025,0.9895081290021184,4417.563348195297
11383657,83815.88746365269,83170.177222,0.9922960877562418,4411.362498086994
11383801,83810.88746365269,83175.153929,0.9924146664724389,4411.099340192246
11383947,83769.68040388863,83216.191649,0.9933927316874073,4408.930547573094
11383964,83406.17129791345,83579.964084,1.0020836921702807,4389.798489363879
11384289,83558.17141085787,83428.379621,0.9984466894420213,4397.798495308307
11384521,83193.22512656797,83795.458702,1.0072389737808074,4378.590796135162
11384647,83492.35662544346,83496.138702,1.000045298476524,4394.334559233874
11384824,83403.75662544346,83585.103735,1.0021743278347874,4389.671401339132
11385873,83569.72787414686,83419.598969,0.9982035491922033,4398.406730218252
11386740,83420.17683817528,83569.598969,1.0017911989219896,4390.535623061864
11387694,83825.238187449,83166.978565,0.9921472382699706,4411.85464144469
11387875,83326.44847357518,83666.311696,1.004078695644068,4385.602551240809
11388071,83826.44847357518,83168.755096,0.9921541066149008,4411.918340714474
11388182,78292.93007110812,77678.652089,0.9921541066153711,4120.680530058322
11388275,20898.40728828631,20734.440613,0.9921541066252347,1099.9161730677006
11389108,20998.40728828631,20635.992515,0.982740844659753,1105.1793309624372
11389296,20748.40728828631,20885.386198,1.006601899982512,1092.0214362255974
11389767,20838.5420347548,20795.318676,0.9979257973670753,1096.765370250254
11390003,20843.76009250603,20790.12836,0.9974269646038906,1097.0400048687407
11393228,20833.76009250603,20800.137445,0.998386145978607,1096.5136890792637
11394068,20891.596646065693,20742.726362,0.9928741547815721,1099.557718213986
11396350,20692.677763655338,20942.726362,1.0120839168908264,1089.0883033502796
11396369,20822.677763655338,20812.366683,0.9995048148575139,1095.9304086134398
11397050,20859.677763655338,20775.561154,0.9959675019619959,1097.8777770344896
11405758,20858.68236626915,20776.555568,0.9960627044015993,1097.8253876983763
11406134,20856.68236626915,20778.55388,0.9962540309672883,1097.7201245404794
11407022,2873.010260579481,2862.248054,0.9962540312761327,151.2110663462886
11408678,2863.0375106839474,2872.248054,1.003217052966188,150.68618477283917
11416125,2850.1982064538274,2885.225619,1.0122894655069457,150.0104319186221
11417333,2858.6982064538274,2876.672404,1.0062875463753376,150.45780033967458
11419310,2867.1012311468694,2868.266548,1.000406444265194,150.90006479720387
11421318,2899.8849782488246,2835.936436,0.977947903889815,152.62552517099084
11421593,2899.8265539486897,2835.993745,0.9779873700164003,152.62245020782575
11421795,2882.406970517654,2853.184406,0.989861749289204,151.70563002724475
11431715,2882.306252900941,2853.284406,0.9899310328762839,151.7003291000492
11432482,2877.279331141729,2858.284406,0.9933983034124839,151.4357542706175
11433911,2873.268348294566,2862.286478,0.9961779169352267,151.22464991024026
11443827,2873.228348294566,2862.326446,0.9962056958330385,151.2225446470825
11472584,2574.7850893023256,2565.015572,0.9962056960237513,135.51500470012206
11479554,2570.7850893023256,2569.018605,0.9993128619309035,135.30447838433292
11492030,2584.7950893023253,2555.135664,0.988525424926302,136.04184680538583
11497485,2566.7950893023253,2573.107818,1.0024593816327545,135.0944783843329
11504747,2587.1119780470776,2552.961052,0.9867995949395059,136.1637883182675
11508787,2580.937383030738,2559.087095,0.9915339720465903,135.83880963319643
11515130,2571.937383030738,2568.069074,0.9984959552062734,135.3651254226702
11521059,2546.9819664589104,2593.306816,1.018188134094053,134.05168244520564
11525227,2566.0719664589105,2574.071654,1.0031174837049206,135.0564192873112
11528137,2600.160523165376,2540.425044,0.9770262340985566,136.85055385080932
11529281,2598.578927013506,2541.975898,0.9782176987486931,136.76731194807917
11529436,2565.4129743300605,2574.937739,1.0037127607777951,135.021735491056
11538969,2574.5381050076903,2565.838475,0.9966208967772632,135.5020055267205
11540648,2558.282681276287,2582.190966,1.0093454429014803,134.64645690927819
11540791,2562.451635713737,2578.00248,1.0060687367010273,134.86587556388076
11550150,2573.4287613937367,2567.038695,0.9975169056592513,135.44361902072296
11555615,2573.1699613937367,2567.297656,0.997717871154319,135.4299979680918
11563777,2563.702073160571,2576.807352,1.0051118571758504,134.93168806108315
11566968,2537.196869933512,2603.807352,1.0262535725374096,133.53667736492162
11567110,2587.196869933512,2553.634394,0.9870274750547396,136.1682563122904
11567124,2612.196869933512,2529.267485,0.9682530111386195,137.48404578597456
11567140,2652.196869933512,2491.234204,0.9393096840742643,139.58930894386913
11567256,2576.362105224308,2564.783893,0.9955059841158082,135.59800553812147
11567612,2569.058145559392,2572.097642,1.001183117029041,135.2135866083895
11571844,2566.9813951804986,2574.184793,1.0028061745336472,135.10428395686813
11574933,2569.9138775757483,2571.25624,1.000522337513317,135.25862513556558
11578583,2570.9138775757483,2570.259107,0.9997453160211007,135.3112567145131
11589351,2556.0088389027846,2585.292344,1.0114567307638052,134.5267809948832
11604445,2559.9484058550315,2581.325693,1.0083506710901184,134.73412662394912
11611172,2585.486994854334,2555.903948,0.9885580368753699,136.07826288706974
11620354,2482.0438241838197,2662.745884,1.0728037345898198,130.63388548335888
11620705,2501.0438241838197,2642.577687,1.0565899171568367,131.63388548335888
11620882,2566.1355043237936,2575.743008,1.0037439580489877,135.0597633854627
11647080,2666.2016043237936,2479.3511,0.9299188388377018,140.32640022756823
11649031,2611.922064526482,2531.030661,0.9690299321617979,137.46958234349904
11651039,2676.7513286466096,2469.910121,0.9227267750152979,140.88164887613766
11655037,2675.6789551148654,2470.903004,0.9234676676275332,140.82520816394026
11655404,2665.9974761919193,2479.903004,0.9301970561285997,140.31565664167965
11655462,2644.535757377429,2500.089205,0.9453792402033256,139.18609249354904
11655519,2592.1978389989777,2550.719289,0.9839986943222685,136.43146521047265
11655863,2556.754359369095,2586.185505,1.0115111354061277,134.56601891416312
11658655,2547.914145246367,2595.185505,1.0185529641341435,134.1007444866509
11671486,2550.2318150050205,2592.834051,1.0167052405762946,134.22272710552716
11677297,2556.207603445332,2586.790781,1.0119642776719102,134.5372422865962
11681684,2562.247332559113,2580.711448,1.0072062190118256,134.85512276626878
11682436,2563.0745317220167,2579.881055,1.0065571730630445,134.89865956431686
11683244,2561.095051496451,2581.881055,1.0081160609370603,134.7944763945502
11683845,2463.1869922124315,2684.815833,1.0899764579336715,129.64142064275984
11684876,2554.064771253455,2589.562141,1.013898382745056,134.42446164491867
11700685,2656.032571253455,2490.43304,0.9376515434916884,139.79118796070816
11702764,2556.032571253455,2588.159762,1.0125691632837017,134.5280300659715
11702911,2609.4799648612493,2535.304834,0.9715747459800124,137.34105078217135
11704666,2608.281258591545,2536.473508,0.9724693223343863,137.2779609785025
11707347,3877.556048707311,3770.804303,0.9724693223343864,204.08189730038475
11708426,3876.556048707311,3771.779951,0.9729718604888351,204.0292657214377
11709336,3802.9710870767462,3844.980988,1.0110466001348293,200.15637300403887
11712774,2558.1108535348394,2586.369282,1.0110466004341105,134.637413343939
11724676,2563.6108535348394,2580.837067,1.006719511832854,134.92688702814985
11727913,2570.241794325436,2574.198716,1.0015395133964828,135.2758839118651
11773079,2546.135838140119,2598.643697,1.0206225677645842,134.0071493757955
11774387,2559.8664186685473,2584.746716,1.0097193733040155,134.72981150887108
11780864,2559.7365550945287,2584.878243,1.0098219826002925,134.72297658392245
11781037,2558.453704787844,2586.178243,1.0108364431845192,134.6554581467285
11785926,2561.721286007494,2582.88935,1.0082632189958092,134.8274361056574
11790301,2578.181286007494,2566.448448,0.9954491803694445,135.6937518951313
11799209,2553.181286007494,2591.653973,1.0150685292906354,134.37796242144714
11803966,2570.000065936251,2574.744034,1.0018459019229717,135.26316136506557
11827275,2365.8720462109854,2797.562034,1.1824654839133752,124.51958137952579
11830266,2665.8720462109854,2483.580953,0.9316204641291481,140.3090550637362
11831097,2563.86477108523,2582.691345,1.0073430448154257,134.94025110974917
11832647,2598.58023003515,2548.290283,0.980647144754707,136.76738052816563
11840400,2548.7217888590344,2598.290283,1.0194483738310078,134.1432520452122
11849175,2576.111236492148,2570.747023,0.9979177089031869,135.58480192063917
11870238,2575.953289571173,2570.905125,0.9980402732488937,135.57648892479892
11920397,131537.95328884595,131280.174843,0.9980402732488933,6923.050173097145
11928664,131535.95328884595,131282.176961,0.9980706694899707,6922.944909939251
11930656,131236.95631498046,131582.176961,1.0026305139627818,6907.208227104216
11932856,2570.0587615996374,2576.819338,1.0026305143296235,135.26625061050754
11967281,2546.4131097714026,2600.819338,1.0213658294562744,134.0217426195477
11976570,2577.4131097714026,2569.630538,0.9969804717210844,135.65332156691602
12045581,2579.0145921053568,2574.527185,0.9982600303545807,135.73761011080842
12131787,2569.0975746769036,2584.495065,1.005993345863881,135.21566182510014
12214396,2563.65828388851,2589.995065,1.0102731246504284,134.92938336255338
12221036,2428.3839868270175,2734.706118,1.126142378155454,127.80968351721094
12228549,2568.3839868270175,2586.062959,1.0068833057142763,135.17810456984353
12355282,2589.0602289339245,2565.472117,0.9908893150996192,136.2663278386276
12382716,27818.92154546918,27565.472117,0.9908893150996194,1464.1537655510074
12382729,51818.92154507472,51346.815679,0.9908893150996193,2727.3116602670925
12385561,2589.060228933925,2565.472118,0.9908893154858597,136.2663278386276
12483825,2587.960228933925,2566.565841,0.9917331079145919,136.20843310178543
12494077,2575.9728088810125,2578.545424,1.0009986965351956,135.57751625689525
12623998,2576.232040858148,2578.286738,1.000797559035547,135.59116004516545
12641055,2587.7559075593363,2566.839332,0.9919170987115767,136.19767934522815
12643025,2583.590802529357,2570.989883,0.9951227107957574,135.97846329101867
12653035,2584.590802529357,2569.998129,0.9943539714236095,136.03109486996618
12653047,2585.590802529357,2569.007141,0.99358612294214,136.0837264489137
12681612,2598.839194398751,2555.949917,0.9834967559781345,136.7810102315134
12691817,2578.721543720315,2575.949917,0.9989251934831567,135.72218651159528
12699239,2529.7653120888785,2625.949917,1.0380211573190161,133.14554274151988
12699965,2562.8077213842216,2592.193677,1.0114663130482167,134.88461691495922
12704303,2573.2493758181067,2581.706579,1.0032865851484778,135.43417767463689
12752736,2583.2493758181067,2571.742418,0.995545548979582,135.9604934641111
12756468,2573.2734404283474,2581.742418,1.003291130059712,135.43544423307094
12756718,2563.3743729149587,2591.742418,1.011066680460249,134.91444067973453
12760878,2573.2868729149586,2581.788662,1.0033038636984188,135.43615120605045
12856908,2573.371522154854,2581.703991,1.0032379579759119,135.4406064292025
12859794,2561.604536007779,2593.598991,1.0124900055970714,134.82129136883032
12871371,2457.533420601148,2703.762674,1.1001936540657993,129.3438642421661
12871560,2586.3239328685786,2569.507955,0.9934981161273455,136.122312256241
12875691,2595.1306601939636,2560.814251,0.9867766160215613,136.58582422073505
12875910,2587.7789462247297,2568.111251,0.9923997777115303,136.19889190656477
12902200,2593.53627567463,2562.427427,0.9880052386517949,136.50190924603294
12903680,2560.856906664682,2595.225231,1.01342063441572,134.78194245603572
12975595,2742.782518125732,2423.569183,0.8836169718101219,144.35697463819633
12977109,2441.4729590013008,2723.569183,1.115543456239668,128.49857678954186
12982279,2581.9950159313494,2575.762741,0.9975862560179647,135.8944745227027
13060875,2578.7913360900434,2578.972287,1.0000701688839357,135.72585979421274
13192156,2666.4313360900433,2494.452845,0.935502373992414,140.3384913731602
13224484,2606.4313360900433,2552.047888,0.9791349009133596,137.1805966363181
13228590,2536.0752013465726,2623.060176,1.0342990517817614,133.47764217613576
13243610,2614.9598316027486,2544.161432,0.972925626333864,137.62946482119742
13289366,2630.199831602749,2529.463928,0.961700285129528,138.43157008435537
13290308,2519.987965093657,2640.423104,1.0477919500309467,132.6309455312453
13344431,2573.4432277382384,2585.737676,1.0047774313142968,135.44438040727573
13388869,2448.325667207905,2718.275058,1.1102587757861266,128.85924564252082
13431139,2600.615678397905,2559.54482,0.9842072557129217,136.87450938936308
13452149,2721.2514599349015,2446.403009,0.8989992453907673,143.22376104920522
13457855,2635.7462967761358,2526.004569,0.9583640777906568,138.72348930400722
13465710,2652.964675920446,2509.659057,0.9459828394169152,139.6297197852864
13512340,2571.1471695203822,2589.760229,1.0072392042354736,135.32353523791426
13551880,2453.0986285181434,2714.760229,1.106665748143979,129.11045413253396
13566538,2533.0986285181434,2629.272128,1.0379667409705708,133.32098044832355
13574679,2531.179020838967,2631.272128,1.0395440647765233,133.21994846520874
13725197,2561.179020838967,2600.542486,1.0153692751817631,134.79889583363
13725716,2423.2198797672745,2749.042486,1.1344585396286933,127.53788840880406
13726921,2443.1598797672746,2726.672768,1.1160435264923112,128.58736209301424
13739527,2592.1598797672746,2570.384075,0.9915993589217847,136.42946735617215
13770869,2767.1598797672746,2408.285432,0.870309464085806,145.63999367196175
13781530,2377.4096292127742,2804.285432,1.1795550070723724,125.12682259014628
13783000,2462.462553711649,2707.70659,1.0995930012899877,129.60329230061325
13783584,2612.462553711649,2552.677657,0.977115500994757,137.49802914271822
13833309,2515.2083587101797,2651.677657,1.0542576513859088,132.37938730053565
13893600,2590.696692490615,2574.637507,0.9938012097142964,136.35245749950582
13999316,2580.7032037484455,2584.637507,1.0015245082215731,135.82648440781304
13999326,2494.115815191624,2674.637507,1.072379033366783,131.26925343113817
14037993,2594.115815191624,2571.830917,0.9914094436103743,136.53241132587482
14714752,2564.3591679147694,2601.764298,1.0145865409780515,134.96627199551403
14768816,2595.3802949147694,2570.759048,0.9905134338258594,136.59896289025073
14782385,2576.3726465002605,2589.782351,1.0052048776864462,135.59856034211862
14840845,2576.708646500261,2589.44566,1.0049431329836374,135.61624455264564
14850363,2626.708646500261,2540.300036,0.9671038466274557,138.2478235000135
14865059,2576.568403566305,2589.883243,1.0051676638645672,135.60886334559518
14940977,2606.568403566305,2560.163677,0.9821970041136024,137.187810714016
14947639,2571.7857624120998,2596.370538,1.0095594181860787,135.35714539011042
14950684,2636.7857624120998,2532.554115,0.9604701872643798,138.77819802168915
14968260,2236.7857624120998,2986.808552,1.3353127519817063,117.72556644274209
14968261,2559.6160718090014,2611.086769,1.0201087568397014,134.71663535836842
14968268,2159.6160718090014,3096.162545,1.4336634114815143,113.66400377942136
14968269,2194.6805554791276,3049.642395,1.3895609488070682,115.50950291995377
14968272,2584.1717452170533,2591.166238,1.0027066671539506,136.0090392219504
14975865,2184.1717452170533,3067.129383,1.4042528430818073,114.95640764300288
14975867,2585.225416060214,2592.527827,1.0028246708756696,136.0644955821167
14986172,2185.225416060214,3068.511457,1.4042082040818837,115.0118640031692
14986174,2586.4915951175867,2593.672255,1.0027762162057545,136.13113658513612
14986183,2186.4915951175867,3069.59024,1.4038884242017502,115.07850500618906
14986184,2564.0167181441107,2618.781376,1.021358931659201,134.94824832337463
14986206,2244.0167181441107,2993.347051,1.333923685504275,118.10614306021671
14986208,2588.5740056419413,2595.952234,1.0028503061307026,136.24073713904954
14986216,2523.5764146178044,2664.612213,1.0558872707659044,132.81981129567384
14986256,2343.5764146178044,2869.885409,1.2245751369997582,123.3461270851476
14986257,2541.940078080506,2646.549678,1.0411534484315963,133.78631989897394
14987782,2611.1799536123376,2576.576882,0.9867481091969676,137.43052387433363
15013894,2597.119540275918,2590.568054,0.9974774028787207,136.69050211978538
15023031,2589.973785180271,2600.102508,1.0039107433741936,136.31440974633006
15023036,2405.8081910711376,2799.740325,1.163742120170217,126.62148374058643
15023038,2591.576870189878,2599.609167,1.0030993858999575,136.39878264157232
15064761,2541.5394163631136,2650.943894,1.0430465397988757,133.76523244016425
15067881,2602.393103553111,2589.136539,0.9949060099586756,136.96805808174258
15129743,2574.9872666591523,2616.775886,1.0162286702858399,135.52564561363988
15129812,2616.7140148887524,2575.171345,0.9841241076967602,137.72179025730247
15129846,2577.550872664421,2614.416067,1.0143024119238706,135.66057224549604
15129849,2612.570503491021,2579.475426,0.9873323696157489,137.50371071005384
15130117,2559.286862446189,2633.340984,1.028935451762148,134.6993085497993
15130130,2612.007198402589,2580.346295,0.9878787074469199,137.47406307382062
15133282,2528.149260585276,2666.193133,1.0546027382824568,133.06048739922517
15133467,2588.6132397837287,2604.099546,1.0059824719963053,136.24280209388053
15162077,2608.6132397837287,2584.193591,0.9906388389005674,137.29543367282804
15166188,2579.378703177951,2613.570831,1.0132559549243088,135.75677385147083
15166231,2606.832055981751,2586.128217,0.9920578546921566,137.20168715693444
15190317,2604.823641121941,2588.128217,0.9935905740955461,137.09598111168134
15211293,2649.6762776861424,2544.446655,0.96028585696588,139.45664619400713
15211750,2605.944073504561,2587.275316,0.9928360866626526,137.15495123708206
15224924,2565.8164105825376,2627.860337,1.0241809687402288,135.0429689780285
15225209,2621.6737227169374,2572.035613,0.9810662519569767,137.98282751141778
15244151,2621.6727064760753,2572.036613,0.9810670136842544,137.98277402505664
15244157,2620.6568597824485,2573.036613,0.9818288889654934,137.92930840960253
15245298,2581.762287674992,2611.916371,1.01167965132536,135.88222566710465
15246899,2619.362593145896,2574.533825,0.9828856194773493,137.8611891129417
15252440,2529.362593145896,2666.416761,1.0541852592528629,133.1243470076788
15252628,2588.7741649305185,2605.402696,1.0064233223951105,136.2512718384487
15282968,2570.9564802441246,2623.513438,1.020442569977258,135.3134989602172
15283011,2588.7741649305185,2605.510453,1.0064649471152036,136.2512718384487
15289755,2617.4441649305186,2577.055851,0.9845695604622036,137.76021920686935
15347920,2594.557143987388,2601.702172,1.0027538526292126,136.55563915723087
15357878,2598.752418907903,2597.514715,0.999523731503279,136.77644310041615
15358065,2603.790356072959,2592.503969,0.9956654010002628,137.0415976880504
15363429,2613.70813716513,2582.696048,0.9881348308465816,137.56358616658554
15402155,2616.70813716513,2579.743915,0.9858737695503266,137.72148090342807
15417167,2631.4486327041004,2565.336163,0.9748760173835647,138.49729645811067
15432273,2600.537215868988,2595.920915,0.9982248664465103,136.8703797825783
15440223,2595.8391011409144,2600.633315,1.0018468840603327,136.62311058636396
15463912,2614.435771572791,2582.189925,0.9876662311144127,137.60188271435754
15490492,2566.74680339296,2630.31018,1.0247641787351274,135.09193702068205
15495598,2599.0709653920303,2597.694423,0.9994703713710169,136.79320870484344
15501338,2612.1385494267565,2584.73789,0.9895102580095647,137.4809762856189
15502438,2607.014713496135,2589.833229,0.9934095176344081,137.21130071032303
15554604,2586.737223693602,2610.196077,1.0090688969453576,136.14406440492667
15591847,2583.776497649851,2613.196077,1.0113862709785109,135.9882367184132
15592604,2569.1605083291574,2628.107319,1.0229439968735852,135.21897412258704
15592650,2583.630337756644,2613.432303,1.0115349184470535,135.98054409245515
15614291,2607.5677373874128,2589.512382,0.993075786631145,137.2404072309164
15632770,2615.6636511997963,2581.521382,0.9869469955802095,137.66650795788382
15660072,2620.314784780589,2576.952831,0.9834516241970448,137.9113044621363
15670934,2619.3014004978495,2577.952831,0.9842138940215165,137.8579684472552
15688815,2597.24330012202,2599.91298,1.001027889792941,136.69701579589582
15694603,2591.3552011387956,2605.8383,1.0055890056503407,136.38711584940984
15701502,2592.3552011387956,2604.836115,1.00481450761675,136.4397474283578
15701794,2591.065952820212,2606.136115,1.0058162016923518,136.37189225369548
15734273,2605.5481980092077,2591.693818,0.994682738926191,137.1341156846952
15760836,2581.222703996481,2616.191485,1.0135473707671085,135.8538265261309
15763261,2605.061688128953,2592.32182,0.9951095714212806,137.10850990152358
15828012,2624.665668692953,2573.017075,0.9803218389644753,138.14029835226074
15838855,2623.648953129501,2574.01717,0.9810829177164498,138.08678700681594
15871064,2618.9030165680947,2578.695801,0.9846473064051131,137.83700087200486
15873539,2595.9403941404994,2601.574521,1.0021703606416457,136.62844179686817
15898526,2596.9403941404994,2600.575741,1.001399857643134,136.68107337581569
15913047,2597.7700486504996,2599.747682,1.000761281142081,136.7247394026581
15931705,2623.311330867256,2574.511021,0.9813974386901599,138.0690174140659
15963262,2596.6370023771738,2601.037637,1.0016947438624642,136.66510538827242
15971438,2603.444617590017,2594.256667,0.9964708484567181,137.02340092579016
15976473,2605.459293440747,2592.256667,0.9949327066924498,137.12943649688123
15990144,2616.394404969162,2581.454806,0.9866458975363946,137.7049686825876
15995253,2575.6099573843,2622.454806,1.0181878659388608,135.55841880969956
16003276,2590.0122470568576,2607.915619,1.0069124661335045,136.3164340556241
16015283,2595.9222470568575,2601.996086,1.0023397615048097,136.6274866872027
16019622,2616.024760958642,2582.060899,0.9870169952266827,137.68551373466562
16108368,2595.8713809528326,2602.167379,1.002425389059475,136.6248095238334
16122846,2606.637794947958,2591.451541,0.9941740068461405,137.19146289199807
16179672,2599.697847511333,2598.390291,0.9994970351986927,136.82620250059654
16228937,2579.899743636677,2618.390291,1.0149193965611494,135.78419703350892
16244606,2615.986373636677,2582.377369,0.9871524542423534,137.68349334929871
16277692,2582.4267123995933,2616.037369,1.0130151444139825,135.917195389452
16285521,2585.337862399593,2613.100478,1.0107384864485909,136.0704138105043
16333249,2598.547687898703,2599.856323,1.000503602495883,136.76566778414235
16336518,2573.8718032627794,2624.856323,1.0198084922771173,135.46693701382992
16383105,2673.8718032627794,2526.972969,0.9450613772569325,140.73009490856748
16383108,2603.553124205122,2595.428682,0.9968794789975326,137.02911180026922
16387647,2623.4770748813116,2575.77643,0.9818177771256226,138.077740783227
16421865,2643.4770748813116,2556.346662,0.9670394671816007,139.13037236217406
16431630,2557.375814333046,2642.67225,1.033353109538654,134.59872707015984
16464221,2574.3858144761607,2625.263093,1.019762880232539,135.49399023558726
16475133,2590.5060375322646,2608.975289,1.0071295921337937,136.34242302801385
16480268,2614.6936677306194,2584.912294,0.98860999508349,137.61545619634853
16498324,2617.9047298089235,2581.7512,0.9861898985867366,137.78445946362717
16512821,2567.3415250644266,2632.7512,1.0254775900662192,135.12323816128583
16519498,2568.3415250644266,2631.729196,1.0246803901727919,135.17586974023288
16536866,2570.3415250644266,2629.687571,1.0230887784198583,135.2811328981279
16536878,2571.3415250644266,2628.667947,1.0222943632251018,135.33376447707496
16561883,2583.446724519809,2616.387636,1.0127507608992068,135.97088023788456
16571658,2633.6456732840456,2566.664404,0.9745670915554396,138.6129301728447
16618967,2641.5122067594357,2559.043634,0.9687797873701266,139.0269582504966
16747057,2616.032140597967,2584.043634,0.9877721278337753,137.68590213673497
16747153,2641.5122067594357,2559.191969,0.9688359427040374,139.0269582504966
16765952,2643.5122067594357,2557.261568,0.9673727102379578,139.13222140839116
16801359,2633.2459662574443,2567.261568,0.974941802208008,138.59189296091836
16802292,2573.285599735045,2627.261568,1.0209755062829065,135.4360841965813
16803887,2624.285599735045,2576.353939,0.9817353489498689,138.1202947228967
16804526,2597.691670753247,2602.808787,1.0019698705217273,136.7206142501709
16805057,2412.8447308852374,2802.808787,1.161620037594251,126.99182794132821
16806865,2514.8249326633,2689.477564,1.069449220527544,132.35920698227937
16809019,2534.9515872108595,2668.18758,1.0525595808067232,133.4185045900449
16811267,2563.32646735438,2643.833985,1.031407438213952,134.91191933444088
16811276,2564.111839984471,2648.424323,1.032881749423239,134.95325473602452
16816787,2598.527385404174,2613.45177,1.0057434009276391,136.7645992317989
16822614,2587.668581099963,2624.45177,1.0142147990545225,136.19308321578728
16886364,3137.668581099963,2165.552025,0.6901787008495426,165.14045163683977
16886365,2610.599594020654,2604.08339,0.9975039435248596,137.3999786326658
