,index,blocknum,p0vs1,p1vs0,DAI-slippagemap_01,DAI-slippagemap_2,DAI-slippagemap_3,DAI-slippagemap_4,DAI-slippagemap_5,DAI-slippagemap_6,DAI-slippagemap_7,DAI-slippagemap_8,DAI-slippagemap_9,DAI-slippagemap_10,DAI-slippagemap_11,DAI-slippagemap_12,DAI-slippagemap_13,DAI-slippagemap_14,DAI-slippagemap_15,DAI-slippagemap_16,DAI-slippagemap_17,DAI-slippagemap_18,DAI-slippagemap_19,DAI-slippagemap_20,USDT-slippagemap_01,USDT-slippagemap_2,USDT-slippagemap_3,USDT-slippagemap_4,USDT-slippagemap_5,USDT-slippagemap_6,USDT-slippagemap_7,USDT-slippagemap_8,USDT-slippagemap_9,USDT-slippagemap_10,USDT-slippagemap_11,USDT-slippagemap_12,USDT-slippagemap_13,USDT-slippagemap_14,USDT-slippagemap_15,USDT-slippagemap_16,USDT-slippagemap_17,USDT-slippagemap_18,USDT-slippagemap_19,USDT-slippagemap_20
0,0,12814790.0,0.9999026535686368,1.0000973559086135,54.297841960160476,130.5618677014672,130.5618677014672,130.5618677014672,130.5618677014672,130.5618677014672,130.5618677014672,130.5618677014672,130.5618677014672,130.5618677014672,130.5618677014672,130.5618677014672,130.5618677014672,130.5618677014672,130.5618677014672,130.5618677014672,130.5618677014672,130.5618677014672,130.5618677014672,130.5618677014672,98.83117288238327,98.83117288238327,98.83117288238327,98.83117288238327,98.83117288238327,98.83117288238327,98.83117288238327,98.83117288238327,98.83117288238327,98.83117288238327,98.83117288238327,98.83117288238327,98.83117288238327,98.83117288238327,98.83117288238327,98.83117288238327,98.83117288238327,98.83117288238327,98.83117288238327,98.83117288238327
1,1,12857373.0,0.9999026535686368,1.0000973559086135,0.0,0.0,0.0,0.0,0.0,0.0,0.0,0.0,0.0,0.0,0.0,0.0,0.0,0.0,0.0,0.0,0.0,0.0,0.0,0.0,0.0,0.0,0.0,0.0,0.0,0.0,0.0,0.0,0.0,0.0,0.0,0.0,0.0,0.0,0.0,0.0,0.0,0.0,0.0,0.0
2,2,15356626.0,0.9999026535686368,1.0000973559086135,38.74647934623976,93.1678410720844,147.26364612933827,174.19009672371084,227.80126722053933,281.09174834081455,307.617323526591,360.4303663549034,412.92748809421056,439.058178455514,491.08496264370484,542.8005603097887,568.5422057848824,619.7944838795272,670.7401457914897,696.0985730365771,746.5878279050248,796.7750475952593,821.7560048105904,871.4935662266034,97.67873865160828,151.7422437069222,178.6525820121875,232.23172925429523,285.4904117645664,312.00016441235636,364.7816363316391,417.24740891075794,443.3624848569613,495.3582372573211,547.0429341224743,572.7692452089285,623.9908945740132,674.9061379574489,700.2494352639928,750.7085048734946,800.8658121894523,825.8318122588264,875.5396981616398,924.9502437831061
3,3,15358396.0,0.9999026535686368,1.0000973559086135,0.0,0.0,0.0,0.0,0.0,0.0,0.0,0.0,0.0,0.0,0.0,0.0,0.0,0.0,0.0,0.0,0.0,0.0,0.0,0.0,0.0,0.0,0.0,0.0,0.0,0.0,0.0,0.0,0.0,0.0,0.0,0.0,0.0,0.0,0.0,0.0,0.0,0.0,0.0,0.0
4,4,15365314.0,0.9999026535686368,1.0000973559086135,0.0,0.0,0.0,0.0,0.0,0.0,0.0,0.0,0.0,0.0,0.0,0.0,0.0,0.0,0.0,0.0,0.0,0.0,0.0,0.0,0.0,0.0,0.0,0.0,0.0,0.0,0.0,0.0,0.0,0.0,0.0,0.0,0.0,0.0,0.0,0.0,0.0,0.0,0.0,0.0
5,5,15577558.0,0.9999026535686368,1.0000973559086135,16.204990222862268,38.96570679794767,61.59026538602326,72.85174968035147,95.27361892875376,117.56136584399687,128.6551914971661,150.74325877741214,150.74325877741214,150.74325877741214,150.74325877741214,150.74325877741214,150.74325877741214,150.74325877741214,150.74325877741214,150.74325877741214,150.74325877741214,150.74325877741214,150.74325877741214,150.74325877741214,40.85230533298622,63.46335504943097,74.71810068022494,97.12657680134419,119.40102454275495,130.4882327153763,152.5630960534634,163.55096872046042,163.55096872046042,163.55096872046042,163.55096872046042,163.55096872046042,163.55096872046042,163.55096872046042,163.55096872046042,163.55096872046042,163.55096872046042,163.55096872046042,163.55096872046042,163.55096872046042
6,6,15726771.0,0.9999026535686368,1.0000973559086135,18.550830644879778,44.60639703114195,70.50609514946755,83.39779610583854,109.06546350016548,134.57959296241629,147.27936495027095,172.56490907916958,175.74325901685475,177.32529771402267,177.32529771402267,177.32529771402267,177.32529771402267,177.32529771402267,177.32529771402267,177.32529771402267,177.32529771402267,177.32529771402267,177.32529771402267,177.32529771402267,46.76610027298672,72.65033397039132,85.53432077178427,111.1866562447329,136.68556133979266,149.37775789814992,174.64818667730336,188.81251129980998,190.3936046484785,191.96996330248447,191.96996330248447,191.96996330248447,191.96996330248447,191.96996330248447,191.96996330248447,191.96996330248447,191.96996330248447,191.96996330248447,191.96996330248447,191.96996330248447
7,7,15939604.0,1.0109617432994509,0.9891571136374802,20.59175498035037,46.49145309867597,72.23622810535453,85.0508214493739,110.5649509116247,135.9264647719961,148.55026702837802,151.72861696606319,153.3106556632311,153.3106556632311,153.3106556632311,153.3106556632311,153.3106556632311,153.3106556632311,153.3106556632311,153.3106556632311,153.3106556632311,153.3106556632311,153.3106556632311,153.3106556632311,44.87093743968754,70.91095527427262,83.87248794872102,109.67917577307017,135.3315112460188,148.10008485440852,173.5226128994358,198.79304167858928,211.37152288651947,214.53845964976438,216.11481830377036,216.11481830377036,216.11481830377036,216.11481830377036,216.11481830377036,216.11481830377036,216.11481830377036,216.11481830377036,216.11481830377036,216.11481830377036
8,8,15943763.0,1.0022049611972712,0.9977998899599967,13.376497593079412,39.432063979341585,65.33176209766718,78.22346305403816,103.8911304483651,129.4052599106159,142.10503189847057,167.39057602736924,170.5689259650544,172.15096466222232,172.15096466222232,172.15096466222232,172.15096466222232,172.15096466222232,172.15096466222232,172.15096466222232,172.15096466222232,172.15096466222232,172.15096466222232,172.15096466222232,51.94605681830918,77.83029051571377,90.71427731710672,116.36661279005536,141.8655178851151,154.55771444347238,179.8281432226258,193.99246784513244,195.57356119380094,197.14991984780693,197.14991984780693,197.14991984780693,197.14991984780693,197.14991984780693,197.14991984780693,197.14991984780693,197.14991984780693,197.14991984780693,197.14991984780693,197.14991984780693
9,9,16002096.0,1.0022049611972712,0.9977998899599967,13.378576658287946,39.43819277589313,65.34191639946737,78.23562107069351,103.90727790649363,129.42537294631973,142.1271188181386,167.41659299634287,170.59884947426485,172.1828326702916,172.1867042106559,172.19055259427125,172.19246814259998,172.19628204858134,172.20007313791268,172.20196016929827,172.20571729538702,172.2094519457183,172.21131088790946,172.2150120772036,51.9541306237803,77.84238742284924,90.72837674011151,116.38469927154301,141.88756757790452,154.5817368428018,179.85609332193155,194.024322151847,195.60735883743746,197.1875867225968,197.1914328067485,197.19334721397837,197.19715884074213,197.20094766649783,197.20283357199858,197.20658845187032,197.2103208762911,197.21217870545567,197.21587768646518,197.219554541085
10,10,16006289.0,1.0022049611972712,0.9977998899599967,13.482732908246657,39.7452309885225,65.85062290473435,78.84470895141855,104.7162273699968,130.43298846775454,143.23362125794506,168.71998161179476,172.0979465166151,173.77934450672853,173.97717106315284,174.17381436447047,174.27169435379702,174.46657592955788,174.66029162846297,174.75671446943824,174.94869472697107,175.13952652645185,175.23451407602278,175.42363609564023,52.35860918333512,78.44841386115309,91.43472448751834,117.29078921954856,142.9922050391342,155.7852022362356,181.25632719516884,195.62014758281683,197.3005408522052,199.07460806741778,199.2711338715821,199.36895555345512,199.5637206665864,199.75732070212996,199.85368601305242,200.04555149420756,200.23626955492685,200.33120023147123,200.52020941296738,200.70808798827935
11,11,16007585.0,1.0022049611972712,0.9977998899599967,13.485857595227852,39.75444213337566,65.86588409736453,78.86298158481367,104.74049584988211,130.4632169283906,143.26681632564092,168.7590832637816,172.14291942043639,173.82723985388836,174.03088505983067,174.23331220772135,174.33407112980095,174.53468473470573,174.7340981709543,174.83335708574748,175.03098403628834,175.22742874931387,175.32521015664344,175.5198948002492,52.37074353811186,78.46659465129078,91.4559149164306,117.31797191348623,143.02534415748198,155.82130619205842,181.298334204408,195.66802233781607,197.35133630423456,199.13121869838554,199.3335248931928,199.43422379282853,199.63471750960193,199.83401188049592,199.93321157311155,200.13072037137047,200.32704800024953,200.42477086175282,200.61933934834272,200.81274397436013
12,12,16011361.0,1.0022049611972712,0.9977998899599967,13.491055258249197,39.769764124754545,65.89126985186502,78.89337662645205,104.78086449520349,130.51349951765022,143.32203362481104,168.8241256862158,172.2177281934627,173.90690987406168,174.1202339309148,174.33228203784387,174.4378298307453,174.64797820060355,174.85686936018044,174.96084585343763,175.1678656192004,175.3736469580541,175.47607572086162,175.68001333770272,52.39092805178971,78.4968369191295,91.49116347394263,117.36318811720544,143.0804683894556,155.88136219038208,181.3682094526725,195.7476581046026,197.435830413326,199.22538588536045,199.43730729054698,199.5427922082574,199.7528149919402,199.96158142722345,200.06549588359098,200.27239188152922,200.47805057146027,200.58041800587503,200.7842339449887,200.98683070755567
13,13,16019619.0,1.0022049611972712,0.9977998899599967,13.503802921831443,39.807342473082606,65.95353034409486,78.96792277609343,104.87987166587125,130.63682138928624,143.45745824754064,168.98364717045988,172.40120239477653,174.10230665345838,174.33936882776297,174.57501306792656,174.6923059304727,174.9258390360214,175.157975032368,175.27352174534414,175.5035781042926,175.73225822757357,175.84608498288972,176.0727162198164,52.4404321056077,78.5710083794164,91.5776132401313,117.47408429325831,143.21566475781262,156.02865409052683,181.53958380956004,195.94297087496503,197.64305863742513,199.45633806812268,199.69184150752048,199.80906449829635,200.04245804278358,200.27445543585833,200.38993320864947,200.6198520272285,200.84839585355022,200.96215445601783,201.18865047525247,201.41379165130962
14,14,16023502.0,1.0022049611972712,0.9977998899599967,13.508344348972194,39.82072997188978,65.97571099605393,78.99448026288584,104.91514352954246,130.68075550248923,143.50570403416828,169.04047760008368,172.46656611512407,174.171917859578,174.41743687228038,174.66148736816265,174.78296447809737,175.02482852779585,175.26524562851168,175.3849142976029,175.62317757296776,175.8600155175167,175.9779028720317,176.21261883927102,52.45806820434341,78.59743238101031,91.6084114575417,117.51359168223847,143.263829227531,156.08112766175142,181.60063689199953,196.01255215239175,197.7168848625354,199.53861608748247,199.78252075974228,199.90392550533585,200.1456450153408,200.38402047980443,200.50267296705647,200.73891271286277,200.9737396651302,201.09062571863524,201.32334856551145,201.55467932186704
15,15,16045616.0,1.0022049611972712,0.9977998899599967,13.518739675014894,39.85137395464756,66.02648250505496,79.05527034616269,104.99588082018528,130.78132068100854,143.61613863250867,169.1705624449522,172.6161836611768,174.3312578999248,174.59613461444877,174.85942702840788,174.99048187998625,175.25141545959158,175.5107880069641,175.63989183298338,175.89694073879204,176.15245193499743,176.2796340004683,176.53285591417824,52.49843723169914,78.65791691668782,91.67890857256583,117.60402408967695,143.37407769147833,156.20123965839883,181.74038738852857,196.171823685965,197.88587308071843,199.7269504614324,199.99008555445084,200.12106233619375,200.3818399800175,200.63915957325966,200.7672415880155,201.02225573318051,201.27574480755194,201.4019200068799,201.65313775880367,201.90285278825837
16,16,16128928.0,1.0022049611972712,0.9977998899599967,2022.6142723380458,2048.9469066176785,2075.122015168086,2088.1508030091936,2114.091413483216,2139.8768533440393,2152.7116712955394,2178.266095107983,2181.711716324208,2183.426790562956,2183.6916672774796,2183.954959691439,2184.086014543017,2184.3469481226225,2184.606320669995,2184.7354244960143,2184.9924734018227,2185.2479845980283,2185.375166663499,2185.628388577209,3943.480125750993,3969.639605435982,3982.66059709186,4008.585712608971,4034.3557662107723,4047.1829281776927,4072.7220759078227,4087.153512205259,4088.8675616000123,4090.7086389807264,4090.9717740737447,4091.1027508554876,4091.3635284993115,4091.620848092554,4091.7489301073097,4092.0039442524744,4092.257433326846,4092.3836085261737,4092.6348262780975,4092.8845413075524
17,17,16137229.0,1.0022049611972712,0.9977998899599967,2022.6142733775785,2048.9469096820767,2075.122020245237,2088.150809088202,2114.091421556945,2139.8768634005573,2152.7116823389993,2178.2661081164674,2181.7117312859623,2183.4268064969597,2183.691685147254,2183.9549794854047,2184.0860352947575,2184.3469707813156,2184.606345224233,2184.735449993768,2184.9925007781394,2185.24801384167,2185.375196836612,2185.628420600917,3943.480129787896,3969.6396114844356,3982.6606041415716,4008.5857216522118,4034.355777235619,4047.1829401888926,4072.7220898828723,4087.1535281324127,4088.8675784988345,4090.708657814164,4090.9717948302246,4091.102772569171,4091.363552118808,4091.620873606463,4091.7489565641717,4092.003972586777,4092.2574635273604,4092.383639655603,4092.634859257017,4092.884576124899
18,18,16176454.0,1.0019043598311892,0.9980992598619792,2114.1167839623304,2140.449420266829,2166.624530829989,2179.6533196729542,2205.593932141697,2231.3793739853095,2244.2141929237514,2269.7686187012196,2273.2142418707144,2274.929317081712,2275.194195732006,2275.457490070157,2275.5885458795096,2275.8494813660677,2276.108855808985,2276.23796057852,2276.4950113628915,2276.750524426422,2276.877707421364,2277.130931185669,3851.78239295764,3877.941874654179,3890.962867311315,3916.887984821956,3942.6580404053625,3955.4852033586367,3981.0243530526163,3995.4557913021563,3997.169841668578,3999.010920983908,3999.274057999968,3999.4050357389146,3999.665815288552,3999.923136776207,4000.051219733916,4000.3062357565204,4000.559726697104,4000.6859028253466,4000.937122426761,4001.186839294643
19,19,16210104.0,1.0019043598311892,0.9980992598619792,2124.0867839617463,2150.4194202662447,2176.5945308294044,2189.6233196723697,2215.563932141113,2241.349373984725,2254.1841929231673,2279.7386187006355,2283.1842418701303,2284.8993170811277,2285.164195731422,2285.4274900695727,2285.558545878925,2285.8194813654836,2286.0788558084005,2286.207960577936,2286.4650113623075,2286.720524425838,2286.84770742078,2287.1009311850844,3841.7926557081996,3867.952137404739,3880.973130061875,3906.898247572515,3932.6683031559223,3945.495466109196,3971.0346158031757,3985.466054052716,3987.180104419138,3989.0211837344673,3989.284320750528,3989.4152984894745,3989.676078039112,3989.9333995267666,3990.061482484475,3990.3164985070803,3990.569989447664,3990.6961655759064,3990.9473851773205,3991.197102045203
20,20,16217249.0,1.0019043598311892,0.9980992598619792,2135.064763533672,2161.4176602277385,2187.6129099798072,2200.6517232021965,2226.6122944364874,2252.4175756570194,2265.2622697340053,2290.8363571441128,2294.3015243327927,2296.0263276716723,2296.3105752403876,2296.5931226461253,2296.7337617468343,2297.013777812921,2297.292118686012,2297.4306640795694,2297.706511379504,2297.9807085146936,2298.1171916063054,2298.3889320401404,3830.844105900654,3857.023714761217,3870.0547257993744,3895.9997901537067,3921.789673275811,3934.626705477096,3960.185505050262,3974.6364756480884,3976.360248329342,3978.2206850103476,3978.503063590015,3978.643618911518,3978.923467637992,3979.1997442313846,3979.337262180429,3979.6110634810043,3979.8832273572457,3980.0186980138005,3980.2884232369242,3980.5565350304623
21,21,16335373.0,1.001804179413248,0.9981990697879652,2150.6566597088568,2177.0298167924916,2203.2452057334685,2216.2940433352824,2242.274573335121,2268.099693932573,2280.9542631481027,2306.548012190849,2310.032723398714,2311.7672548654764,2312.0708713526124,2312.372671825937,2312.522894218003,2312.821990863618,2313.119298166883,2313.267284184462,2313.5619279999596,2313.854809206808,2314.0005923950903,2314.2908494984554,3815.2732791710864,3841.4730151956733,3854.514044614852,3880.4790558128766,3906.288766473677,3919.135667922974,3944.7141173753257,3959.1846203214386,3960.918115317524,3962.797909364206,3963.0995295074795,3963.249662411539,3963.54858031485,3963.8438120139804,3963.990764954361,3964.283351532906,3964.5741883448054,3964.7189535296725,3965.0071843745054,3965.2936910937
22,22,16336901.0,1.002104750722199,0.9978996699489927,2055.4991638981464,2081.872320981781,2108.087709922758,2121.136547524572,2147.117077524411,2172.9421981218625,2185.7967673373923,2211.3905163801387,2214.875227588004,2216.609759054766,2216.913375541902,2217.2151760152265,2217.3653984072926,2217.6644950529076,2217.9618023561725,2218.1097883737516,2218.4044321892493,2218.697313396098,2218.84309658438,2219.133353687745,3910.623786205412,3936.8235222299986,3949.864551649178,3975.829562847202,4001.6392735080026,4014.486174957299,4040.0646244096515,4054.5351273557644,4056.26862235185,4058.1484163985315,4058.4500365418053,4058.6001694458646,4058.8990873491757,4059.194319048306,4059.3412719886865,4059.633858567232,4059.9246953791308,4060.0694605639983,4060.357691408831,4060.644198128026
23,23,16338778.0,1.0015036982576582,0.998498559455872,2251.9081638858006,2278.281320969435,2304.4967099104124,2317.545547512226,2343.526077512065,2369.3511981095166,2382.205767325046,2407.799516367793,2411.2842275756575,2413.01875904242,2413.322375529556,2413.62417600288,2413.7743983949463,2414.0734950405617,2414.3708023438267,2414.5187883614058,2414.8134321769035,2415.106313383752,2415.252096572034,2415.5423536753988,3713.8465548212257,3740.0462908458126,3753.0873202649914,3779.052331463016,3804.862042123816,3817.708943573113,3843.287393025465,3857.757895971578,3859.4913909676634,3861.3711850143454,3861.6728051576188,3861.822938061678,3862.121855964989,3862.4170876641197,3862.5640406045004,3862.8566271830455,3863.1474639949447,3863.292229179812,3863.5804600246447,3863.8669667438394
24,24,16410870.0,1.0015036982576582,0.998498559455872,15.074300208111504,41.44745729174614,67.66284623272345,80.7116838345373,106.69221383437592,132.5173344318277,145.3719036473573,170.96565269010395,174.45036389796874,176.184895364731,176.4885118518673,176.79031232519145,176.94053471725752,177.2396313628726,177.53693866613762,177.68492468371667,177.97956849921442,178.27244970606296,178.41823289434507,178.70848999771,51.04151543146869,77.24125145605527,90.2822808752341,116.24729207325856,142.05700273405893,154.90390418335582,180.48235363570808,194.9528565818209,196.6863515779063,198.56614562458813,198.8677657678616,199.01789867192102,199.3168165752321,199.61204827436262,199.75900121474305,200.05158779328832,200.34242460518735,200.4871897900548,200.77542063488755,201.06192735408231
25,25,16412071.0,1.0038096923425575,0.996204766330093,23.30909868325792,49.60326489484921,75.74012631866616,88.74986619195,114.65257944696464,140.40034613148617,153.21642168347967,167.7390634927278,171.21333784885985,171.3653736519381,171.66808079964107,171.96897720138637,172.11874988429892,172.41695048346725,172.71336716784552,172.86091003009875,173.15467124153207,173.44667537847394,173.59202151562937,173.88140951543883,42.86757357649395,69.14603592883428,82.22625145632954,108.26926819500127,134.1565015309624,147.04200273433318,172.69731673683935,198.1991536610701,199.93785658209518,203.39965550220663,203.70218185739608,203.8527657681359,204.152581627527,204.44965387709317,204.5970482746369,204.8905138868235,205.182224179328,205.32742460546163,205.61652134907817,205.90388873625716
26,26,16412573.0,1.0011031969086985,0.9988980187935619,15.93519269194664,42.30834977558128,68.52373871655858,81.57257631837243,107.55310631821105,133.37822691566282,146.23279613119243,171.82654517393908,175.31125638180387,177.04578784856614,177.34940433570242,177.65120480902658,177.80142720109265,178.10052384670774,178.39783114997277,178.5458171675518,178.84046098304955,179.1333421898981,179.27912537818023,179.56938248154512,50.17943301309065,76.37916903767723,89.42019845685606,115.38520965488053,141.1949203156809,154.04182176497778,179.62027121733004,194.0907741634429,195.82426915952826,197.7040632062101,198.00568334948358,198.15581625354298,198.45473415685407,198.7499658559846,198.89691879636501,199.18950537491028,199.4803421868093,199.62510737167676,199.91333821650952,200.1998449357043
27,27,16432732.0,0.999103091290782,1.0008977138766124,20.489488691671085,46.86264577530572,73.07803471628303,86.12687231809687,112.1074023179355,137.93252291538727,150.78709213091688,176.38084117366355,179.86555238152832,181.60008384829058,181.90370033542686,182.20550080875103,182.3557232008171,182.6548198464322,182.95212714969722,183.10011316727625,183.394756982774,183.68763818962253,183.83342137790467,184.12367848126956,45.62441755148982,71.8241535760764,84.86518299525522,110.8301941932797,136.63990485408004,149.48680630337697,175.0652557557292,189.53575870184204,191.26925369792744,193.14904774460925,193.45066788788276,193.60080079194213,193.89971869525326,194.19495039438377,194.3419033347642,194.63448991330944,194.9253267252085,195.07009191007592,195.3583227549087,195.64482947410346
28,28,16534482.0,0.9986036895756386,1.0013982628333316,21.48648869164608,47.85964577528072,74.07503471625802,87.12387231807188,113.1044023179105,138.92952291536227,151.78409213089188,177.37784117363853,180.8625523815033,182.59708384826558,182.90070033540187,183.202500808726,183.3527232007921,183.65181984640716,183.9491271496722,184.09711316725125,184.391756982749,184.68463818959754,184.83042137787965,185.12067848124454,44.62850948165963,70.8282455062462,83.86927492542503,109.8342861234495,135.64399678424985,148.49089823354677,174.069347685899,188.53985063201185,190.27334562809725,192.15313967477906,192.45475981805257,192.60489272211194,192.90381062542306,193.19904232455357,193.345995264934,193.63858184347924,193.9294186553783,194.07418384024572,194.3624146850785,194.64892140427327
29,29,16590989.0,0.997306413054365,1.0027008619521314,24.477389426718425,50.85054651035306,77.06593545133036,90.11477305314422,116.09530305298284,141.9204236504346,154.77499286596424,180.3687419087109,183.85345311657565,185.5879845833379,185.8916010704742,186.19340154379836,186.34362393586443,186.64272058147952,186.94002788474455,187.08801390232358,187.38265771782133,187.67553892466987,187.821322112952,188.1115792163169,41.64357182219005,67.84330784677663,80.88433726595545,106.84934846397992,132.65905912478027,145.5059605740772,171.08441002642942,185.55491297254227,187.28840796862767,189.16820201530948,189.46982215858299,189.61995506264236,189.91887296595348,190.214104665084,190.36105760546442,190.65364418400966,190.94448099590872,191.08924618077614,191.37747702560893,191.6639837448037
30,30,16640973.0,1.012479247884356,0.9876745642832361,17.5007642084198,43.71615314939711,69.77473062449481,82.74552075104958,108.57064134850134,134.24128611602447,147.01895960677763,150.5036708146424,152.39023808448292,152.54181876854094,152.8436192418651,153.14361431684372,153.29293827954626,153.5902455828113,153.88577446264355,154.03287541588807,154.3257566227366,154.61688594817417,154.76179691438364,155.05031806112277,48.799086812957924,75.15650582397791,88.27602632106924,114.3972712677433,140.36228246576778,153.28649192319733,179.01889457586503,204.5973440282173,217.32914405330507,220.8013419704155,222.68113601709734,222.83217224963104,223.13288906443023,223.43180696774132,223.57964426932813,223.8739916072523,224.16657818579753,224.31221457156292,224.602180182564,224.89041102739677
31,31,16641800.0,1.0083367879330807,0.9917321394668446,13.29419922913314,39.58836544072444,65.72522686454137,78.73496673782523,104.63767999283985,130.3854466773614,143.20152222935488,157.72416403860302,161.1984383947351,161.35047419781333,161.6531813455163,161.9540777472616,162.10385043017413,162.4020510293425,162.69846771372076,162.84601057597396,163.1397717874073,163.43177592434915,163.57712206150458,163.86651006131407,52.943685132444685,79.22214748478501,92.30236301228027,118.345379750952,144.23261308691312,157.11811429028393,182.7734282927901,208.27526521702086,210.0139681380459,213.47576705815737,213.7782934133468,213.9288773240866,214.22869318347773,214.52576543304392,214.67315983058762,214.96662544277422,215.2583357352787,215.40353616141235,215.6926329050289,215.98000029220788
32,32,16643335.0,0.993722743623,1.0063169092357833,19.202737398763162,45.655126476731674,71.94929268832297,85.03731651032605,111.09589398542376,136.9986072404384,149.8918047094303,175.56244947695342,190.08509128620156,191.82483417557134,193.71140144541187,194.01410859311483,194.16478260279405,194.46477767777267,194.762978276941,194.91140894374024,195.2069378235725,195.50069903500585,195.64691998366555,195.93804930910312,46.82723991047088,72.94848485714495,85.95047217663786,111.83770551259899,137.57010816526667,150.37852071847595,175.8803576427067,179.35255555981718,181.08085948384323,181.38338583903268,181.68410265383187,181.8337856091636,182.13085785872977,182.42520519665393,182.5717178684601,182.86342816096456,183.15339377196565,183.29772533071477,183.58509271789376,183.87074131843207
33,33,16644377.0,0.9982043479402088,1.0017988822263661,22.438740092270574,48.81189717590521,75.02728611688252,88.07612371869637,114.05665371853499,139.88177431598675,152.73634353151638,178.33009257426303,181.8148037821278,183.54933524889006,183.85295173602634,184.1547522093505,184.30497460141657,184.60407124703167,184.9013785502967,185.04936456787573,185.34400838337348,185.636889590222,185.78267277850415,186.07292988186904,43.677719413883814,69.87745543847039,82.91848485764922,108.88349605567369,134.69320671647404,147.54010816577096,173.1185576181232,187.58906056423604,189.32255556032143,191.20234960700324,191.50396975027675,191.65410265433613,191.95302055764725,192.24825225677776,192.3952051971582,192.68779177570343,192.9786285876025,193.1233937724699,193.4116246173027,193.69813133649745
34,34,16645135.0,1.005618086437019,0.9944133001257721,19.240712914067295,45.53487912565859,71.67174054947553,84.68148042275938,110.58419367777401,136.33196036229555,149.14803591428904,163.67067772353718,167.14495207966922,167.2969878827475,167.59969503045045,167.90059143219574,168.0503641151083,168.34856471427662,168.6449813986549,168.79252426090812,169.08628547234147,169.3782896092833,169.52363574643874,169.81302374624823,46.95531255954464,73.23377491188496,86.31399043938022,112.35700717805196,138.2442405140131,151.12974171738387,176.78505571989004,202.2868926441208,204.02559556514586,207.4873944852573,207.78992084044677,207.94050475118658,208.2403206105777,208.53739286014385,208.6847872576876,208.97825286987418,209.26996316237864,209.41516358851229,209.70426033212885,209.99162771930784
35,35,16661776.0,1.0016038486274839,0.9983987195839137,14.834101253591646,41.207258337226286,67.42264727820358,80.47148488001744,106.45201487985607,132.27713547730784,145.13170469283745,170.7254537355841,174.21016494344886,175.94469641021115,176.24831289734743,176.55011337067157,176.70033576273767,176.99943240835273,177.29673971161776,177.44472572919682,177.73936954469457,178.0322507515431,178.1780339398252,178.4682910431901,51.28210626033449,77.48184228492106,90.52287170409988,116.48788290212435,142.2975935629247,155.14449501222163,180.72294446457386,195.1934474106867,196.9269424067721,198.8067364534539,199.10835659672742,199.25848950078682,199.55740740409792,199.85263910322843,199.99959204360886,200.29217862215413,200.58301543405315,200.72778061892058,201.01601146375336,201.30251818294812
36,36,16723651.0,3.4022276455660783e+50,2.939250703295062e-51,0.0,0.0,0.0,0.0,0.0,0.0,0.0,0.0,0.0,0.0,0.0,0.0,0.0,0.0,0.0,0.0,0.0,0.0,0.0,0.0,0.0,0.0,0.0,0.0,0.0,0.0,0.0,0.0,0.0,0.0,0.0,0.0,0.0,0.0,0.0,0.0,0.0,0.0,0.0,0.0
37,37,16724527.0,1.0030070058397484,0.9970020091362862,25.121537532297907,51.4157037438892,77.55256516770613,90.56230504099,116.46501829600462,142.21278498052615,155.02886053251964,169.5515023417678,173.02577669789986,173.1778125009781,173.48051964868105,173.78141605042637,173.9311887333389,174.22938933250725,174.52580601688553,174.67334887913873,174.96711009057208,175.25911422751392,175.40446036466935,175.69384836447884,41.04893545486915,67.32739780720948,80.40761333470473,106.45063007337647,132.3378634093376,145.2233646127084,170.87867861521457,196.38051553944533,198.11921846047036,201.5810173805818,201.88354373577127,202.03412764651108,202.3339435059022,202.63101575546838,202.7784101530121,203.07187576519868,203.36358605770317,203.50878648383681,203.79788322745335,204.08525061463234
38,38,16726496.0,1.0022049611972712,0.9977998899599967,13.52060810860347,39.89376519223811,66.10915413321541,79.15799173502926,105.1385217348679,130.96364233231967,143.81821154784927,169.41196059059592,172.8966717984607,174.63120326522298,174.93481975235926,175.2366202256834,175.3868426177495,175.68593926336456,175.9832465666296,176.13123258420862,176.42587639970637,176.71875760655493,176.86454079483704,177.15479789820193,52.59820452007399,78.79794054466056,91.83896996383939,117.80398116186386,143.61369182266424,156.46059327196113,182.03904272431336,196.5095456704262,198.2430406665116,200.12283471319344,200.42445485646692,200.57458776052633,200.87350566383742,201.16873736296793,201.31569030334836,201.60827688189363,201.89911369379266,202.04387887866008,202.33210972349286,202.61861644268762
39,39,16772460.0,3.4022276455660783e+50,2.939250703295062e-51,0.0,0.0,0.0,0.0,0.0,0.0,0.0,0.0,0.0,0.0,0.0,0.0,0.0,0.0,0.0,0.0,0.0,0.0,0.0,0.0,0.0,0.0,0.0,0.0,0.0,0.0,0.0,0.0,0.0,0.0,0.0,0.0,0.0,0.0,0.0,0.0,0.0,0.0,0.0,0.0
40,40,16773986.0,1.008235964336647,0.9918313126807913,13.621421350729603,39.9155875623209,66.05244898613783,79.0621888594217,104.96490211443631,130.71266879895785,143.52874435095134,158.05138616019948,161.52566051633156,161.6776963194098,161.98040346711275,162.28129986885807,162.4310725517706,162.72927315093895,163.02568983531722,163.17323269757043,163.46699390900378,163.75899804594562,163.90434418310105,164.19373218291054,52.61373967094986,78.8922020232902,91.97241755078544,118.01543428945718,143.9026676254183,156.78816882878908,182.44348283129526,207.94531975552604,209.68402267655108,213.14582159666253,213.44834795185199,213.5989318625918,213.89874772198291,214.1958199715491,214.3432143690928,214.6366799812794,214.9283902737839,215.07359069991753,215.36268744353407,215.65005483071306
41,41,16777664.0,1.0055175346835508,0.9945127414557846,19.501288965512572,45.79545517710387,71.93231660092081,84.94205647420466,110.8447697292193,136.59253641374082,149.4086119657343,163.93125377498245,167.40552813111452,167.55756393419276,167.86027108189572,168.16116748364104,168.31094016655356,168.60914076572192,168.9055574501002,169.0531003123534,169.34686152378674,169.63886566072858,169.784211797884,170.0735997976935,46.693271157938455,72.97173351027878,86.05194903777404,112.09496577644578,137.9821991124069,150.86770031577768,176.52301431828386,202.02485124251461,203.76355416353968,207.22535308365113,207.52787943884059,207.6784633495804,207.97827920897151,208.27535145853767,208.4227458560814,208.716211468268,209.00792176077246,209.1531221869061,209.44221893052267,209.72958631770166
42,42,16780551.0,1.0010030965990384,0.9989979085954415,16.26866784696989,42.64182493060453,68.85721387158183,81.90605147339568,107.8865814732343,133.71170207068607,146.56627128621568,172.16002032896236,175.64473153682712,177.3792630035894,177.68287949072567,177.98467996404983,178.1349023561159,178.433999001731,178.73130630499602,178.87929232257505,179.1739361380728,179.46681734492134,179.61260053320348,179.90285763656837,49.845587054777624,76.0453230793642,89.08635249854302,115.05136369656749,140.86107435736784,153.70797580666476,179.286425259017,193.75692820512984,195.49042320121524,197.37021724789705,197.67183739117056,197.82197029522996,198.12088819854105,198.41611989767156,198.563072838052,198.85565941659726,199.1464962284963,199.2912614133637,199.5794922581965,199.86599897739126
43,43,16802292.0,0.9744363660375499,1.0262342774278859,22.86529006132277,49.55682124562849,76.08866784373701,89.29502383475457,115.58919004634588,141.72605147016282,154.73579134344666,180.63850459846128,206.38627128298282,219.2023468349763,233.72498864422445,237.19926300035652,237.35129880343476,237.65400595113772,237.95490235288304,238.10467503579557,238.40287563496392,238.6992923193422,238.8468351815954,239.14059639302874,43.00502443981629,68.89225777577741,81.7777589791482,107.43307298165438,132.93490990588515,134.6736128269102,138.13541174702164,138.4379381022111,138.5885220129509,138.88833787234202,139.1854101219082,139.3328045194519,139.6262701316385,139.917980424143,140.06318085027664,140.35227759389318,140.63964498107217,140.7826835991716,141.06747668712413,141.35056588722318
44,44,16803197.0,0.9260810543923175,1.079819088466492,16.32283137433623,43.74481951553503,71.00275531043619,84.57052956081428,111.58424299917786,138.43639482839734,151.80218113109126,178.41373952386064,204.86612860182913,218.03292969444624,244.24831863542354,270.3068961105212,283.277686237076,309.10280683452777,334.7734516020509,347.55112509280406,351.0358363006688,352.92240357050935,353.0739842545674,353.3757847278915,26.610977844618997,28.49077189130082,28.641808123834508,28.94252493863371,29.241442841944814,29.389280143531607,29.68362748145576,29.976214060001013,30.121850445766402,30.41181605676749,30.700046901600253,30.84351500269558,31.129163603233888,31.413103539291377,31.554435908846596,31.835831987573716,32.11554495036075,32.25477307119486,32.53198010217613,32.80752860899491
45,45,16807341.0,1.0148105135209846,0.9854056364970066,25.48886461074957,51.62572603456651,77.60625603440513,90.53817916286499,116.28594584738651,141.87969489013318,143.62466320862816,147.0989375647602,147.4025540518965,147.55368051554143,147.85457691728672,148.15367356290182,148.3025501993676,148.59896688374587,148.89361069924362,149.04027095743243,149.3322750943743,149.6225321977392,149.7670092313392,150.0546661014223,40.77059732107784,67.20719845529827,80.36614031054727,106.56587633513385,132.60889307380558,145.57191695233715,171.3816276131375,197.03694161564368,209.80697851478666,224.27748146089948,227.73928038101093,227.89077050366672,228.1923906469402,228.4922065063313,228.6414414543107,228.9366731534412,229.2301387656278,229.3762126723669,229.66704948426593,229.95614622788247
46,46,16811973.0,0.9503786343306517,1.0522122066688677,25.546135776777444,52.55984921514103,79.41200104436051,92.77778734705443,119.3893457398238,145.84173481779231,159.0085359104094,185.2239248513867,211.2825023264844,224.25329245303917,250.07841305049092,275.749057818014,288.5267313087672,292.011442516632,293.89800978647247,294.0495904705305,294.3513909438547,294.6513860188333,294.8007099815358,295.09801728480085,40.20534953839578,65.78379899074802,78.51559901583582,81.98779693294625,83.86759097962808,84.01862721216177,84.31934402696098,84.61826193027207,84.76609923185887,85.06044656978302,85.35303314832827,85.49866953409366,85.78863514509474,86.07686598992751,86.22033409102283,86.50598269156114,86.78992262761864,86.93125499717385,87.21265107590098,87.49236403868801
47,47,16815795.0,1.0031073065403324,0.9969023189043958,24.78946127166725,51.083627483258546,77.22048890707549,90.23022878035934,116.13294203537397,141.8807087198955,154.696784271889,169.21942608113713,172.6937004372692,172.84573624034743,173.1484433880504,173.44933978979572,173.59911247270824,173.8973130718766,174.19372975625487,174.34127261850807,174.63503382994142,174.92703796688326,175.07238410403872,175.36177210384818,41.38203596309403,67.66049831543435,80.74071384292961,106.78373058160135,132.67096391756246,145.55646512093327,171.21177912343944,196.7136160476702,198.45231896869527,201.91411788880671,202.21664424399614,202.36722815473595,202.66704401412707,202.96411626369326,203.111510661237,203.40497627342356,203.69668656592805,203.8418869920617,204.13098373567826,204.41835112285722
48,48,16821988.0,0.9897559897793219,1.0103500360962323,14.759976374845502,41.29182297295403,67.66498005658866,80.79234517556289,106.92920659937982,132.90973659921843,145.8416597276783,171.58942641219983,197.18317545494648,198.92814377344146,202.40241812957353,202.70603461670981,202.85716108035473,203.15805748210005,203.4571541277151,203.60603076418093,203.9024474485592,204.19709126405695,204.34375152224575,204.6357556591876,51.137079656704486,77.18009639537622,90.14312027390778,115.95283093470813,141.60814493721432,154.3781818363573,168.84868478247014,172.3104837025816,172.46197382523735,172.76359396851083,173.06340982790195,173.21264477588133,173.50787647501184,173.80134208719844,173.94741599393754,174.23825280583657,174.52734954945313,174.67124883553677,174.95775555473153,175.24254864268406
49,49,16827970.0,0.9920349343922029,1.0080290172570154,23.015166610242563,49.46755568821107,75.76172189980237,88.84974572180546,114.90832319690317,140.8110364519178,153.7042339209097,179.3748786884328,193.89752049768097,195.63726338705075,197.52383065689128,197.8265378045942,197.97721181427346,198.27720688925208,198.5754074884204,198.72383815521965,199.0193670350519,199.31312824648523,199.45934919514497,199.75047852058253,43.04186412948351,69.16310907615758,82.1650963956505,108.05232973161162,133.78473238427932,146.59314493748857,172.09498186171936,175.5671797788298,177.29548370285585,177.5980100580453,177.8987268728445,178.04840982817623,178.3454820777424,178.63982941566655,178.78634208747272,179.0780523799772,179.36801799097827,179.5123495497274,179.79971693690638,180.0853655374447
50,50,16844659.0,0.9942197043770237,1.0058139016934875,17.995903896333697,44.448292974302205,70.74245918589351,83.83048300789659,109.8890604829943,135.7917737380089,148.68497120700084,174.35561597452394,188.87825778377209,190.61800067314186,192.5045679429824,192.80727509068535,192.95794910036457,193.2579441753432,193.55614477451155,193.70457544131077,194.00010432114303,194.29386553257638,194.4400864812361,194.73121580667367,48.026864129757776,74.14810907643185,87.15009639592476,113.03732973188589,138.76973238455358,151.57814493776286,177.07998186199362,180.55217977910405,182.28048370313013,182.5830100583196,182.88372687311877,183.03340982845052,183.33048207801667,183.62482941594084,183.77134208774697,184.06305238025146,184.35301799125256,184.49734955000167,184.78471693718063,185.07036553771894
51,51,16897140.0,0.994418558260096,1.0056127690835435,17.69510855909451,44.147497637063026,70.44166384865431,83.52968767065741,109.58826514575512,135.49097840076973,148.38417586976163,174.05482063728476,188.5774624465329,190.31720533590268,192.2037726057432,192.50647975344617,192.6571537631254,192.95714883810402,193.25534943727234,193.4037801040716,193.69930898390385,193.9930701953372,194.13929114399693,194.43042046943447,48.325964129787515,74.44720907646159,87.4491963959545,113.33642973191563,139.06883238458332,151.8772449377926,177.37908186202336,180.8512797791338,182.57958370315987,182.88211005834933,183.1828268731485,183.33250982848026,183.6295820780464,183.92392941597058,184.0704420877767,184.3621523802812,184.6521179912823,184.7964495500314,185.08381693721037,185.36946553774868
52,52,16899397.0,0.9952143715995948,1.004808640768233,15.930245268700979,42.38263434666949,68.67680055826078,81.76482438026387,107.82340185536158,133.7261151103762,146.6193125793681,172.28995734689124,186.81259915613938,188.55234204550916,190.4389093153497,190.74161646305262,190.89229047273187,191.1922855477105,191.49048614687882,191.63891681367807,191.93444569351033,192.22820690494365,192.37442785360338,192.66555717904095,50.08169712987885,76.20294207655292,89.20492939604583,115.09216273200695,140.82456538467466,153.6329779378839,179.1348148621147,182.60701277922513,184.33531670325118,184.63784305844064,184.93855987323985,185.08824282857157,185.38531507813775,185.6796624160619,185.82617508786805,186.11788538037254,186.4078509913736,186.55218255012272,186.8395499373017,187.12519853784002
