,index,blocknum,p0vs1,p1vs0,SUSHI-slippagemap_01,SUSHI-slippagemap_2,SUSHI-slippagemap_3,SUSHI-slippagemap_4,SUSHI-slippagemap_5,SUSHI-slippagemap_6,SUSHI-slippagemap_7,SUSHI-slippagemap_8,SUSHI-slippagemap_9,SUSHI-slippagemap_10,SUSHI-slippagemap_11,USDC-slippagemap_01,USDC-slippagemap_2,USDC-slippagemap_3,USDC-slippagemap_4,USDC-slippagemap_5,USDC-slippagemap_6,USDC-slippagemap_7,USDC-slippagemap_8,USDC-slippagemap_9,USDC-slippagemap_10
0,0,12545615.0,9.879759026826395,0.10121704358220798,0.0,0.0,0.0,0.0,0.0,0.0,0.0,0.0,0.0,0.0,0.0,0.0,0.0,0.0,0.0,0.0,0.0,0.0,0.0,0.0,0.0
1,1,12889809.0,9.879759026826395,0.10121704358220798,0.0,941.2757048317841,1873.1860381721015,2795.8241657780322,2795.8241657780322,2795.8241657780322,2795.8241657780322,2795.8241657780322,2795.8241657780322,2795.8241657780322,2795.8241657780322,0.0,0.0,0.0,0.0,0.0,0.0,0.0,0.0,0.0,0.0
2,2,12937757.0,10.012030866440936,0.09987983590341035,395.4154939351648,1327.3258272754822,2249.963954881413,2249.963954881413,2249.963954881413,2249.963954881413,2249.963954881413,2249.963954881413,2249.963954881413,2249.963954881413,2249.963954881413,14750.368211477418,14750.368211477418,14750.368211477418,14750.368211477418,14750.368211477418,14750.368211477418,14750.368211477418,14750.368211477418,14750.368211477418,14750.368211477418
3,3,12975186.0,10.046127998838445,0.09954083803387953,237.90057097258972,1169.810904312907,2092.4490319188376,2092.4490319188376,2092.4490319188376,2092.4490319188376,2092.4490319188376,2092.4490319188376,2092.4490319188376,2092.4490319188376,2092.4490319188376,16330.174716485122,16330.174716485122,16330.174716485122,16330.174716485122,16330.174716485122,16330.174716485122,16330.174716485122,16330.174716485122,16330.174716485122,16330.174716485122
4,4,12976382.0,10.264447358788402,0.09742365711913381,166.2825084055451,1088.9206360114758,1088.9206360114758,1088.9206360114758,1088.9206360114758,1088.9206360114758,1088.9206360114758,1088.9206360114758,1088.9206360114758,1088.9206360114758,1088.9206360114758,26520.92409052521,26520.92409052521,26520.92409052521,26520.92409052521,26520.92409052521,26520.92409052521,26520.92409052521,26520.92409052521,26520.92409052521,26520.92409052521
5,5,12977329.0,10.287052869665892,0.09720957135826196,63.04461656940602,985.6827441753367,985.6827441753367,985.6827441753367,985.6827441753367,985.6827441753367,985.6827441753367,985.6827441753367,985.6827441753367,985.6827441753367,985.6827441753367,27581.800634814954,27581.800634814954,27581.800634814954,27581.800634814954,27581.800634814954,27581.800634814954,27581.800634814954,27581.800634814954,27581.800634814954,27581.800634814954
6,6,12978799.0,10.281910885929017,0.09725818586587034,83.68352687940074,1006.3216544853314,1006.3216544853314,1006.3216544853314,1006.3216544853314,1006.3216544853314,1006.3216544853314,1006.3216544853314,1006.3216544853314,1006.3216544853314,1006.3216544853314,27369.52565541686,27369.52565541686,27369.52565541686,27369.52565541686,27369.52565541686,27369.52565541686,27369.52565541686,27369.52565541686,27369.52565541686,27369.52565541686
7,7,12980363.0,9.998024530255975,0.10001975860069204,463.73360265878733,1395.6439359991048,2318.2820636050355,2318.2820636050355,2318.2820636050355,2318.2820636050355,2318.2820636050355,2318.2820636050355,2318.2820636050355,2318.2820636050355,2318.2820636050355,14066.811123809082,14066.811123809082,14066.811123809082,14066.811123809082,14066.811123809082,14066.811123809082,14066.811123809082,14066.811123809082,14066.811123809082,14066.811123809082
8,8,12981029.0,10.21019240311733,0.09794134728496247,409.5539219647034,1332.192049570634,1332.192049570634,1332.192049570634,1332.192049570634,1332.192049570634,1332.192049570634,1332.192049570634,1332.192049570634,1332.192049570634,1332.192049570634,24030.35795634411,24030.35795634411,24030.35795634411,24030.35795634411,24030.35795634411,24030.35795634411,24030.35795634411,24030.35795634411,24030.35795634411,24030.35795634411
9,9,12982429.0,10.198967927281798,0.09804913665088046,460.580861072112,1383.2189886780427,1383.2189886780427,1383.2189886780427,1383.2189886780427,1383.2189886780427,1383.2189886780427,1383.2189886780427,1383.2189886780427,1383.2189886780427,1383.2189886780427,23509.603684633254,23509.603684633254,23509.603684633254,23509.603684633254,23509.603684633254,23509.603684633254,23509.603684633254,23509.603684633254,23509.603684633254,23509.603684633254
10,10,12984020.0,10.181645276348487,0.09821595359670955,539.7808610677317,1462.4189886736624,1462.4189886736624,1462.4189886736624,1462.4189886736624,1462.4189886736624,1462.4189886736624,1462.4189886736624,1462.4189886736624,1462.4189886736624,1462.4189886736624,22702.45841540481,22702.45841540481,22702.45841540481,22702.45841540481,22702.45841540481,22702.45841540481,22702.45841540481,22702.45841540481,22702.45841540481,22702.45841540481
11,11,12984830.0,10.012030866440936,0.09987983590341035,397.81224706316823,1329.7225804034856,2252.360708009416,2252.360708009416,2252.360708009416,2252.360708009416,2252.360708009416,2252.360708009416,2252.360708009416,2252.360708009416,2252.360708009416,14726.370682560246,14726.370682560246,14726.370682560246,14726.370682560246,14726.370682560246,14726.370682560246,14726.370682560246,14726.370682560246,14726.370682560246,14726.370682560246
12,12,12986948.0,9.89953732768991,0.10101482189505046,931.3477952773999,1863.2581286177171,2785.896256223648,2785.896256223648,2785.896256223648,2785.896256223648,2785.896256223648,2785.896256223648,2785.896256223648,2785.896256223648,2785.896256223648,9414.60342367768,9414.60342367768,9414.60342367768,9414.60342367768,9414.60342367768,9414.60342367768,9414.60342367768,9414.60342367768,9414.60342367768,9414.60342367768
13,13,12986948.0,9.89953732768991,0.10101482189505046,931.3477952773999,1863.2581286177171,2785.896256223648,2785.896256223648,2785.896256223648,2785.896256223648,2785.896256223648,2785.896256223648,2785.896256223648,2785.896256223648,2785.896256223648,9414.60342367768,9414.60342367768,9414.60342367768,9414.60342367768,9414.60342367768,9414.60342367768,9414.60342367768,9414.60342367768,9414.60342367768,9414.60342367768
14,14,12988870.0,9.8975577171709,0.10103502586957767,937.2346918129797,1869.145025153297,2791.7831527592275,2791.7831527592275,2791.7831527592275,2791.7831527592275,2791.7831527592275,2791.7831527592275,2791.7831527592275,2791.7831527592275,2791.7831527592275,9356.328921033284,9356.328921033284,9356.328921033284,9356.328921033284,9356.328921033284,9356.328921033284,9356.328921033284,9356.328921033284,9356.328921033284,9356.328921033284
15,15,12991879.0,9.904488086406488,0.10096432963279141,904.517635833083,1836.4279691734005,2759.066096779331,2759.066096779331,2759.066096779331,2759.066096779331,2759.066096779331,2759.066096779331,2759.066096779331,2759.066096779331,2759.066096779331,9680.28757705039,9680.28757705039,9680.28757705039,9680.28757705039,9680.28757705039,9680.28757705039,9680.28757705039,9680.28757705039,9680.28757705039,9680.28757705039
16,16,12992651.0,9.93821896939285,0.10062165092958225,746.0263543779901,1677.9366877183074,2600.574815324238,2600.574815324238,2600.574815324238,2600.574815324238,2600.574815324238,2600.574815324238,2600.574815324238,2600.574815324238,2600.574815324238,11252.819421135757,11252.819421135757,11252.819421135757,11252.819421135757,11252.819421135757,11252.819421135757,11252.819421135757,11252.819421135757,11252.819421135757,11252.819421135757
17,17,12993285.0,9.8975577171709,0.10103502586957767,940.9151769604513,1872.8255103007687,2795.463637906699,2795.463637906699,2795.463637906699,2795.463637906699,2795.463637906699,2795.463637906699,2795.463637906699,2795.463637906699,2795.463637906699,9319.899411931649,9319.899411931649,9319.899411931649,9319.899411931649,9319.899411931649,9319.899411931649,9319.899411931649,9319.899411931649,9319.899411931649,9319.899411931649
18,18,12995086.0,9.939212791289787,0.1006115897706052,741.2894781980425,1673.1998115383599,2595.8379391442904,2595.8379391442904,2595.8379391442904,2595.8379391442904,2595.8379391442904,2595.8379391442904,2595.8379391442904,2595.8379391442904,2595.8379391442904,11299.899412039951,11299.899412039951,11299.899412039951,11299.899412039951,11299.899412039951,11299.899412039951,11299.899412039951,11299.899412039951,11299.899412039951,11299.899412039951
19,19,12996397.0,10.236772113052515,0.09768704323552718,289.79328254137175,1212.4314101473024,1212.4314101473024,1212.4314101473024,1212.4314101473024,1212.4314101473024,1212.4314101473024,1212.4314101473024,1212.4314101473024,1212.4314101473024,1212.4314101473024,25254.816466322187,25254.816466322187,25254.816466322187,25254.816466322187,25254.816466322187,25254.816466322187,25254.816466322187,25254.816466322187,25254.816466322187,25254.816466322187
20,20,12997571.0,10.290139294148666,0.0971804143184568,49.08180927453573,971.7199368804664,971.7199368804664,971.7199368804664,971.7199368804664,971.7199368804664,971.7199368804664,971.7199368804664,971.7199368804664,971.7199368804664,971.7199368804664,27725.46422845347,27725.46422845347,27725.46422845347,27725.46422845347,27725.46422845347,27725.46422845347,27725.46422845347,27725.46422845347,27725.46422845347,27725.46422845347
21,21,12998275.0,10.108604345217325,0.0989256247300973,877.8446613791152,1800.4827889850458,1800.4827889850458,1800.4827889850458,1800.4827889850458,1800.4827889850458,1800.4827889850458,1800.4827889850458,1800.4827889850458,1800.4827889850458,1800.4827889850458,19272.53062452495,19272.53062452495,19272.53062452495,19272.53062452495,19272.53062452495,19272.53062452495,19272.53062452495,19272.53062452495,19272.53062452495,19272.53062452495
22,22,12998543.0,9.949156477919749,0.10051103349508161,694.3423096204053,1626.2526429607226,2548.8907705666534,2548.8907705666534,2548.8907705666534,2548.8907705666534,2548.8907705666534,2548.8907705666534,2548.8907705666534,2548.8907705666534,2548.8907705666534,11766.764676232111,11766.764676232111,11766.764676232111,11766.764676232111,11766.764676232111,11766.764676232111,11766.764676232111,11766.764676232111,11766.764676232111,11766.764676232111
23,23,12999186.0,10.054167714716009,0.09946124118621251,199.43585455297602,1131.3461878932933,2053.984315499224,2053.984315499224,2053.984315499224,2053.984315499224,2053.984315499224,2053.984315499224,2053.984315499224,2053.984315499224,2053.984315499224,16716.764676499894,16716.764676499894,16716.764676499894,16716.764676499894,16716.764676499894,16716.764676499894,16716.764676499894,16716.764676499894,16716.764676499894,16716.764676499894
24,24,12999729.0,10.081349287100512,0.09919307143534248,70.84358736517248,1002.7539207054898,1925.3920483114205,1925.3920483114205,1925.3920483114205,1925.3920483114205,1925.3920483114205,1925.3920483114205,1925.3920483114205,1925.3920483114205,1925.3920483114205,18011.48577656803,18011.48577656803,18011.48577656803,18011.48577656803,18011.48577656803,18011.48577656803,18011.48577656803,18011.48577656803,18011.48577656803,18011.48577656803
25,25,13001944.0,10.300434065240529,0.09708328733199349,0.06496365738392833,922.7030912633146,922.7030912633146,922.7030912633146,922.7030912633146,922.7030912633146,922.7030912633146,922.7030912633146,922.7030912633146,922.7030912633146,922.7030912633146,28230.14202711754,28230.14202711754,28230.14202711754,28230.14202711754,28230.14202711754,28230.14202711754,28230.14202711754,28230.14202711754,28230.14202711754,28230.14202711754
26,26,13003090.0,10.300434065240529,0.09708328733199349,0.0,0.0,0.0,0.0,0.0,0.0,0.0,0.0,0.0,834.7973659837688,1661.288727440635,0.0,0.0,0.0,0.0,0.0,0.0,0.0,0.0,0.0,0.0
27,27,13004345.0,10.300434065240529,0.09708328733199349,0.0,0.0,0.0,0.0,0.0,0.0,0.0,0.0,0.0,0.0,0.0,0.0,0.0,0.0,0.0,0.0,0.0,0.0,0.0,0.0,0.0
28,28,13131665.0,10.300434065240529,0.09708328733199349,0.0,0.0,0.0,0.0,0.0,0.0,0.0,0.0,0.0,0.0,0.0,0.0,0.0,0.0,0.0,0.0,0.0,0.0,0.0,0.0,0.0
29,29,13179858.0,11.555716932120337,0.08653725302152343,147.19235813712555,723.5606507217692,1294.1942620898128,1859.1502772200215,2418.4851351564216,2972.254819698126,3520.5146624859804,4063.3195023655803,4600.723601249327,5132.780725775035,5659.544047947681,18178.769588330502,24675.331543068503,31107.254705076815,37475.18242180009,43779.75138030086,50021.5918680965,56201.32838345801,62319.578058146435,68376.95352686563,68376.95352686563
30,30,13180781.0,11.158282384070095,0.08961952795061277,0.18601038531758754,588.1971392106144,1170.3577122328668,1746.7260048175106,2317.359616185554,2882.315631315763,3441.650489252163,3995.4201737938674,4543.680016581721,5086.484856461321,5623.888955345068,19488.259457874563,25856.187174597835,32160.75613309861,38402.59662089424,44582.33313625575,50700.58281094418,56757.958279663384,56757.958279663384,56757.958279663384,56757.958279663384
31,31,13181949.0,10.959240008337812,0.09124720320379862,535.9348774678916,1123.9460062931885,1706.1065793154407,2282.4748719000845,2853.108483268128,3418.064498398337,3977.3993563347367,4531.169040876442,5079.428883664295,5622.233723543895,6159.637822427642,13563.373129182917,19931.30084590619,26235.869804406964,32477.7102922026,38657.446807564105,44775.69648225253,50833.07195097174,50833.07195097174,50833.07195097174,50833.07195097174
32,32,13183448.0,10.670514374771173,0.09371619444741573,144.5253014780006,744.4144311395783,1338.3348513482285,1926.3459801735253,2508.5065531957775,3084.8748457804213,3655.508457148465,4220.464472278673,4779.7993302150735,5333.569014756778,5881.828857544632,17558.546318440043,23800.386806235678,29980.123321597184,36098.372996285616,42155.74846500482,42155.74846500482,42155.74846500482,42155.74846500482,42155.74846500482,42155.74846500482
33,33,13183957.0,10.28396737092531,0.09723873714605377,50.20020129899978,662.2072773942717,1268.1250771622176,1868.0142068237953,2461.9346270324454,3049.9457558577424,3632.1063288799946,4208.474621464638,4779.108232832682,5344.0642479628905,5903.399105899291,18209.432093800428,24327.68176848886,30385.05723720806,30385.05723720806,30385.05723720806,30385.05723720806,30385.05723720806,30385.05723720806,30385.05723720806,30385.05723720806
34,34,13184502.0,10.811210626869235,0.09249657920036149,348.0259656955199,941.9463859041701,1529.957514729467,2112.1180877517195,2688.486380336363,3259.1199917044064,3824.0760068346153,4383.410864771015,4937.180549312719,5485.440392100574,6028.245231980174,15511.61884100617,21816.187799506944,28058.02828730258,34237.76480266409,40356.01447735252,46413.38994607172,46413.38994607172,46413.38994607172,46413.38994607172,46413.38994607172
35,35,13186147.0,11.038427309310533,0.09059261541329665,320.90386671885665,908.9149955441535,1491.0755685664058,2067.4438611510495,2638.077472519093,3203.0334876493016,3762.3683455857017,4316.138030127407,4864.39787291526,5407.20271279486,5944.606811678607,15928.581427646764,22296.509144370037,28601.07810287081,34842.91859066644,41022.65510602795,47140.90478071638,53198.280249435586,53198.280249435586,53198.280249435586,53198.280249435586
36,36,13186812.0,11.253527239382318,0.08886102807841853,339.7493199883489,921.9098930106012,1498.2781855952448,2068.9117969632885,2633.8678120934974,3193.202670029897,3746.972354571602,4295.232197359456,4838.037037239056,5375.441136122802,5907.49826064851,15840.551680405466,22272.474842413776,28640.40255913705,34944.97151763782,41186.81200543346,47366.54852079497,53484.798195483396,59542.1736642026,59542.1736642026,59542.1736642026
37,37,13187822.0,11.443029610163022,0.08738944441005896,431.8657302742895,1008.2340228589331,1578.8676342269766,2143.8236493571853,2703.1585072935854,3256.92819183529,3805.188034623144,4347.992874502745,4885.396973386491,5417.454097912198,5944.217420084845,14905.131329967033,21401.693284705034,27833.61644671335,34201.54416343662,40506.11312193739,46747.95360973303,52927.69012509454,59045.939799782966,65103.31526850217,65103.31526850217
38,38,13188688.0,11.425878789605552,0.08752062037536479,474.7849377588232,1051.153230343467,1621.7868417115103,2186.7428568417195,2746.077714778119,3299.8473993198236,3848.107242107678,4390.912081987278,4928.316180871025,5460.373305396733,5987.136627569379,14414.34478103701,20910.906735775014,27342.829897783326,33710.7576145066,40015.326573007376,46257.16706080301,52436.903576164514,58555.15325085295,64612.52871957215,64612.52871957215
39,39,13189249.0,11.37799312322043,0.08788896153919978,16.54684208372801,598.7074151059803,1175.075707690624,1745.7093190586675,2310.6653341888764,2870.0001921252765,3423.769876666981,3972.0297194548352,4514.834559334436,5052.238658218182,5584.2957827438895,19497.877186361722,25929.800348370034,32297.728065093306,38602.29702359408,44844.137511389716,51023.87402675122,57142.123701439654,63199.49917015885,63199.49917015885,63199.49917015885
40,40,13190369.0,11.621769286452874,0.08604541833106841,558.9725970814609,1129.6062084495045,1694.5622235797132,2253.8970815161133,2807.6667660578178,3355.926608845672,3898.731448725272,4436.135547609018,4968.192672134726,5494.955994307373,6016.4782057275725,13524.304286448167,20086.154385004003,26582.716339742004,33014.63950175032,39382.56721847359,45687.13617697437,51928.97666477,58108.713180131504,64226.96285481994,70284.33832353914
41,41,13191218.0,11.559183993883035,0.08651129703698691,138.15572086318298,714.5240134478266,1285.1576248158701,1850.113639946079,2409.448497882479,2963.2181824241834,3511.4780252120377,4054.2828650916376,4591.686963975384,5123.744088501092,5650.507410673738,18283.21320146121,24779.775156199215,31211.698318207527,37579.6260349308,43884.19499343157,50126.035481227205,56305.771996588715,62424.02167127714,68481.39713999635,68481.39713999635
42,42,13192532.0,11.276055688397312,0.08868349249365333,279.35397501278453,861.5145480350369,1437.8828406196806,2008.5164519877242,2573.472467117933,3132.807325054333,3686.5770095960374,4234.836852383892,4777.641692263492,5315.045791147238,5847.102915672946,16520.9239900726,22952.847152080914,29320.774868804183,35625.34382730496,41867.184315100596,48046.9208304621,54165.170505150534,60222.54597386973,60222.54597386973,60222.54597386973
43,43,13194168.0,11.24790216339792,0.08890546747944919,354.40647854277057,936.5670515650229,1512.9353441496667,2083.56895551771,2648.524970647919,3207.859828584319,3761.6295131260235,4309.889355913878,4852.694195793478,5390.098294677224,5922.1554192029325,15675.644763172844,22107.567925181156,28475.49564190443,34780.0646004052,41021.90508820084,47201.64160356234,53319.891278250776,59377.26674696997,59377.26674696997,59377.26674696997
44,44,13197077.0,11.074912462598302,0.09029416741460984,223.09708736916943,811.1082161944662,1393.2687892167187,1969.6370818013622,2540.2706931694056,3105.2267082996145,3664.5615662360146,4218.331250777719,4766.591093565573,5309.395933445174,5846.80003232892,17010.068985946033,23377.9967026693,29682.565661170076,35924.40614896571,42104.14266432722,48222.39233901565,54279.767807734854,54279.767807734854,54279.767807734854,54279.767807734854
45,45,13197710.0,10.796086277711073,0.09262615861680706,390.9306298352119,984.8510500438621,1572.862178869159,2155.022751891411,2731.391044476055,3302.0246558440986,3866.9806709743075,4426.315528910707,4980.085213452412,5528.345056240266,6071.149896119866,15048.065036593161,21352.633995093936,27594.47448288957,33774.21099825108,39892.46067293951,45949.836141658714,45949.836141658714,45949.836141658714,45949.836141658714,45949.836141658714
46,46,13198475.0,10.55589858946563,0.09473376345221435,471.13331904462024,1071.0224487061978,1664.942868914848,2252.953997740145,2835.1145707623973,3411.482863347041,3982.116474715084,4547.072489845294,5106.407347781693,5660.177032323398,6208.4368751112515,14092.163966101913,20334.004453897545,26513.74096925905,32631.990643947483,38689.366112666685,38689.366112666685,38689.366112666685,38689.366112666685,38689.366112666685,38689.366112666685
47,47,13199392.0,10.648130924586212,0.09391319538446229,206.3440892243565,806.2332188859341,1400.1536390945844,1988.1647679198811,2570.3253409421336,3146.6936335267774,3717.3272448948205,4282.283260025029,4841.61811796143,5395.3878025031345,5943.647645290988,16899.57460975255,23141.415097548186,29321.151612909693,35439.40128759813,41496.776756317326,41496.776756317326,41496.776756317326,41496.776756317326,41496.776756317326,41496.776756317326
48,48,13200123.0,10.623669587826228,0.09412943350063431,277.1635621850571,877.0526918466347,1470.973112055285,2058.9842408805816,2641.144813902834,3217.5131064874777,3788.1467178555213,4353.10273298573,4912.43759092213,5466.207275463835,6014.467118251689,16146.311164379858,22388.151652175493,28567.888167537,34686.13784222543,40743.51331094463,40743.51331094463,40743.51331094463,40743.51331094463,40743.51331094463,40743.51331094463
49,49,13201330.0,10.066239353936773,0.09934196524036688,93.75580751947399,711.9133507921435,1323.9204268874155,1929.8382266553615,2529.727356316939,3123.647776525589,3711.658905350886,4293.819478373139,4870.187770957782,5440.821382325826,6005.777397456034,17594.554679858236,23651.930148577438,23651.930148577438,23651.930148577438,23651.930148577438,23651.930148577438,23651.930148577438,23651.930148577438,23651.930148577438,23651.930148577438
50,50,13201873.0,10.280882797649253,0.09726791168445692,61.4568313995191,673.4639074947911,1279.381707262737,1879.2708369243146,2473.191257132965,3061.202385958262,3643.362958980514,4219.731251565157,4790.364862933201,5355.32087806341,5914.65573599981,18093.68253252666,24211.932207215094,30269.307675934295,30269.307675934295,30269.307675934295,30269.307675934295,30269.307675934295,30269.307675934295,30269.307675934295,30269.307675934295
51,51,13203951.0,10.436250617007618,0.0958198530006871,212.71090022958816,818.6286999975341,1418.5178296591116,2012.438249867762,2600.449378693059,3182.609951715311,3758.978244299955,4329.6118556679985,4894.567870798207,5453.902728734607,6007.672413276312,16686.62100163796,22866.357516999466,28984.607191687897,35041.9826604071,35041.9826604071,35041.9826604071,35041.9826604071,35041.9826604071,35041.9826604071,35041.9826604071
52,52,13204702.0,10.48855991895379,0.09534197332399354,60.61797282930108,666.535772597247,1266.4249022588247,1860.345322467475,2448.3564512927715,3030.517024315024,3606.8853168996675,4177.518928267711,4742.4749433979205,5301.80980133432,5855.579485876025,18277.90262872458,24457.639144086086,30575.888818774518,36633.264287493716,36633.264287493716,36633.264287493716,36633.264287493716,36633.264287493716,36633.264287493716,36633.264287493716
53,53,13205817.0,10.642808455970947,0.09396016137441324,222.56167228718726,822.4508019487649,1416.371222157415,2004.3823509827118,2586.5429240049643,3162.911216589608,3733.5448279576513,4298.500843087861,4857.835701024261,5411.605385565965,5959.8652283538195,16726.92245018142,22968.76293797705,29148.499453338558,35266.74912802699,41324.124596746195,41324.124596746195,41324.124596746195,41324.124596746195,41324.124596746195,41324.124596746195
54,54,13206899.0,10.670514374771173,0.09371619444741573,143.3640881870368,743.2532178486144,1337.1736380572647,1925.1847668825615,2507.345339904814,3083.7136324894573,3654.347243857501,4219.30325898771,4778.638116924109,5332.407801465814,5880.667644253668,17570.937440225676,23812.77792802131,29992.514443382817,36110.764118071245,42168.13958679045,42168.13958679045,42168.13958679045,42168.13958679045,42168.13958679045,42168.13958679045
55,55,13207529.0,10.56645923947639,0.09463908177149737,440.36408817105627,1040.253217832634,1634.173638041284,2222.184766866581,2804.345339888833,3380.713632473477,3951.3472438415206,4516.3032589717295,5075.63811690813,5629.407801449834,6177.667644237688,14417.135691898617,20658.97617969425,26838.712695055758,32956.962369744186,39014.33783846339,39014.33783846339,39014.33783846339,39014.33783846339,39014.33783846339,39014.33783846339
56,56,13208850.0,10.593966401980152,0.09439335203225553,362.72043737128575,962.6095670328634,1556.5299872415135,2144.5411160668104,2726.7016890890627,3303.0699816737065,3873.70359304175,4438.659608171959,4997.994466108359,5551.764150650063,6100.023993437918,15238.641114944017,21480.481602739652,27660.21811810116,33778.46779278959,39835.84326150879,39835.84326150879,39835.84326150879,39835.84326150879,39835.84326150879,39835.84326150879
57,57,13209712.0,10.890417256653054,0.09182384627082044,128.50590012580656,722.4263203344567,1310.4374491597537,1892.598022182006,2468.9663147666497,3039.5999261346933,3604.555941264902,4163.890799201302,4717.660483743007,5265.920326530861,5808.725166410461,17893.778568924765,24198.34752742554,30440.188015221174,36619.92453058268,42738.17420527111,48795.54967399031,48795.54967399031,48795.54967399031,48795.54967399031,48795.54967399031
58,58,13210307.0,11.317852280664738,0.08835598620671045,172.29812045170792,754.4586934739602,1330.826986058604,1901.4605974266474,2466.4166125568563,3025.7514704932564,3579.521155034961,4127.780997822815,4670.585837702415,5207.989936586161,5740.04706111187,17730.382790304902,24162.305952313214,30530.233669036486,36834.80262753726,43076.643115332896,49256.3796306944,55374.629305382834,61432.00477410203,61432.00477410203,61432.00477410203
59,59,13211951.0,11.288465553346098,0.08858599915766076,248.48572965663854,830.6463026788908,1407.0145952635346,1977.6482066315782,2578.1251659690492,3172.6275444731464,3761.2148458584306,4343.945880677511,4920.878935703828,5492.071684503629,6057.58127422877,16869.204461316396,23301.127623324708,29669.055340047977,35973.624298548755,42215.46478634439,48395.20130170589,54513.45097639433,60570.826445113526,60570.826445113526,60570.826445113526
60,60,13212532.0,11.316720608603877,0.08836482180533113,173.8705013439021,756.0310743661545,1332.3993669507981,1903.0329783188417,2503.509937656313,3098.01231616041,3686.5996175456944,4269.330652364775,4846.263707391091,5417.456456190892,5982.966045916034,17712.586956362837,24144.51011837115,30512.437835094417,36817.006793595196,43058.84728139083,49238.58379675233,55356.83347144077,61414.208940159966,61414.208940159966,61414.208940159966
61,61,13213216.0,11.461352195584993,0.08724974007737134,385.4543909543321,961.8226835389759,1532.4562949070194,2132.9332542444904,2727.435632748588,3316.022934133872,3898.7539689529526,4475.687023979269,5046.87977277907,5612.389362504211,6172.272308286873,15436.663852239577,21933.22580697758,28365.148968985894,34733.076685709166,41037.64564420994,47279.48613200557,53459.22264736708,59577.47232205551,65634.84779077471,65634.84779077471
62,62,13213855.0,11.467084017932624,0.08720612829174054,370.62397298444534,946.992265569089,1517.6258769371325,2118.1028362746038,2712.605214778701,3301.192516163985,3883.9235509830655,4460.856606009382,5032.049354809183,5597.558944534325,6157.441890316986,15606.689762664248,22103.25171740225,28535.174879410562,34903.10259613383,41207.67155463461,47449.512042430244,53629.248557791754,59747.49823248018,65804.87370119938,65804.87370119938
63,63,13214444.0,11.65318888995057,0.08581342063908154,480.72864867916786,1051.3622600472113,1651.8392193846826,2246.3415978887797,2834.928899274064,3417.6599340931443,3994.592989119461,4565.785737919261,5131.295327644403,5691.1782734270655,6245.490579790206,14434.868320958245,20996.71841951408,27493.280374252085,33925.20353626039,40293.131252983665,46597.70021148444,52839.54069928008,59019.27721464158,65137.526889330016,71194.90235804922
64,64,13215123.0,11.02739495070858,0.09068324880625987,351.393789622171,939.4049184474678,1521.5654914697202,2097.933784054364,2668.5673954224076,3269.044354759879,3863.546733263976,4452.13403464926,5034.86506946834,5611.798124494657,6182.990873294458,15592.170071379729,21960.097788103,28264.666746603776,34506.50723439941,40686.24374976091,46804.49342444935,52861.86889316855,52861.86889316855,52861.86889316855,52861.86889316855
65,65,13215663.0,10.854539903733235,0.09212735029478927,228.58368296634907,822.5041031749993,1410.515232000296,1992.6758050225485,2569.0440976071923,3139.677708975236,3740.1546683127067,4334.657046816804,4923.244348202088,5505.975383021168,6082.908438047485,16805.60252846093,23110.171486961706,29352.01197475734,35531.74849011884,41649.99816480728,47707.37363352648,47707.37363352648,47707.37363352648,47707.37363352648,47707.37363352648
66,66,13216275.0,10.313832666810573,0.09695716736009814,572.8820073307103,1178.7998070986562,1778.688936760234,2372.609356968884,2960.6204857941807,3542.781058816433,4119.149351401077,4689.782962769121,5290.259922106592,5884.762300610689,6473.349601995973,12949.711467762518,19129.447983124024,25247.697657812456,31305.073126531657,31305.073126531657,31305.073126531657,31305.073126531657,31305.073126531657,31305.073126531657,31305.073126531657
67,67,13217630.0,10.381087558071654,0.09632902086664952,373.69861697969924,979.6164167476452,1579.505546409223,2173.425966617873,2761.4370954431697,3343.597668465422,3919.9659610500657,4490.599572418109,5091.076531755581,5685.578910259678,6274.166211644962,15010.883564067228,21190.620079428732,27308.869754117164,33366.24522283637,33366.24522283637,33366.24522283637,33366.24522283637,33366.24522283637,33366.24522283637,33366.24522283637
68,68,13218571.0,10.493805247874148,0.09529431663529124,44.56857369940316,650.4863734673492,1250.3755031289268,1844.2959233375768,2432.307052162874,3014.467625185126,3590.83591776977,4161.469529137813,4761.946488475284,5356.448866979382,5945.036168364666,18446.283744423006,24626.020259784513,30744.269934472944,36801.645403192146,36801.645403192146,36801.645403192146,36801.645403192146,36801.645403192146,36801.645403192146,36801.645403192146
69,69,13219374.0,10.679053774612637,0.09364125521844496,119.2050204282278,719.0941500898055,1313.0145702984555,1901.0256991237525,2483.1862721460047,3059.5545647306485,3630.188176098692,4230.665135436163,4825.1675139402605,5413.754815325545,5996.485850144625,17828.843048930445,24070.683536726076,30250.420052087582,36368.66972677602,42426.045195495215,42426.045195495215,42426.045195495215,42426.045195495215,42426.045195495215,42426.045195495215
70,70,13219906.0,11.057207655506257,0.09043874648605528,270.43387841854724,858.4450072438441,1440.6055802660965,2016.97387285074,2587.6074842187836,3188.084443556255,3782.586822060352,4371.174123445636,4953.905158264717,5530.838213291033,6102.030962090834,16486.202732317375,22854.130449040647,29158.699407541422,35400.53989533705,41580.27641069856,47698.52608538699,53755.901554106196,53755.901554106196,53755.901554106196,53755.901554106196
71,71,13220731.0,11.200762394068407,0.08927963694056848,477.8435868506997,1060.004159872952,1636.3724524575957,2207.006063825639,2807.4830231631104,3401.985401667208,3990.5727030524918,4573.303737871573,5150.236792897888,5721.429541697689,6286.939131422831,14290.111575535464,20722.034737543774,27089.962454267046,33394.53141276782,39636.371900563456,45816.108415924966,51934.358090613394,57991.7335593326,57991.7335593326,57991.7335593326
72,72,13221999.0,11.160514152129732,0.08960160673325006,584.2484572871716,1166.409030309424,1742.7773228940678,2313.4109342621114,2913.8878935995826,3508.3902721036798,4096.977573488964,4679.708608308044,5256.641663334361,5827.8344121341615,6393.344001859303,13100.40387684616,19532.327038854473,25900.254755577742,32204.82371407852,38446.664201874155,44626.40071723566,50744.65039192409,56802.02586064329,56802.02586064329,56802.02586064329
73,73,13223320.0,11.179502212079404,0.0894494210054813,534.2484572898614,1116.4090303121138,1692.7773228967574,2263.410934264801,2863.887893602272,3458.3902721063696,4046.9775734916534,4629.708608310734,5206.641663337051,5777.834412136851,6343.344001861993,13658.917400857521,20090.840562865833,26458.768279589105,32763.33723808988,39005.177725885515,45184.91424124702,51303.16391593545,57360.53938465465,57360.53938465465,57360.53938465465
74,74,13223913.0,11.325777154406344,0.08829416174862187,151.01444717171768,733.17502019397,1309.5433127786137,1880.1769241466573,2480.6538834841285,3075.1562619882257,3663.74356337351,4246.474598192591,4823.4076532189065,5394.600402018707,5960.10999174385,17971.360210089573,24403.283372097885,30771.211088821157,37075.78004732193,43317.62053511757,49497.35705047907,55615.606725167505,61672.9821938867,61672.9821938867,61672.9821938867
75,75,13224952.0,12.448206636015762,0.08033285671100213,316.20485446252536,904.7921558478095,1487.52319066689,2064.4562456932063,2635.6489944930067,3201.158584218149,3761.041530000811,4315.353836363951,4864.150893805675,5375.34678588715,5881.456425494699,18039.321280959204,24800.99942850554,31495.400802802822,38123.19552172537,44685.045620281206,51181.60757501921,57613.53073702752,63981.45845375079,70286.02741225157,76527.8679000472
76,76,13225688.0,12.623698330128619,0.07921608817388552,489.7344677220389,1072.4655025411193,1649.3985575674358,2220.5913063672365,2786.100896092378,3345.98384187504,3900.2961482381806,4449.093205679904,4960.28909776138,5466.398737368929,5967.472770913221,15983.516307550204,23242.55194723843,30004.230094784765,36698.63146908205,43326.426188004596,49888.27628656043,56384.838241298436,62816.761403306744,69184.68912003002,75489.2580785308
77,77,13226651.0,12.89674298045332,0.07753895704641313,444.1998244404408,1021.1328794667571,1592.3256282665577,2157.8352179916997,2717.7181637743615,3272.030470137502,3820.8275275792257,4332.023419660701,4838.13305926825,5339.207092812542,5835.295599151884,16668.20605095349,24000.19281541096,31259.228455099186,38020.906602645526,44715.3079769428,51343.10269586535,57904.95279442119,64401.51474915919,70833.43791116751,77201.36562789077
78,78,13227465.0,12.861970477005189,0.07774858461911524,521.8893688154349,1098.8224238417513,1670.0151726415518,2235.5247623666937,2795.4077081493556,3349.720014512496,3898.51707195422,4409.712964035695,4915.822603643244,5416.896637187536,5912.985143526878,15667.557927302878,22999.544691760348,30258.580331448575,37020.25847899491,43714.65985329219,50342.45457221474,56904.30467077057,63400.86662550858,69832.78978751689,76200.71750424016
79,79,13228063.0,13.08640712428172,0.07641516808265182,20.083245171401956,597.0163001977184,1168.209048997519,1733.718638722661,2293.6015845053225,2847.913890868463,3396.7109483101867,3907.906840391662,4414.016479999211,4915.090513543503,5411.179019882846,22178.122409217067,29510.10917367454,36769.144813362764,43530.8229609091,50225.22433520638,56853.01905412893,63414.86915268477,69911.43110742277,76343.35426943109,82711.28198615435
80,80,13228609.0,12.891585572677549,0.07756997728187927,454.42876395425674,1031.3618189805732,1602.5545677803736,2168.0641575055156,2727.9471032881775,3282.259409651318,3831.0564670930416,4342.252359174517,4848.361998782066,5349.436032326358,5845.5245386657,16536.304328536993,23868.291092994466,31127.32673268269,37889.004880229026,44583.40625452631,51211.20097344885,57773.051072004695,64269.61302674269,70701.53618875101,77069.46390547427
81,81,13229849.0,12.949725517575596,0.07722171397708642,323.07342425731997,900.0064792836363,1471.199228083437,2036.708817808579,2596.5917635912406,3150.904069954381,3699.7011273961048,4210.89701947758,4717.006659085129,5218.080692629422,5714.169198968763,18233.64427662958,25565.63104108705,32824.66668077528,39586.34482832161,46280.746202618895,52908.54092154144,59470.391020097275,65966.95297483528,72398.8761368436,78766.80385356686
82,82,13230439.0,12.806785495893115,0.07808360656315204,65.69387377837026,648.4249085974508,1225.357963623767,1796.5507124235678,2362.0603021487095,2921.9432479313714,3476.255554294512,4025.0526117362356,4536.248503817711,5042.35814342526,5543.4321769695525,21375.432553212446,28634.468192900673,35396.14634044701,42090.547714744294,48718.34243366684,55280.192532222674,61776.75448696068,68208.677648969,74576.60536569226,80881.17432419304
83,83,13231163.0,13.005526433295088,0.07689039002988204,198.42490862158462,775.357963647901,1346.5507124477015,1912.0603021728434,2471.9432479555053,3026.255554318646,3575.0526117603695,4086.248503841845,4592.3581434493935,5093.432176993686,5589.520683333028,19851.40723657965,27183.394001037123,34442.42964072535,41204.107788271685,47898.50916256897,54526.30388149151,61088.15398004735,67584.71593478534,74016.63909679366,80384.56681351694
84,84,13231990.0,13.392206221403745,0.07467029580247772,499.8675460334509,1065.3771357585929,1625.2600815412547,2179.572387904395,2728.3694453461185,3239.5653374275944,3745.674977035143,4246.749010579435,4742.8375169187775,5233.990096867287,5720.255874368816,16140.560277887449,23620.655444235483,31026.325794180477,38358.31255863795,45617.34819832617,52379.02634587251,59073.42772016979,65701.22243909234,72263.07253764817,78759.63449238618
85,85,13232533.0,14.51625248474244,0.06888830302800722,463.64248573672154,974.838377818197,1480.9480174257458,1982.0220509700382,2478.11055730938,2969.26313725789,3455.528914759419,3936.956508776998,4413.5940640890285,4885.489223102944,4885.489223102944,17040.530807548068,24825.87881639368,32533.76488633305,40164.960185850134,47720.227569504175,55200.32273585221,62605.99308579721,69937.97985025468,77197.0154899429,83958.69363748924
86,86,13239748.0,15.172228326180779,0.06590989658878436,0.0,0.0,0.0,0.0,0.0,0.0,0.0,0.0,0.0,0.0,0.0,0.0,-4.5963478e-13,-9.1469633e-13,-1.36523018e-12,-1.81128135e-12,-2.25289447e-12,-2.69011368e-12,-3.12298271e-12,-3.55154482e-12,-3.9758429e-12
87,87,13456937.0,15.172228326180779,0.06590989658878436,0.0,0.0,0.0,0.0,0.0,0.0,0.0,0.0,0.0,0.0,0.0,0.0,-4.5963478e-13,-9.1469633e-13,-1.36523018e-12,-1.81128135e-12,-2.25289447e-12,-2.69011368e-12,-3.12298271e-12,-3.55154482e-12,-3.9758429e-12
88,88,13475463.0,15.172228326180779,0.06590989658878436,3.3342840688135653,8.52491011691232,13.663891087355632,18.75174079499028,23.78896811476381,28.77607669052733,33.713565254053236,38.60192733305292,43.4416518046532,48.23322269988229,52.97711903345399,186.0156357726355,263.42609098750495,340.0663359722286,415.94403698342614,491.0667770303357,565.4420720893257,639.0773571074399,711.9799972877621,784.1572769626289,855.6164203303321
89,89,13545975.0,13.341414941831026,0.07495456848917677,0.37082254093354583,5.937791745643736,11.449371641542545,16.906113037443806,22.308561765652453,27.657257674053156,32.95273605745783,38.19552595011867,43.38615199821742,48.525132968660735,53.61298267629538,215.96227343577425,288.139553110641,359.5986964783442,430.34684226091935,500.39106800787516,569.7383736426702,569.7383736426702,569.7383736426702,569.7383736426702,569.7383736426702
90,90,13548927.0,12.82216209378474,0.0779899671120776,0.28726486011627517,5.9666887188455116,11.589604200982658,17.156573405692846,22.668153301591655,28.12489469749292,33.52734342570156,38.876039334102266,44.17151771750694,49.41430761016778,54.60493365826653,212.8535076722427,283.6016534548178,353.64587920177365,422.9931848365687,422.9931848365687,422.9931848365687,422.9931848365687,422.9931848365687,422.9931848365687,422.9931848365687
91,91,13569500.0,12.321886571692723,0.08115640362226,0.23526110067786965,6.029411044306191,11.76591135524378,17.445335213973017,23.068250696110162,28.635219900820353,34.14679979671916,39.603541192620426,45.005989920829066,50.35468582922977,55.650164212634444,209.35121596848253,278.6985216032775,278.6985216032775,278.6985216032775,278.6985216032775,278.6985216032775,278.6985216032775,278.6985216032775,278.6985216032775,278.6985216032775
92,92,13584168.0,11.979279956790739,0.08347747140120274,2.6568025480575117,8.509182060566621,14.303332004194942,20.039832315132532,25.719256173861766,31.342171655998914,36.9091408607091,42.42072075660791,47.877462152509175,53.27991088071782,58.62860678911852,178.16658422108267,178.16658422108267,178.16658422108267,178.16658422108267,178.16658422108267,178.16658422108267,178.16658422108267,178.16658422108267,178.16658422108267,178.16658422108267
93,93,13633855.0,11.699892655623792,0.0854708696424945,3.7775761935009697,9.688769926963127,15.541149439472237,21.33529938310056,27.07179969403815,32.751223552767385,38.37413903490453,43.94110823961472,49.452688135513526,54.90942953141479,60.311878259623434,94.9122558591834,94.9122558591834,94.9122558591834,94.9122558591834,94.9122558591834,94.9122558591834,94.9122558591834,94.9122558591834,94.9122558591834,94.9122558591834
94,96,15827633.0,1.9984422980805816,0.5003897290206764,1.8299375e-13,1.8299375e-13,1.8299375e-13,1.8299375e-13,1.8299375e-13,1.8299375e-13,1.8299375e-13,1.8299375e-13,1.8299375e-13,1.8299375e-13,1.8299375e-13,7.2776635e-13,1.08622778e-12,1.44112261e-12,1.79248636e-12,2.14035417e-12,2.48476082e-12,2.82574078e-12,3.16332803e-12,3.49755638e-12,3.82845933e-12
95,97,15828587.0,1.6267404933973535,0.6147261988367658,0.0,0.0,0.0,0.0,0.0,0.0,0.0,0.0,0.0,0.0,0.0,0.0,0.0,0.0,0.0,0.0,0.0,0.0,0.0,0.0,0.0
96,98,15986689.0,1.6267404933973535,0.6147261988367658,0.0012045094883640678,0.0053325891473422465,0.009419596129289469,0.013465939427068295,0.0174720225278376,0.021438246336505852,0.025365007358432525,0.02925269823647757,0.03310170819320508,0.03691242242089584,0.04068522062925634,0.018097067723987625,0.024651830404471428,0.031141376265742385,0.03756635161611147,0.04392740217671126,0.050225161153117856,0.056460261563497476,0.06263332411683209,0.06874496520818378,0.07479579840454169
97,99,15995027.0,1.6267404933973535,0.6147261988367658,0.00519344609896232,0.022992358775228358,0.04061417966736069,0.05806067221716456,0.07533357612767383,0.0924346199681136,0.10936551333831043,0.1261279491842718,0.14272360570482187,0.15915414372153777,0.17542120041695133,0.07802856406008879,0.10629053044676878,0.13427130350238775,0.16197366989438905,0.18940041375849703,0.2165542652675006,0.24343795378613925,0.2700541556060256,0.2964055284185779,0.32249471772150057
98,100,15996635.0,1.6267404933973535,0.6147261988367658,0.007984749649143646,0.03534998249046455,0.062442942637646916,0.08926634132347669,0.11582285328317296,0.14211513613409626,0.16814581832879147,0.19391750271511363,0.21943276946761683,0.24469417204391905,0.26970422755739704,0.1199663070781582,0.16341813499551,0.2064376375726643,0.24902909921759742,0.2911968004458523,0.3329449388067638,0.3742777106073178,0.41519923055634295,0.4557135847654917,0.4958248405989885
99,101,15999245.0,1.6267404933973535,0.6147261988367658,0.009979214920417291,0.044179853872208436,0.07804021067976716,0.11156367379932057,0.1447535860730089,0.17761326894934118,0.21014600742709702,0.24235505450471623,0.2742436348439026,0.3058149397159519,0.3370721149696972,0.14993200966170725,0.2042374229214387,0.25800252274932256,0.3112326637312732,0.363933195588503,0.4161093643523583,0.4677664145015171,0.51890948853456,0.5695436932097645,0.6196741118551677
100,102,16007006.0,1.6267404933973535,0.6147261988367658,0.03005840846426356,0.13307420515268215,0.23506503747606775,0.336041111808584,0.43601249713013396,0.5349891979808318,0.6329811091105059,0.7299980288807125,0.826049670299882,0.9211456458011462,1.0152954310005673,0.45161043471053475,0.6151838527197928,0.7771297918178617,0.9374643805611313,1.0962037328530156,1.2533636502725245,1.4089599297218736,1.5630080609288712,1.715523425967906,1.866521336339101
101,103,16008587.0,1.6267404933973535,0.6147261988367658,0.03612645966031959,0.15993860453367323,0.28251887002024384,0.4038795229093706,0.5240326648596202,0.6429903200809662,0.7607643808291467,0.8773666235132123,0.9928087219583976,1.1071022291109671,1.220258533480124,0.5427794412717005,0.7393742973911673,0.9340131267534956,1.1267153138727555,1.3175002256519668,1.5063868536191523,1.6933941836814108,1.878540832560499,2.0618452875921833,2.243325951290762
102,104,16011046.0,1.3625898289161067,0.7338965687095034,0.02023231198514648,0.15570381228190483,0.2898273711712512,0.42261647061151547,0.5540843292115508,0.684244159686432,0.8131089244804675,0.9406915367167105,1.067004752591413,1.192061195746126,1.3158733406194798,0.5223216275402773,0.7019966526697526,0.8798839108288609,1.0560012488650443,1.2303663232799553,1.402996498619711,1.5739090381726153,1.743121081078933,1.9106495423997958,2.076511161045714
103,105,16042917.0,0.0537855077428393,18.592368873437554,0.01739291751072237,0.03998799997871056,0.06235815201143483,0.08450561720144424,0.10643281779744519,0.12814196402877276,0.14963507735835305,0.17091418049393128,0.19198178294699927,0.21283953441209888,0.23348988269582724,0.0027226540135336123,0.00392020541121693,0.005105835704370375,0.006279676198705776,0.007441830630496006,0.008592422847894111,0.009731572867246862,0.010859384004902209,0.011975979939668691,0.013081454421036018
104,106,16043515.0,0.0537855077428393,18.592368873437554,0.04327844466287723,0.099501331113131,0.15516452771321645,0.21027361714907,0.2648346266531289,0.3188530558943194,0.3723339348379324,0.4252822965467169,0.4777043853873333,0.5296043062613252,0.5809881499963123,0.006774724883748452,0.00975456779185388,0.012704747656804046,0.01562559120394447,0.018517356558143638,0.021380351888254472,0.024214875828523878,0.02702118545892966,0.029799588526948226,0.03255031830753762
105,107,16054183.0,1.4491600244103005,0.6900549167487042,0.008836556350925184,0.1403044149509606,0.2704642454258418,0.39932901021987727,0.5269116224561201,0.6532248383308228,0.7782812814855358,0.9020934263588894,1.02467369184546,1.1460343447345869,1.2661874866848364,0.5538639162598364,0.7390105651389248,0.9223150201706092,1.103795683869188,1.2834707089986634,1.4613579671577717,1.637475305193955,1.8118403796088662,1.9844705549486217,2.155383094501526
106,108,16064778.0,1.4491600244103005,0.6900549167487042,0.01154804526188103,0.1833566912212122,0.3534559418693809,0.5218627371644018,0.688593952608854,0.8536662586256761,1.0170961524088211,1.1788999361665473,1.3390938395194187,1.497693893309415,1.6547159125775233,0.7238165321292398,0.9657752541055276,1.2053265068046288,1.4424943395348502,1.6773024752185604,1.909774269337569,2.13993304502748,2.367801876670683,2.5934034571077538,2.8167603468505917
107,109,16085749.0,1.4491600244103005,0.6900549167487042,0.01311216124918719,0.2081912953135019,0.40132950635142767,0.5925460287403855,0.7818600236722449,0.9692904194823824,1.1548559478143245,1.338575118916217,1.5204663606169284,1.7005478750433325,1.8788376192923124,0.8218532980152299,1.0965839304515943,1.3685810158114564,1.6378718607429363,1.9044834013011287,2.1684421563328677,2.4297746079576754,2.6885069558496757,2.9446649664635434,3.1982742560021236
108,110,16093672.0,1.1196285675719568,0.893153344745941,0.21518629493011082,0.43513609212709004,0.6528974899471255,0.868492263111779,1.0819418829334182,1.2932677502959444,1.5024910646894813,1.7096326358770457,1.9147131855168062,2.117753301698364,2.3187732563070873,0.5025082680851424,0.7461739137771686,0.9874151752741298,1.2262561082920849,1.4627207066209786,1.6968326348786396,1.928615066433313,2.158091489545928,2.3852845889878136,2.61021730319505
109,111,16101933.0,1.2270248455090844,0.8149794225112913,0.08194188298731123,0.2932677503498376,0.5024910647433743,0.7096326359309388,0.9147131855706992,1.1177533017522572,1.3187732563609804,1.5177930624518263,1.7148327252852784,1.9099118593495932,2.103050070387519,0.6752802441344761,0.9288895336730564,1.1799755341216045,1.4285633449646122,1.6746778043047343,1.9183434499967607,2.159584711493722,2.398425644511677,2.6348902428405707,2.8690021710982316
110,112,16105849.0,1.2270248455090844,0.8149794225112913,0.08301228681902069,0.29709869628672664,0.5090550872126208,0.7189025411968964,0.9266620505839874,1.1323544724049597,1.3360003433560808,1.537619937922116,1.7372335226915372,1.9348609683759466,2.130522136827196,0.6841014053581103,0.9410235838050556,1.1953895115285278,1.4472246158866704,1.6965540594413675,1.9434027005845123,2.1877952878901903,2.429756191313403,2.6693097180740986,2.906479841920146
111,113,16106583.0,1.2270248455090844,0.8149794225112913,0.08408269065073014,0.3009296422236156,0.5156191096818672,0.728172446462854,0.9386109155972755,1.146955643057662,1.353227430351181,1.5574468133924055,1.759634320097796,1.9598100774023,2.157994203266872,0.6929225665817444,0.9531576339370547,1.210803488935451,1.4658858868087283,1.7184303145780007,1.968461951172264,2.2160058642866587,2.461086738115129,2.7037291933076264,2.9439575127420605
112,114,16120795.0,1.2282524226630422,0.8141648911482254,0.0740826906513008,0.2909296422241863,0.5056191096824378,0.7181724464634246,0.9286109155978461,1.1369556430582326,1.3432274303517517,1.5474468133929762,1.7496343200983666,1.9498100774028706,2.147994203267443,0.7051996347154909,0.9654347020708012,1.2230805570691976,1.4781629549424748,1.730707382711747,1.9807390193060104,2.2282829324204054,2.473363806248875,2.7160062614413727,2.956234580875807
113,115,16139067.0,1.2282524226630422,0.8141648911482254,0.08573895841321805,0.3367048939034983,0.5851738838973943,0.8311706416101323,1.0747197756255642,1.3158457359044606,1.5545725968904238,1.7909241256457733,2.0249240799762838,2.256595753615259,2.4859624299100296,0.8161566706382362,1.1173374649841037,1.4155216569031326,1.7107390539890852,2.003019153424423,2.2923910958238722,2.5788838930666205,2.862526113190079,3.143346250689571,3.421372409142883
114,116,16216259.0,1.2017675777065902,0.8321076542174352,0.1093502084651831,0.36283826549838216,0.6138042009886624,0.8622731909825585,1.1082699486952965,1.3518190827107284,1.5929450429896248,1.831671903975588,2.0680234327309375,2.302023387061448,2.533695060700423,0.7806711916923468,1.0788553836113757,1.3740727806973283,1.6663528801326664,1.955724822532115,2.2422176197748636,2.525859839898322,2.8066799773978146,3.084706135851126,3.3599658354388793
115,117,16235752.0,0.9456388375110184,1.0574861779493572,0.11840300148070786,0.40420821038882765,0.6871699468705673,0.9673162165203877,1.2446750600936192,1.5192743407523908,1.7911414388747349,2.0603036097804157,2.326787687887729,2.5906203010389803,2.851827825244915,0.6970196066448977,0.9614868330301213,1.2233227251732057,1.4825532981583238,1.7392047316096402,1.993302573350389,2.24487230942291,2.357312296174566,2.4686335609352685,2.578847215571149
116,118,16243041.0,0.9456388375110184,1.0574861779493572,0.12037688801304217,0.4109467316489957,0.6986256995676279,0.9834422642423222,1.265424933893495,1.5446020361877202,1.821001407959022,2.0946507588983203,2.365577370778253,2.633808315351657,2.899370408341547,0.708639562196054,0.9775156995875636,1.2437166359839156,1.5072688201645743,1.7681988681920284,2.0265327537951365,2.2822963878919182,2.398888542248546,2.5143206626099768,2.6286042711797313
117,119,16262686.0,0.9456388375110184,1.0574861779493572,0.12037688801304217,11.996056366723797,23.753584859764107,35.394126045937085,46.91884506503819,58.3288996775714,69.62542758356241,80.80956128665889,91.88241580135582,102.8450975585739,113.6987025252157,0.708639562196054,0.9775156995875636,1.2437166359839156,1.5072688201645743,1.7681988681920284,2.0265327537951365,2.2822963878919182,2.398888542248546,2.5143206626099768,2.6286042711797313
118,120,16281273.0,0.9631987701225802,1.0382073057181505,5.841372268927261,17.59890076196757,29.239441948140552,40.76416096724166,52.17421557977486,63.47074348576587,74.65487718886236,85.72773170355929,96.69041346077736,107.54401842741916,118.28963501376106,17.38108097370614,17.652659320801753,17.92153545819326,18.187736394589614,18.45128857877027,18.712218626797725,18.970552512400836,19.226316146497616,19.342908300854244,19.458340421215674
119,121,16311361.0,0.9598336351024529,1.041847215422139,7.93225226881053,19.689780761850837,31.330321948023823,42.85504096712493,54.26509557965813,65.56162348564914,76.74575718874563,87.81861170344256,98.78129346066063,109.63489842730243,120.38051501364433,15.370612265215756,15.642190612311367,15.911066749702877,16.177267686099228,16.44081987027989,16.701749918307343,16.96008380391045,17.21584743800723,17.33243959236386,17.44787171272529
120,122,16312408.0,0.9598336351024529,1.041847215422139,7.934528241068741,19.695430278944542,31.33931144321107,42.86733720797309,54.28066566592658,65.58043484353337,76.76777756938628,87.84380917790735,98.80963641748144,109.66635556947294,120.41505535645182,15.378160533479656,15.652923617147792,15.92495280292253,16.19427541623771,16.460918216031523,16.72490813048688,16.98627143792056,17.24503435310194,17.364595944885426,17.48296795824698
121,123,16319360.0,0.9764847300191809,1.0240815542300976,9.469968264849825,21.113849429116353,32.64187519387837,44.05520365183186,55.35497282943865,66.54231555529157,77.61834716381263,88.58417440338673,99.44089355537822,110.1895933423571,120.83134856429872,25.00063631166274,25.278160534009785,25.552923617677923,25.82495280345266,26.09427541676784,26.360918216561654,26.624908131017012,26.88627143845069,27.14503435363207,27.264595945415554
122,124,16355553.0,1.1063846076479409,0.903844823117972,6.207217405634445,17.173044645208545,28.02976379720004,38.77846358417892,49.42021880612055,59.95608928672638,70.3871313733497,80.7143914725495,90.93889675395981,101.06167003836049,111.08372755358866,29.53911999137044,41.44678554652021,53.23597091891374,64.90786044171315,76.46362220014916,87.90440003137937,99.23135331566021,99.50887753800727,99.7836406216754,100.05566980745014
123,125,16366904.0,1.10483683028176,0.905111028698216,7.011755885303423,17.977583124877526,28.83430227686902,39.5830020638479,50.22475728578953,60.760627766395366,71.19166985301868,81.51892995221847,91.74343523362879,101.86620851802947,111.88826603325764,28.64957707940145,40.55724263455122,52.346428006944755,64.01831752974417,75.57407928818017,87.01485711941038,98.34181040369123,98.61933462603828,98.89409770970641,99.16612689548114
124,126,16367550.0,1.0850201563516233,0.9216418645737391,5.981968505137666,17.058000113658725,28.023827353232825,38.88054650522432,49.6292462922032,60.27100151414483,70.80687199475067,81.23791408137399,91.56517418057378,101.78967946198408,111.91245274638477,29.557242633954417,41.34642800634795,53.01831752914736,64.57407928758336,76.01485711881357,87.34181040309443,87.61933462544147,87.8940977091096,88.16612689488434,88.43544950819953
125,127,16378545.0,1.2689512026753889,0.7880523678858994,7.316379684426972,17.540884965837282,27.663658250237965,37.685715765466135,47.60805813152203,57.431673192540124,67.15754840791979,76.78665194854834,86.31995155363487,86.55352914382694,86.78478273098227,29.73798382691262,42.50900918086273,55.15296527997666,67.67111653969637,80.06471828248596,92.33500941857612,104.48321595639344,116.51054908413377,128.41821463928355,140.20740001167707
126,128,16389091.0,1.1362078376655567,0.8801206670555907,2.559694995796287,13.41644836151922,24.165182021818637,34.806970780057014,45.34287446327572,55.773949422157,66.10124206655748,76.32577956934819,86.44858475453232,96.47067385314949,106.39304748835329,33.89700777486837,45.92437880539865,57.83208188621945,69.62130441090702,81.29323071635577,92.84902889147749,104.2898427770345,115.61683175693685,115.8943913197288,116.16918939223336
127,129,16390511.0,1.0188776811326823,0.981472082976932,7.847199622474173,19.260564048250835,30.560368835811477,41.7477468173189,52.823813330709974,63.7896751278574,74.64642849358033,85.39516215387975,96.03695091211813,106.57285459533684,117.00392955421812,26.966398704756894,38.40721259031389,49.73420157021625,50.0117611330082,50.28655920551276,50.55862303198434,50.827979941336444,51.0946566959148,51.3586802273314,51.620076817249355
128,130,16395737.0,1.1350722544923175,0.8810011838825792,3.060853461647998,13.91760682737093,24.666340487670347,35.308129245908724,45.84403292912744,56.27510788800871,66.60240053240918,76.8269380351999,86.94974322038402,96.97183231900121,106.89420595420499,33.327840653283154,45.35521168381344,57.26291476463423,69.0521372893218,80.72406359477056,92.27986176989228,103.72067565544927,115.04766463535164,115.32522419814359,115.60002227064814
129,131,16403637.0,1.2808068996306015,0.7807578178165739,2.5183481253626554,12.742885628153374,22.865690813337498,32.887779911954674,42.81015354715847,52.63379956619646,62.35970543157987,71.98883931724708,81.52216896545694,81.75577629984895,81.9870593352614,35.85499589700329,48.6260614974059,61.27005744252784,73.78824815179574,86.18188895162969,98.45221875616468,110.60046357769093,122.6278346082212,134.535537689042,146.32476021372958
130,132,16409049.0,1.1733872473865696,0.8522335675858529,6.674643997837573,17.316432756075947,27.852336439294657,38.28341139817594,48.61070404257641,58.835241545367126,68.95804673055125,78.98013582916843,88.90250946437222,98.72615548341021,108.45206134879362,29.67455992880627,41.94488973334127,54.09313455486751,66.1205055853978,78.02820866621859,89.81743119090616,101.4893574963549,113.04515567147664,124.48596955703363,135.81295853693598
131,133,16411810.0,1.1818656974474917,0.8461198274556304,2.817747669368676,13.45953642760705,23.99544011082576,34.426515069707044,44.75380771410751,54.97834521689823,65.10115040208235,75.12323950069953,85.04561313590332,94.86925915494132,104.59516502032473,34.21672892905426,46.48705873358926,58.6353035551155,70.66267458564577,82.57037766646658,94.35960019115414,106.0315264966029,117.58732467172462,129.0281385572816,140.355127537184
132,134,16413708.0,1.3572863422740307,0.7367642102141657,3.432418511776261,13.354792146980055,23.178438166018044,32.90434403140146,42.53347791706867,52.06680756527852,52.30041489967053,52.53169793508299,52.76067979607605,52.987383366913356,53.21183126138202,35.6038533110026,48.76383698538393,61.792878787756756,74.69228587931839,87.46335147972101,100.10734742484294,112.62553813411084,125.01917893394479,137.28950873847978,149.43775356000603
133,135,16419987.0,1.2381173559286747,0.8076778790084321,9.750425804386511,20.077718448786978,30.3022559515777,40.425061136761826,50.447150235379,60.369523870582796,70.19316988962078,79.9190757550042,89.5482096406714,99.08153928888126,99.31514662327326,26.512732437710532,39.156728382832476,51.67491909210037,64.06855989193431,76.33888969646931,88.48713451799556,100.51450554852583,112.42220862934663,124.2114311540342,135.88335745948294
134,136,16434235.0,1.2137235634203727,0.82391083945171,9.83854938422565,20.26962434310693,30.5969169875074,40.821454490298116,50.94425967548224,60.966348774099416,70.88872240930321,80.71236842834121,90.43827429372462,100.06740817939183,109.60073782760168,26.260914386881037,38.77910509614893,51.17274589598288,63.44307570051787,75.59132052204411,87.6186915525744,99.5263946333952,111.31561715808277,122.98754346353151,134.54334163865323
135,137,16440434.0,1.214816351669902,0.8231696903201766,9.33854938425827,19.76962434313955,30.09691698754002,40.32145449033074,50.444259675514864,60.46634877413204,70.38872240933583,80.21236842837382,89.93827429375723,99.56740817942445,109.1007378276343,26.868073730277164,39.38626443954506,51.77990523937901,64.050235043914,76.19847986544025,88.22585089597052,100.13355397679132,111.9227765014789,123.59470280692764,135.15050098204938
136,138,16441226.0,1.2083951772019057,0.827543852264907,1.6113252008887202,12.147228884107431,22.578303842988714,32.90559648738918,43.1301339901799,53.25293917536403,63.2750282739812,73.19740190918499,83.02104792822298,92.7469537936064,102.37608767927361,35.983057071179395,48.37669787101334,60.64702767554834,72.79527249707458,84.82264352760485,96.73034660842566,108.51956913311324,120.19149543856197,131.7472936136837,143.1881074992407
137,139,16454459.0,1.2804227343963202,0.7809920685854341,2.6667886308810083,12.891326133671727,23.014131318855853,33.036220417473025,42.95859405267682,52.78224007171481,62.50814593709822,72.13727982276544,81.6706094709753,81.9042168053673,82.13549984077976,35.66489881841924,48.43596441882185,61.07996036394379,73.59815107321168,85.99179187304563,98.26212167758062,110.41036649910687,122.43773752963715,134.34544061045796,146.13466313514553
138,140,16506921.0,1.2515608152275164,0.799002324004698,4.156269510303763,14.48356215470423,24.70809965749495,34.830904842679075,44.85299394129625,54.775367576500045,64.59901359553803,74.32491946092145,83.95405334658867,93.48738299479851,93.72099032919051,33.47682424722599,46.12082019234793,58.639010901615826,71.03265170144978,83.30298150598477,95.45122632751101,107.4785973580413,119.3863004388621,131.17552296354967,142.84744926899842
139,141,16514767.0,1.3822138597126332,0.7234770458805146,4.296778294126141,14.12042431316413,23.846330178547543,33.475464064214755,43.00879371242461,43.24240104681661,43.47368408222907,43.70266594322213,43.92936951405944,44.1538174085281,44.37603213972441,34.718583561635846,48.01081808208836,61.17080175646969,74.19984355884252,87.09925065040416,99.87031625080677,112.51431219592871,125.03250290519661,137.42614370503054,149.69647350956555
140,142,16522900.0,1.237498482924988,0.8080817987238016,10.018053931576254,20.345346575976723,30.56988407876744,40.692689263951564,50.714778362568744,60.637151997772534,70.46079801681053,80.18670388219394,89.81583776786115,99.34916741607101,99.58277475046302,26.181429246830223,38.825425191952164,51.34361590122006,63.73725670105401,76.007586505589,88.15583132711524,100.18320235764553,112.09090543846632,123.8801279631539,135.55205426860263
141,143,16532448.0,1.237498482924988,0.8080817987238016,10.017953931573286,20.345246575973754,30.569784078764474,40.6925892639486,50.71467836256578,60.63705199776957,70.46069801680756,80.18660388219097,89.81573776785818,99.34906741606804,99.58267475046004,26.181553007597987,38.82554895271993,51.343739661987826,63.73738046182177,76.00771026635677,88.15595508788302,100.18332611841329,112.09102919923409,123.88025172392166,135.5521780293704
142,144,16539120.0,1.3427072475331028,0.7447639847310397,8.85900922728297,18.781382862486765,28.605028881524753,38.33093474690816,47.96006863257538,57.493398280785236,57.727005615177234,57.958288650589694,58.18727051158275,58.41397408242006,58.63842197688872,28.27793884178866,41.43792251616999,54.46696431854281,67.36637141010445,80.13743701050706,92.781432955629,105.2996236648969,117.69326446473085,129.96359426926585,142.11183909079207
143,145,16546537.0,1.479172885099264,0.6760534958919912,0.40446535450490384,9.93779500271476,10.171402337106763,10.402685372519223,10.63166723351228,10.858370804349587,11.082818698818249,11.305033430014555,11.5250372352969,11.742852052672959,11.958499679750828,41.32395462923382,55.0209801832057,68.58172339089099,82.0075383249366,95.29977284538913,108.45975651977045,121.48879832214327,134.38820541370492,147.15927101410753,159.80326695922946
144,146,16561020.0,1.4033829293202336,0.7125638905158815,6.59138836118718,16.317294226570596,25.946428112237808,35.47975776044766,35.713365094839666,35.944648130252126,36.173629991245186,36.40033356208249,36.624781456551155,36.84699618774746,37.0669999930298,31.779278630302542,45.20509356434817,58.497328084800685,71.65731175918202,84.68635356155484,97.58576065311648,110.35682625351909,123.00082219864103,135.51901290790892,147.91265370774286
145,147,16583733.0,1.4067549245294253,0.710855873018899,5.4132435184369205,15.139149383820335,24.768283269487547,34.301612917697405,34.5352202520894,34.76650328750187,34.99548514849492,35.22218871933223,35.44663661380089,35.6688513449972,35.88885515027955,33.43474563039461,46.860560564440235,60.15279508489275,73.31277875927408,86.3418205616469,99.24122765320854,112.01229325361115,124.65628919873309,137.174479908001,149.56812070783494
146,148,16594226.0,1.2814474311739155,0.7803675559940172,2.2286417853471665,12.453179288137886,22.57598447332201,32.59807357193919,42.52044720714298,52.344093226180966,62.069999091564384,71.6991329772316,81.23246262544146,81.46606995983345,81.69735299524591,36.22615981189596,48.99722541229857,61.64122135742051,74.1594120666884,86.55305286652235,98.82338267105735,110.9716274925836,122.99899852311387,134.90670160393466,146.69592412862224
147,149,16596001.0,1.2692050056054356,0.7878947810507416,7.178641785089104,17.403179287879823,27.525984473063946,37.54807357168112,47.47044720688492,57.29409322592291,67.01999909130632,76.64913297697353,86.18246262518339,86.4160699595754,86.64735299498786,29.912914548559957,42.68398014896256,55.327976094084505,67.8461668033524,80.23980760318635,92.51013740772134,104.65838222924758,116.68575325977787,128.59345634059866,140.38267886528624
148,150,16601650.0,1.2721273904558785,0.78608479583294,6.000707067093508,16.225244569884225,26.348049755068352,36.370138853685525,46.29251248888932,56.11615850792731,65.84206437331072,75.47119825897794,85.00452790718779,85.2381352415798,85.46941827699226,31.409773548643162,44.180839149045774,56.82483509416771,69.34302580343561,81.73666660326955,94.00699640780455,106.1552412293308,118.18261225986107,130.09031534068188,141.87953786536946
149,151,16607239.0,1.2670492977503205,0.7892352742513858,8.09691434940451,18.321451852195228,28.444257037379355,38.46634613599653,48.38871977120032,58.21236579023831,67.93827165562172,77.56740554128893,87.10073518949879,87.3343425238908,87.56562555930326,28.748382575656894,41.519448176059505,54.16344412118144,66.68163483044934,79.07527563028329,91.34560543481828,103.49385025634453,115.5212212868748,127.4289243676956,139.21814689238317
150,152,16646226.0,1.3439161675432956,0.7440940321657259,8.377492046471936,18.29986568167573,28.123511700713717,37.84941756609713,47.478551451764346,57.0118810999742,57.2454884343662,57.47677146977866,57.70575333077172,57.93245690160903,58.15690479607769,28.924792009455345,42.084775683836675,55.11381748620949,68.01322457777114,80.78429017817375,93.42828612329569,105.94647683256358,118.34011763239754,130.61044743693253,142.75869225845878
151,153,16710989.0,1.2957500150389842,0.7717538015771613,6.745597761675599,16.868402946859725,26.8904920454769,36.812865680680694,46.63651169971868,56.36241756510209,65.99155145076931,75.52488109897917,75.75848843337117,75.98977146878363,76.21875332977669,30.681972141702364,43.58137923326401,56.35244483366662,68.99644077878855,81.51463148805645,93.9082722878904,106.1786020924254,118.32684691395164,130.35421794448192,142.2619210253027
152,154,16729044.0,1.2949728370649183,0.7722169696366141,7.0524977616611615,17.175302946845285,27.19739204546246,37.119765680666255,46.94341169970424,56.66931756508766,66.29845145075487,75.83178109896473,76.06538843335673,76.29667146876919,76.52565332976225,30.28439273266915,43.183799824230796,55.954865424633404,68.59886136975534,81.11705207902324,93.51069287885718,105.78102268339218,117.92926750491843,129.95663853544872,141.8643416162695
153,155,16752520.0,1.1463647106299009,0.8723227352755155,8.533297225252452,19.28203088555187,29.923819643790246,40.45972332700896,50.890798285890234,61.21809093029071,71.44262843308142,81.56543361826554,91.58752271688273,101.50989635208651,111.33354237112451,27.321995754864727,39.470240576390964,51.49761160692125,63.40531468774205,75.19453721242962,86.86646351787836,98.4222616930001,109.86307557855709,121.19006455845945,121.46762412125139
154,156,16764585.0,1.2009266767961941,0.8326903043471214,4.923819645144558,15.45972332836327,25.89079828724455,36.218090931645015,46.44262843443574,56.56543361961986,66.58752271823704,76.50989635344084,86.33354237247882,96.05944823786223,105.68858212352944,31.99248356807216,44.386124367906106,56.6564541724411,68.80469899396735,80.83207002449763,92.73977310531842,104.528995630006,116.20092193545474,127.75672011057647,139.19753399613347
155,157,16788625.0,1.1875520047048727,0.8420683860901884,0.266659695671853,10.908448453910228,21.444352137128938,31.87542709601022,42.202719740410686,52.4272572432014,62.55006242838553,72.5721515270027,82.4945251622065,92.3181711812445,102.0440770466279,37.239075801621134,49.50940560615613,61.65765042768237,73.68502145821265,85.59272453903345,97.38194706372103,109.05387336916976,120.6096715442915,132.0504854298485,143.37747440975085
156,158,16790555.0,1.1580010771357887,0.8635570551224442,3.043214300817757,13.791947961117174,24.43373671935555,34.96964040257426,45.40071536145554,55.72800800585601,65.95254550864672,76.07535069383086,86.09743979244803,96.01981342765183,105.8434594466898,33.64792833398828,45.79617315551452,57.8235441860448,69.7312472668656,81.52046979155317,93.19239609700192,104.74819427212364,116.18900815768065,127.515997137583,127.79355670037495
157,159,16796821.0,1.060880993663396,0.9426127963201942,7.46715464042981,18.65453262193723,29.73059913532831,40.69646093247574,51.55321429819867,62.30194795849808,72.94373671673647,83.47964039995517,93.91071535883646,104.23800800323691,114.46254550602764,27.749437667839043,39.42136397328779,50.97716214840951,62.41797603396651,73.74496501386888,74.02252457666083,74.29732264916538,74.56938647563696,74.83874338498906,75.10542013956741
158,160,16812104.0,1.1677687646640462,0.8563339166617362,9.262603953795963,19.904392712034337,30.44029639525305,40.87137135413433,51.1986639985348,61.423201501325515,71.54600668650964,81.56809578512681,91.49046942033061,101.3141154393686,111.04002130475202,26.644992408907267,38.915322213442266,51.06356703496851,63.09093806549878,74.99864114631959,86.78786367100716,98.4597899764559,110.01558815157763,121.45640203713462,132.783391017037
159,161,16887162.0,1.0480175154625555,0.9541825258126889,3.092305844933568,14.392110632494212,25.579488614001633,36.65555512739271,47.621416924540135,58.47817029026307,69.22690395056249,79.86869270880086,90.40459639201957,100.83567135090085,111.16296399530133,32.11903735635833,43.674835531480056,55.11564941703705,66.44263839693942,66.72019795973137,66.99499603223592,67.2670598587075,67.5364167680596,67.80309352263795,68.06711705405456
