,index,blocknum,p0vs1,p1vs0,USDC-slippagemap_01,USDC-slippagemap_2,USDC-slippagemap_3,USDC-slippagemap_4,USDC-slippagemap_5,USDC-slippagemap_6,USDC-slippagemap_7,USDC-slippagemap_8,USDC-slippagemap_9,USDC-slippagemap_10,USDC-slippagemap_11,COMP-slippagemap_01,COMP-slippagemap_2,COMP-slippagemap_3,COMP-slippagemap_4,COMP-slippagemap_5,COMP-slippagemap_6,COMP-slippagemap_7,COMP-slippagemap_8,COMP-slippagemap_9,COMP-slippagemap_10
0,0,13242649.0,0.002400205215232888,416.63104206819736,4.293581799982596,198971.74908923358,198971.74908923358,198971.74908923358,198971.74908923358,198971.74908923358,198971.74908923358,198971.74908923358,198971.74908923358,198971.74908923358,198971.74908923358,1418.612240286831,1882.1078926983384,2340.9919213334806,2795.3102099452813,3245.1081801289515,3690.4307968799817,4131.322608487988,4567.82769055067,4999.989699325812,5427.8518280214375
1,1,13250703.0,0.002400205215232888,416.63104206819736,0.0,0.0,0.0,0.0,0.0,0.0,0.0,0.0,0.0,0.0,0.0,0.0,0.0,0.0,0.0,0.0,0.0,0.0,0.0,0.0,0.0
2,2,13468722.0,0.002400205215232888,416.63104206819736,0.043285120312253074,2005.9047432383413,3991.808592098932,5957.953307556726,7904.535561320148,9831.749924264843,11739.789178930458,13628.84403143851,15499.1034317601,17350.754388087837,19183.981996622064,14.30153292933635,18.97419692258312,23.600369501599555,28.18051323676687,32.71508603928953,37.204541217228346,41.649327877684456,46.04989036238422,50.40666878553964,54.72009859319392
3,3,13471591.0,0.003122210020347374,320.2859492100218,1496.8300418512342,3240.6544466657374,4967.1283716249745,6676.424458547355,8368.713609950992,10044.165040541333,11702.946271641582,13345.22316908878,14971.159950761814,16580.91921164239,18174.66190148902,11.7369239976061,17.111729379093564,22.433057237329415,27.701439716897347,32.91740345939531,38.081470015472505,43.194155912073676,48.2559721558658,53.267425089285574,58.22901563229259
4,4,13473371.0,0.0031592684605143886,316.5289726081655,456.259402849066,2200.0838076635696,3926.5577326228063,5635.853819545187,7328.142970948823,9003.594401539165,10662.375632639414,12304.652530086612,13930.589311759646,15540.348572640221,17134.09126248685,15.005340013820268,20.380145395307732,25.701473253543583,30.969855733111515,36.18581947560948,41.34988603168667,46.46257192828784,51.524388172079966,56.53584110549974,61.497431648506755
5,5,13474066.0,0.003259386348701872,306.8062184154001,1212.690484777661,2921.9865717000416,4614.275723103678,6289.72715369402,7948.50838479427,9590.785282241468,11216.7220639145,12826.481324795077,14420.224014641706,15998.109476975851,17560.29549876894,12.802340442668578,18.285718682227824,23.714539073017953,29.089344454505415,34.41067231274126,39.679054792309195,44.895018534807164,50.05908509088436,55.17177098748553,60.23358723127765
6,6,13475716.0,0.003266891189326608,306.10141019301176,1015.9347851458417,2725.2308720682227,4417.520023471858,6092.971454062201,7751.75268516245,9394.029582609648,11019.96636428268,12629.725625163257,14223.468315009886,15801.353777344031,17363.53979913712,13.444393319683714,18.92777155924296,24.35659195003309,29.73139733152055,35.0527251897564,40.321107669324334,45.537071411822296,50.70113796789949,55.81382386450066,60.875640108292785
7,7,13476973.0,0.00324540177499976,308.1282594048233,1584.7595211152257,3294.0556080376064,4986.344759441242,6661.796190031584,8320.577421131835,9962.854318579031,11588.791100252065,13198.550361132642,14792.29305097927,16370.178513313414,17932.364535106506,11.592188727298772,17.075566966858016,22.50438735764815,27.87919273913561,33.20052059737146,38.46890307693939,43.68486681943735,48.848933375514555,53.961619272115726,59.02343551590785
8,8,13478621.0,0.0032457263151772606,308.09744965985726,1574.7595211157638,3284.055608038145,4976.34475944178,6651.7961900321225,8310.577421132371,9952.85431857957,11578.791100252603,13188.55036113318,14782.293050979808,16360.178513313953,17922.364535107045,11.624645725326186,17.108023964885433,22.536844355675562,27.911649737163025,33.23297759539887,38.501360074966804,43.71732381746477,48.88139037354197,53.99407627014314,59.05589251393526
9,9,13487291.0,0.00324540177499976,308.1282594048233,1584.659521115231,3293.955608037612,4986.244759441247,6661.69619003159,8320.47742113184,9962.754318579036,11588.69110025207,13198.450361132647,14792.193050979276,16370.07851331342,17932.26453510651,11.592513278745978,17.075891518305223,22.504711909095352,27.879517290582815,33.200845148818665,38.4692276283866,43.68519137088456,48.84925792696176,53.961943823562926,59.023760067355056
10,10,13487845.0,0.0031029131651102685,322.2777908335256,289.21906150035403,2050.568306129631,3794.3927109441343,5520.866635903371,7230.162722825752,8922.451874229388,10597.90330481973,12256.68453591998,13898.961433367176,15524.89821504021,17134.657475920787,15.388084768342832,20.709412626578683,25.977795106146615,31.193758848644578,36.35782540472177,41.470511301322944,46.532327545115066,51.54378047853484,56.505371021541855,61.417595476816416
11,11,13490571.0,0.002949524396215918,339.0377110570594,1267.9335356781237,3064.8626050572325,4843.9128332552045,6605.262077884481,8349.086482698985,10075.560407658222,11784.856494580603,13477.145645984237,15152.59707657458,16811.37830767483,18453.655205122028,12.198432217684717,17.414395960182677,22.578462516259876,27.691148412861047,32.75296465665317,37.764417590072945,42.72600813307995,47.63823258835452,52.50158189575124,57.316542584855256
12,12,13491626.0,0.0029501143305904055,338.9699136846233,1246.743816195293,3043.6728855744013,4822.723113772374,6584.0723584016505,8327.896763216155,10054.370688175391,11763.666775097772,13455.955926501407,15131.40735709175,16790.188588192,18432.465485639197,12.26093954234596,17.476903284843925,22.64096984092112,27.75365573752229,32.81547198131442,37.826924914734185,42.7885154577412,47.70073991301576,52.56408922041248,57.3790499095165
13,13,13494120.0,0.0028418231362865596,351.88678254858274,1030.6999753714226,2863.927583905647,4678.915172592351,6475.844241971459,8254.894470169433,10016.24371479871,11760.068119613212,13486.542044572449,15195.83813149483,16888.127282898466,18563.57871348881,12.702835093092224,17.815520989693393,22.877337233485516,27.88879016690529,32.8503807099123,37.76260516518686,42.62595447258358,47.440915161687606,52.20796852406412,56.92759130545847
14,14,13495799.0,0.0029761885914990106,336.0002127742624,443.68315176618194,2240.6122211452907,4019.6624493432632,5781.01169397254,7524.836098787044,9251.31002374628,10960.606110668661,12652.895262072296,14328.346692662639,15987.127923762888,17629.404821210086,14.640664653807155,19.856628396305116,25.020694952382314,30.133380848983485,35.19519709277561,40.20665002619538,45.16824056920239,50.08046502447696,54.943814331873675,59.758775020977694
15,15,13497227.0,0.0029729167474819404,336.36999786388225,549.2563587604997,2346.185428139608,4125.235656337581,5886.584900966857,7630.409305781361,9356.883230740597,11066.179317662978,12758.468469066614,14433.919899656958,16092.701130757207,17734.978028204405,14.326612981566223,19.542576724064187,24.706643280141385,29.819329176742553,34.88114542053468,39.89259835395445,44.85418889696146,49.76641335223602,54.62976265963274,59.444723348736765
16,16,13498262.0,0.0030045956828372127,332.82348294387117,1387.3400550246988,3166.3902832226713,4927.739527851948,6671.563932666451,8398.037857625688,10107.333944548069,11799.623095951705,13475.074526542046,15133.855757642297,16776.132655089496,18402.069436762526,11.924042207809542,17.192424687377475,22.408388429875437,27.572454985952636,32.6851408825538,37.746957126345926,42.7584100597657,47.720000602772714,52.632225058047275,57.49557436544399
17,17,13512438.0,0.0031942104953853476,313.0664060633113,1243.5236006243085,2969.997525583545,4679.293612505926,6371.582763909561,8047.0341944999045,9705.815425600154,11348.09232304735,12974.029104720385,14583.788365600962,16177.531055447591,17755.416517781734,12.615394798606452,18.04421518939658,23.419020570884044,28.740348429119894,34.00873090868783,39.22469465118579,44.38876120726299,49.50144710386416,54.56326334765628,59.57471628107606
18,18,13514720.0,0.00308373557431073,324.28201961626297,838.9662600136427,2600.315504642919,4344.139909457423,6070.613834416659,7779.90992133904,9472.199072742676,11147.650503333018,12806.431734433269,14448.708631880465,16074.645413553499,17684.404674434074,13.687479850745978,19.00880770898183,24.277190188549763,29.493153931047726,34.657220487124924,39.769906383726095,44.83172262751822,49.843175560937986,54.804766103945,59.71699055921956
19,19,13524085.0,0.003010911647420015,332.12532186285785,1195.269189700738,2974.3194178987105,4735.668662527987,6479.493067342491,8205.966992301728,9915.263079224109,11607.552230627743,13283.003661218087,14941.784892318336,16584.061789765532,18209.998571438566,12.501777097061943,17.770159576629876,22.986123319127838,28.150189875205037,33.26287577180621,38.32469201559833,43.336144949018106,48.29773549202511,53.20995994729967,58.0733092546964
20,20,13525270.0,0.0029711336215795226,336.5718703248281,604.1629473729997,2401.0920167521085,4180.142244950081,5941.491489579358,7685.3158943938615,9411.789819353098,11121.085906275479,12813.375057679114,14488.826488269457,16147.607719369706,17789.884616816904,14.163425414798102,19.379389157296064,24.543455713373262,29.65614160997443,34.717957853766556,39.729410787186325,44.69100133019334,49.6032257854679,54.46657509286462,59.28153578196864
21,21,13527709.0,0.002968164121427998,336.9085936928903,689.3029473684172,2486.232016747526,4265.282244945499,6026.6314895747755,7770.455894389279,9496.929819348516,11206.225906270896,12898.51505767453,14573.966488264874,16232.747719365123,17875.024616812323,13.910576769563136,19.126540512061098,24.290607068138296,29.403292964739464,34.46510920853159,39.47656214195136,44.438152684958375,49.350377140232936,54.213726447629654,59.02868713673367
22,22,13531880.0,0.0028087692008267363,356.0278287392424,265.92441154651686,2117.575367874255,3950.80297640848,5765.790565095183,7562.719634474292,9341.769862672265,11103.119107301542,12846.943512116044,14573.41743707528,16282.713523997661,17975.002675401298,14.744695655567018,19.80651189935914,24.817964832778916,29.779555375785925,34.69177983106049,39.55512913845721,44.37008982756123,49.137143189937746,53.856765971332095,58.52942996457886
23,23,13544222.0,0.0027110829034711127,368.8562967660112,1718.331743046089,3588.5911433676797,5440.242099695418,7273.4697082296425,9088.457296916346,10885.386366295455,12664.436594493427,14425.785839122704,16169.610243937208,17896.084168896443,19605.380255818825,10.63697637274885,15.648429306168623,20.610019849175632,25.522244304450197,30.385593611846915,35.200554300950934,39.967607663327456,44.6872304447218,49.35989443796857,53.986067016985004
24,24,13544871.0,0.0025798999788285426,387.6119261236131,765.7129216708994,2692.927284615594,4600.966539281209,6490.021391789261,8360.28079211085,10211.93174843859,12045.159356972814,13860.146945659517,15657.076015038627,17436.1262432366,19197.475487865875,12.90197827140793,17.76532757880465,22.58028826790867,27.34734163028519,32.066964411679535,36.7396284049263,41.36580098394274,45.94594471911006,50.48051752163272,54.969972699571535
25,25,13547297.0,0.002650237570899164,377.3246636378803,95.24697435486108,2003.2862290204764,3892.3410815285274,5762.600481850118,7614.2514381778565,9447.479046712082,11262.466635398785,13059.395704777893,14838.445932975867,16599.79517760514,18343.619582419647,14.782305507030296,19.69452996230486,24.55787926970158,29.3728399588056,34.13989332118212,38.859516102576464,43.53218009582323,48.15835267483967,52.73849641000699,57.27306921252965
26,26,13549555.0,0.0026568711216380246,376.38257718103995,1757.3136896184549,3646.3685421265063,5516.627942448096,7368.278898775835,9201.50650731006,11016.494095996763,12813.423165375872,14592.473393573844,16353.82263820312,18097.647043017623,19824.12096797686,10.473441896371982,15.435032439378993,20.347256894653555,25.210606202050275,30.025566891154295,34.792620253530814,39.512243034925156,44.18490702817193,48.81107960718836,53.39122334235568
27,27,13552531.0,0.0027184123511461524,367.8617776947542,1465.0899380005262,3335.3493383221166,5187.000294649855,7020.22790318408,8835.215491870784,10632.144561249892,12411.194789447865,14172.544034077142,15916.368438891644,17642.842363850883,19352.138450773262,11.324521968393535,16.33597490181331,21.297565444820318,26.209789900094883,31.0731392074916,35.88809989659562,40.65515325897214,45.374776040366484,50.047440033613256,54.67361261262969
28,28,13557226.0,0.0027072902325257406,369.37303137501425,1857.1299379794252,3727.389338301016,5579.040294628754,7412.267903162979,9227.255491849683,11024.18456122879,12803.234789426764,14564.58403405604,16308.408438870543,18034.88236382978,19744.178450752162,10.260920757048297,15.27237369046807,20.23396423347508,25.146188688749643,30.009537996146364,34.82449868525038,39.591552047626905,44.31117482902125,48.98383882226801,53.61001140128445
29,29,13558747.0,0.0028186166236044844,354.7839715502659,1795.1971786784698,3628.424787212695,5443.412375899398,7240.341445278506,9019.391673476479,10780.740918105756,12524.56532292026,14251.039247879497,15960.335334801877,17652.624486205514,19328.075916795857,10.539104670231648,15.651790566832817,20.713606810624942,25.725059744044714,30.686650287051727,35.59887474232629,40.462224049723005,45.27718473882703,50.04423810120355,54.76386088259789
30,30,13560377.0,0.002820026213806136,354.6066327696716,1746.4709549386564,3579.6985634728812,5394.686152159585,7191.615221538693,8970.665449736665,10732.014694365942,12475.839099180446,14202.313024139683,15911.609111062064,17603.8982624657,19279.349693056043,10.676482131005011,15.78916802760618,20.850984271398303,25.86243720481808,30.824027747825088,35.73625220309965,40.59960151049637,45.41456219960039,50.18161556197691,54.901238343371254
31,31,13562924.0,0.0029893120155027567,334.52513314566636,46.49435432532396,1843.4234237044327,3622.4736519024054,5383.822896531682,7127.6473013461855,8854.121226305422,10563.417313227803,12255.70646463144,13931.15789522178,15589.939126322031,17232.21602376923,15.825481967744523,21.041445710242485,26.205512266319683,31.31819816292085,36.380014406712974,41.39146734013275,46.35305788313976,51.26528233841432,56.12863164581104,60.94359233491507
32,32,13564214.0,0.0029091025329251925,343.74862648600737,706.5067655054075,2521.494354192111,4318.423423571219,6097.473651769193,7858.822896398469,9602.647301212972,11329.121226172208,13038.41731309459,14730.706464498226,16406.157895088567,18064.939126188816,13.742271865388165,18.906338421465364,24.019024318066535,29.080840561858658,34.09229349527843,39.05388403828544,43.96610849356001,48.829457800956725,53.644418490060744,58.411471852437266
33,33,13568790.0,0.002785275525774928,359.0309076233228,1048.6912364266943,2900.3421927544327,4733.569801288657,6548.557389975361,8345.48645935447,10124.536687552441,11885.885932181718,13629.710336996222,15356.184261955459,17065.480348877838,18757.769500281476,12.555183660955846,17.61699990474797,22.628452838167743,27.590043381174752,32.50226783644931,37.36561714384604,42.18057783295006,46.94763119532657,51.66725397672092,56.339917969967686
34,34,13570265.0,0.0028463734650843197,351.32424197552604,880.4277747501641,2713.655383284389,4528.642971971092,6325.572041350201,8104.622269548174,9865.97151417745,11609.795918991953,13336.26984395119,15045.565930873572,16737.85508227721,18413.306512867548,13.130246938767025,18.242932835368194,23.304749079160317,28.31620201258009,33.2777925555871,38.190017010861666,43.053366318258384,47.8683270073624,52.635380369738925,57.35500315113327
35,35,13571776.0,0.0027942022362490025,357.88390225555816,746.3952143299778,2598.046170657716,4431.273779191941,6246.261367878644,8043.190437257753,9822.240665455725,11583.589910085002,13327.414314899506,15053.888239858743,16763.184326781124,18455.47347818476,13.398575014871827,18.46039125866395,23.471844192083726,28.433434735090735,33.345659190365296,38.20900849776202,43.02396918686604,47.791022549242555,52.510645330636905,57.18330932388367
36,36,13577490.0,0.002836429068014028,352.5559695029378,1202.0953774041918,3035.3229859384164,4850.31057462512,6647.2396440042285,8426.289872202202,10187.639116831479,11931.463521645981,13657.937446605218,15367.233533527598,17059.522684931235,18734.974115521578,12.216189118482202,17.328875015083373,22.390691258875496,27.402144192295268,32.36373473530228,37.27595919057684,42.13930849797356,46.954269187077585,51.7213225494541,56.44094533084844
37,37,13587888.0,0.0028815982860686015,347.0296345033963,1584.0607588575283,3399.0483475442315,5195.977416923341,6975.027645121313,8736.376889750589,10480.201294565093,12206.67521952433,13915.97130644671,15608.260457850347,17283.71188844069,18942.493119540937,11.201378768323085,16.365445324400284,21.478131221001455,26.539947464793578,31.55140039821335,36.51299094122036,41.42521539649492,46.288564703891645,51.103525392995664,55.87057875537218
38,38,13590941.0,0.00300009239278557,333.3230677844242,1522.7816852920942,3301.8319134900667,5063.181158119343,6807.005562933847,8533.479487893084,10242.775574815465,11935.0647262191,13610.516156809443,15269.297387909692,16911.574285356888,18537.511067029922,11.517383769107697,16.78576624867563,22.001729991173594,27.16579654725079,32.27848244385196,37.340298687644086,42.351751621063855,47.31334216407087,52.22556661934543,57.088915926742146
39,39,13594205.0,0.002998892655777704,333.4564170122554,1556.2855622902907,3335.3357904882632,5096.68503511754,6840.509439932043,8566.98336489128,10276.279451813662,11968.568603217296,13644.02003380764,15302.801264907888,16945.078162355087,18571.01494402812,11.416883856333854,16.685266335901787,21.90123007839975,27.065296634476947,32.177982531078115,37.23979877487024,42.25125170829001,47.212842251297026,52.12506670657159,56.988416013968305
40,40,13594855.0,0.002994397913426895,333.95695191877974,1690.5254412830657,3469.5756694810384,5230.924914110315,6974.749318924818,8701.223243884055,10410.519330806435,12102.808482210072,13778.259912800413,15437.041143900664,17079.318041347862,18705.254823020896,11.014585395265014,16.282967874832945,21.498931617330907,26.662998173408106,31.775684070009277,36.8375003138014,41.848953247221175,46.81054379022818,51.72276824550275,56.586117552899466
41,41,13601007.0,0.003029939313649107,330.03961349828165,628.9143125545504,2407.964540752523,4169.3137853818,5913.138190196303,7639.61211515554,9348.90820207792,11041.197353481557,12716.648784071898,14375.430015172149,16017.706912619346,17643.64369429238,14.21253100916006,19.480913488727992,24.696877231225955,29.860943787303153,34.97362968390432,40.03544592769644,45.04689886111622,50.00848940412323,54.92071385939779,59.78406316679451
42,42,13601889.0,0.00308929101897719,323.6988661337197,674.7637740510703,2436.113018680347,4179.93742349485,5906.411348454088,7615.707435376468,9307.996586780104,10983.448017370447,12642.229248470696,14284.506145917894,15910.442927590926,17520.202188471503,14.194326817037295,19.515654675273147,24.78403715484108,30.000000897339042,35.16406745341624,40.27675335001741,45.33856959380953,50.35002252722931,55.31161307023632,60.22383752551088
43,43,13607354.0,0.00304329975002475,328.5907015869427,236.91348078090977,2015.9637089788823,3777.312953608159,5521.137358422662,7247.6112833819,8956.90737030428,10649.196521707916,12324.647952298259,13983.429183398508,15625.706080845704,17251.64286251874,15.402962290560438,20.67134477012837,25.887308512626333,31.051375068703532,36.1640609653047,41.22587720909682,46.2373301425166,51.19892068552361,56.11114514079817,60.97449444819489
44,44,13609330.0,0.002940689523698134,340.05630038169625,1538.28660323504,3335.2156726141484,5114.265900812121,6875.6151454413975,8619.439550255902,10345.913475215139,12055.20956213752,13747.498713541154,15422.950144131497,17081.731375231746,18724.008272678944,11.402197161097355,16.618160903595317,21.782227459672516,26.894913356273687,31.95672960006581,36.96818253348558,41.929773076492594,46.841997531767156,51.70534683916387,56.5203075282679
45,45,13611199.0,0.002790293285466514,358.3852655233725,879.9204014257874,2731.5713577535257,4564.798966287751,6379.786554974454,8176.715624353563,9955.765852551534,11717.115097180811,13460.939501995315,15187.413426954552,16896.709513876933,18588.998665280567,13.025709921717672,18.087526165509797,23.09897909892957,28.06056964193658,32.97279409721114,37.83614340460786,42.651104093711886,47.4181574560884,52.137780237482744,56.810444230729516
46,46,13612841.0,0.0028338775577780254,352.8733968252586,1287.6614716206013,3120.889080154826,4935.87666884153,6732.805738220638,8511.85596641861,10273.205211047887,12017.029615862391,13743.503540821628,15452.799627744009,17145.088779147645,18820.54020973799,11.973576278658914,17.086262175260085,22.148078419052208,27.15953135247198,32.12112189547899,37.033346350753554,41.89669565815027,46.7116563472543,51.47870970963081,56.198332491025155
47,47,13615274.0,0.00285892447275971,349.78188809398785,472.2134932439812,2305.441101778206,4120.42869046491,5917.357759844018,7696.40798804199,9457.757232671267,11201.581637485771,12928.055562445008,14637.351649367389,16329.640800771023,18005.092231361366,14.29482112911543,19.4075070257166,24.469323269508724,29.480776202928496,34.44236674593551,39.35459120121007,44.21794050860679,49.032901197710814,53.79995456008733,58.51957734148167
48,48,13616017.0,0.002940101474002319,340.12431504233564,1551.417133597531,3348.3462029766397,5127.396431174612,6888.745675803889,8632.570080618392,10359.044005577629,12068.34009250001,13760.629243903646,15436.080674493987,17094.861905594236,18737.138803041435,11.36358573467625,16.57954947717421,21.74361603325141,26.85630192985258,31.918118173644704,36.929571107064476,41.89116165007149,46.80338610534605,51.66673541274277,56.481696101846794
49,49,13618086.0,0.002831328342753477,353.19110994647,1368.8380976401024,3202.0657061743273,5017.053294861031,6813.982364240139,8593.032592438112,10354.381837067389,12098.206241881891,13824.680166841128,15533.976253763509,17226.265405167145,18901.71683575749,11.743616032713174,16.856301929314345,21.918118173106468,26.92957110652624,31.891161649533252,36.803386104807814,41.66673541220453,46.48169610130856,51.24874946368507,55.968372245079415
50,50,13620617.0,0.0028421073186001883,351.85159738884386,1020.7245325741806,2853.952141108405,4668.939729795109,6465.868799174217,8244.91902737219,10006.268272001467,11750.09267681597,13476.566601775206,15185.862688697587,16878.15184010122,18553.603270691565,12.731186270231817,17.843872166832988,22.90568841062511,27.917141344044882,32.87873188705189,37.79095634232646,42.65430564972318,47.4692663388272,52.23631970120372,56.95594248259806
51,51,13622812.0,0.0029785703758717025,335.7315335238107,377.41959165722943,2174.348661036338,3953.398889234311,5714.748133863587,7458.5725386780905,9185.046463637327,10894.342550559708,12586.631701963344,14262.083132553687,15920.864363653936,17563.141261101133,14.837967940981425,20.053931683479387,25.217998239556586,30.330684136157757,35.39250037994988,40.403953313369655,45.36554385637666,50.27776831165123,55.14111761904795,59.956078308151966
52,52,13623661.0,0.0030160342941086054,331.56121664576494,1040.103516350214,2819.1537445481868,4580.502989177463,6324.327393991966,8050.801318951203,9760.097405873585,11452.38655727722,13127.837987867562,14786.619218967811,16428.89611641501,18054.832898088043,12.96940504619316,18.237787525761092,23.453751268259055,28.617817824336253,33.73050372093742,38.79231996472955,43.80377289814932,48.76536344115633,53.67758789643089,58.54093720382761
53,53,13625012.0,0.0030500020441861344,327.86863271327445,43.23619610849212,1822.2864243064648,3583.6356689357413,5327.460073750245,7053.933998709482,8763.230085631862,10455.519237035498,12130.970667625841,13789.75189872609,15432.028796173288,17057.96557784632,15.993049090955779,21.261431570523712,26.477395313021674,31.641461869098872,36.75414776570004,41.81596400949216,46.82741694291194,51.78900748591895,56.70123194119351,61.56458124859023
54,54,13625635.0,0.003284250807016576,304.4834450108283,553.0901252049039,2262.3862121272846,3954.67536353092,5630.126794121263,7288.908025221513,8931.18492266871,10557.121704341744,12166.880965222319,13760.623655068948,15338.509117403093,16900.695139196185,14.960527619171584,20.44390585873083,25.87272624952096,31.24753163100842,36.568859489244275,41.83724196881221,47.05320571131017,52.217272267387365,57.329958163988536,62.39177440778066
55,55,13626899.0,0.0032006049890190066,312.44093020879234,1064.0186671252425,2790.4925920844794,4499.78867900686,6192.077830410495,7867.529261000838,9526.310492101087,11168.587389548286,12794.524171221317,14404.283432101895,15998.026121948524,17575.91158428267,13.189370945815254,18.618191336605385,23.992996718092847,29.314324576328698,34.58270705589663,39.798670798394596,44.96273735447179,50.07542325107296,55.137239494865085,60.14869242828486
56,56,13640443.0,0.003641273202640182,274.62921465901786,268.6543048887979,1894.591086561831,3504.350347442408,5098.093037289037,6675.978499623181,8238.164521416273,9784.80729733818,11316.061488669096,12832.080217341789,14333.015041787306,15819.016067725497,16.663564036850754,22.42806666769083,28.13521439654217,33.78557784859314,39.379722042904675,44.91820632233302,50.401584561892264,55.83040495268239,61.205210334169855,66.52653819240571
57,57,13641974.0,0.003410765221378438,293.1893387830009,733.1117764581568,2408.5632070484994,4067.344438148749,5709.621335595946,7335.55811726898,8945.317378149557,10539.060067996184,12116.94553033033,13679.131552123421,15225.774328045329,16757.028519376247,14.610627281312793,20.20477147562433,25.743255755052672,31.22663399461192,36.655454385402045,42.03025976688951,47.35158762512536,52.619970104693294,57.83593384719126,63.00000040326845
58,58,13648709.0,0.003276706087143796,305.1845278169789,749.1063279481947,2458.4024148705753,4150.691566274211,5826.142996864553,7484.924227964803,9127.201125412,10753.137907085034,12362.89716796561,13956.639857812239,15534.525320146384,17096.711341939474,14.31744691277826,19.800825152337506,25.229645543127635,30.604450924615097,35.92577878285095,41.19416126241888,46.41012500491684,51.574191560994045,56.68687745759521,61.74869370138734
59,59,13663841.0,0.003334216789770575,299.92050998843695,971.6966298835403,2663.985781287176,4339.437211877518,5998.218442977768,7640.495340424965,9266.432122097998,10876.191382978575,12469.934072825205,14047.81953515935,15610.00555695244,17156.64833287435,13.69327956750252,19.231763846930864,24.715142086490108,30.143962477280237,35.5187678587677,40.84009571700355,46.10847819657148,51.324441939069445,56.48850849514665,61.60119439174782
60,60,13666752.0,0.0035280135587820063,283.4456226821404,1232.02600524492,2874.3029026921176,4500.23968436515,6109.998945245728,7703.741635092357,9281.6270974265,10843.813119219592,12390.4558951415,13921.710086472416,15437.728815145108,16938.663639590628,13.088720365933638,18.79586809478498,24.446231546835946,30.040375741147482,35.578860020575824,41.062238260135075,46.491058650925204,51.86586403241267,57.18719189064851,62.455574370216446
61,61,13673287.0,0.0035294249759004457,283.33227277196187,1198.360368873164,2840.6372663203615,4466.574047993395,6076.333308873972,7670.0759987206,9247.961461054745,10810.147482847837,12356.790258769744,13888.04445010066,15404.063178773353,16904.998003218872,13.20752036594003,18.914668094791374,24.56503154684234,30.159175741153877,35.69766002058222,41.18103826014146,46.6098586509316,51.98466403241906,57.30599189065491,62.57437437022284
62,62,13677179.0,0.0035407366592898524,282.4271037995141,931.2694893171383,2573.546386764336,4199.483168437369,5809.242429317946,7402.985119164575,8980.870581498719,10543.05660329181,12089.699379213718,13620.953570544634,15136.972299217327,16637.907123662844,14.1517439775938,19.858891706445142,25.50925515849611,31.103399352807646,36.64188363223599,42.12526187179523,47.55408226258536,52.92888764407282,58.25021550230868,63.51859798187661
63,63,13688692.0,0.003854458601763436,259.43980810754965,507.2546038919338,2085.1400662260785,3647.326088019169,5193.968863941077,6725.223055271994,8241.241783944686,9742.176608390204,11228.177634328395,12699.39344376542,14155.971127638351,15598.056341506248,16.219254827034558,22.15930373810253,28.04025113608592,33.862685070639714,39.627187701479784,45.33433543033112,50.98469888238209,56.57884307669363,62.117327356121976,67.60070559568122
64,64,13690797.0,0.0038842509969317213,257.4498920872848,1468.325925319486,3030.5119471125768,4577.154723034485,6108.408914365402,7624.427643038093,9125.362467483612,10611.3634934218,12082.579302858829,13539.15698673176,14981.242200599654,16408.979150027342,12.606278802620126,18.606023195485395,24.546072106553368,30.42701950453676,36.24945343909055,42.01395606993062,47.72110379878196,53.37146725083293,58.96561144514447,64.5040957245728
65,65,13694162.0,0.003876103035583086,257.99107784800384,60.149635976207044,1638.0350983103517,3200.2211201034424,4746.86389602535,6278.118087356267,7794.1368160289585,9295.071640474478,10781.072666412667,12252.288475849695,13708.866159722626,15150.95137359052,17.947481171864432,23.887530082932404,29.768477480915795,35.590911415469584,41.355414046309654,47.062561775161,52.71292522721197,58.30706942152351,63.84555370095185,69.3289319405111
66,66,13695028.0,0.003736809253506184,267.60798642898806,1393.572752972028,2987.315442818657,4565.200905152802,6127.386926945893,7674.029702867801,9205.283894198717,10721.302622871408,12222.237447316928,13708.238473255116,15179.454282692144,16636.031966565075,12.74662157199391,18.6275689699773,24.45000290453109,30.21450553537116,35.921653264222506,41.572016716273474,47.166160910585006,52.70464519001335,58.188023429572596,63.616843820362725
67,67,13698910.0,0.003753286613978217,266.4331565502457,1044.3051437287863,2638.047833575415,4215.93329590956,5778.119317702651,7324.7620936245585,8856.016284955476,10372.035013628167,11872.969838073686,13358.970864011875,14830.186673448903,16286.764357321834,14.054692644954518,19.93564004293791,25.758073977491698,31.52257660833177,37.229724337183114,42.88008778923408,48.474231983545614,54.01271626297396,59.496094502533204,64.92491489332333
68,68,13701978.0,0.0036021609937086814,277.61113446804296,1150.7276719952924,2776.664453668325,4386.423714548902,5980.166404395531,7558.051866729676,9120.237888522766,10666.880664444674,12198.134855775592,13714.153584448282,15215.088408893802,16701.089434831993,13.468862943833901,19.23336557467397,24.940513303525318,30.590876755576286,36.18502094988782,41.72350522931616,47.20688346887541,52.63570385966554,58.010509241153,63.33183709938885
69,69,13705441.0,0.0034227232160476567,292.1650209141762,436.9638476280672,2112.4152782184096,3771.196509318659,5413.473406765856,7039.41018843889,8649.169449319466,10242.912139166096,11820.79760150024,13382.98362329333,14929.62639921524,16460.880590546156,15.622501588329024,21.21664578264056,26.755130062068904,32.23850830162815,37.66732869241828,43.04213407390574,48.36346193214159,53.63184441170952,58.847808154207485,64.01187471028469
70,70,13713021.0,0.0034446977895524677,290.30122846565274,1574.0473645303132,3232.8285956305626,4875.10549307776,6501.042274750794,8110.80153563137,9704.544225478,11282.429687812144,12844.615709605234,14391.258485527143,15922.51267685806,17438.53140553075,11.82074804913433,17.471111501185298,23.065255695496834,28.603739974925176,34.08711821448442,39.51593860527455,44.89074398676201,50.212071844997865,55.4804543245658,60.69641806706376
71,71,13713574.0,0.0035347228208668906,282.907614168952,1075.7948791552317,2718.0717766024295,4344.008558275463,5953.767819156039,7547.510509002668,9125.395971336813,10687.581993129903,12234.224769051812,13765.478960382728,15281.49768905542,16782.43251350094,13.64043875329464,19.347586482145985,24.997949934196953,30.59209412850849,36.13057840793683,41.613956647496074,47.042777038286204,52.417582419773666,57.73891027800952,63.00729275757745
72,72,13718509.0,0.0037103731886655475,269.5146685122675,360.0536417330904,1969.8129026136671,3563.5555924602963,5141.441054794441,6703.6270765875315,8250.26985250944,9781.524043840356,11297.542772513048,12798.477596958566,14284.478622896757,15755.694432333783,16.48176218867736,22.30419612323115,28.06869875407122,33.77584648292257,39.426209934973535,45.02035412928507,50.55883840871341,56.04221664827266,61.471037039062786,66.84584242055026
73,73,13720691.0,0.003493609600801419,286.23690516839787,386.13488024601884,2044.9161113462683,3687.193008793466,5313.129790466499,6922.889051347076,8516.631741193705,10094.51720352785,11656.70322532094,13203.346001242848,14734.600192573766,16250.618921246456,15.94185674726462,21.592220199315587,27.186364393627123,32.72484867305547,38.20822691261471,43.63704730340484,49.011852684892304,54.33318054312815,59.601563022696084,64.81752676519405
74,74,13725809.0,0.0036234754938129386,275.97813251600394,663.5182018678968,2289.45498354093,3899.2142444215065,5492.956934268135,7070.84239660228,8633.028418395372,10179.67119431728,11710.925385648196,13226.944114320888,14727.878938766406,16213.879964704596,15.229195968015183,20.993698598855257,26.7008463277066,32.35120977975757,37.9453539740691,43.483838253497446,48.96721649305669,54.39603688384682,59.77084226533428,65.09217012357013
75,75,13916933.0,0.004794261334483716,208.58270549569195,295.3746717813493,1018.2586882691329,1733.9502373323712,2442.5208995380567,3144.0415156800213,3838.582228481193,4526.212491270228,5207.001055891792,5881.016003174511,6548.324721384189,7208.9939320275935,8.95675200930618,12.3477160096839,15.704941020966968,19.02876272577769,22.31951353294665,25.57752242304612,28.80311519055744,31.996614388130844,35.15833931630042,38.28860614377133
76,76,13918590.0,0.004824076595826067,207.29355766557052,69.17811479033536,792.062131278119,1507.753680341357,2216.3243425470428,2917.8449586890074,3612.385671490179,4300.015934279214,4980.804498900778,5654.819446183497,6322.128164393175,6982.79737503658,10.044663009364736,13.435627009742456,16.792852021025524,20.116673725836243,23.407424533005205,26.665433423104673,29.891026190615996,33.0845253881894,36.246250316358974,39.376517143829886
77,77,13919257.0,0.005035018485252743,198.6090027134832,676.8431451092601,1378.3637612512246,2072.9044740523964,2760.534736841432,3441.3233014629955,4115.338248745715,4782.646966955393,5443.316177598797,6097.411950611493,6097.411950611493,6097.411950611493,7.253850339178161,10.74807931871185,14.207541845979316,17.632583860752252,21.02354786112997,24.38077287241304,27.70459457722376,30.99534538439272,34.25335427449219,37.47894704200351
78,78,13922702.0,0.004880846912306589,204.8824759241261,369.47350678022127,1085.1650558434594,1793.7357180491451,2495.2563341911095,3189.7970469922816,3877.4273097813166,4558.21587440288,5232.2308216856,5899.539539895277,6560.208750538682,7214.304523551377,8.670334124958655,12.095376139731592,15.486340140109311,18.84356515139238,22.1673868562031,25.45813766337206,28.71614655347153,31.94173932098285,35.13523851855626,38.29696344672583
79,79,13928471.0,0.00488133499699782,204.86198972515356,366.45275603975233,1082.1443051029905,1790.7149673086763,2492.2355834506407,3186.7762962518123,3874.4065590408477,4555.195123662411,5229.210070945131,5896.5187891548085,6557.187999798213,7211.283772810909,8.685079341524055,12.110121356296991,15.50108535667471,18.858310367957777,22.1821320727685,25.47288287993746,28.73089177003693,31.95648453754825,35.14998373512165,38.31170866329123
80,80,13931771.0,0.004704034747127074,212.58346371925433,264.44414221546816,994.5928964792519,1717.4769129670356,2433.1684620302735,3141.7391242359595,3843.2597403779237,4537.800453179096,5225.430715968131,5906.219280589695,6580.234227872414,7247.5429460820915,9.0270246054309,12.384249616713968,15.708071321524688,18.99882212869365,22.256831018793118,25.482423786304437,28.675922983877843,31.83764791204742,34.96791473951833,38.06703643215619
81,81,13937942.0,0.004392611926634207,227.65498448351195,595.416513680733,1347.8004811505318,2092.698469393088,2830.184967077371,3560.3337213411546,4283.217737828938,4998.909286892176,5707.479949097862,6409.000565239827,7103.541278040999,7791.171540830033,7.335735684048975,10.593744574148445,13.819337341659766,17.01283653923317,20.174561467402746,23.304828294873655,26.40394998751152,29.472236408275318,32.509994389128,35.51752768736594
82,82,13943490.0,0.004154644258175117,240.69449460860443,444.98357015871443,1220.279878505041,1987.8622351424626,2747.8074045648837,3500.1913720346824,4245.089360277239,4982.575857961522,5712.7246122253055,6435.608628713089,7151.3001777763275,7859.8708399820125,7.8177751098187,10.979500037988277,14.109766865459186,17.208888558097048,20.277174978860845,23.314932959713534,26.32246625795147,29.300075603847965,32.248058715544666,35.16671036653022
83,83,13947432.0,0.004385151202800864,228.04230772277236,657.9274535923192,1410.311421062118,2155.2094093046744,2892.695906988957,3622.844661252741,4345.728677740524,5061.4202268037625,5769.990889009448,6471.511505151413,7166.052217952584,7853.68248074162,7.061370825018655,10.319379715118126,13.544972482629445,16.73847168020285,19.900196608372426,23.030463435843338,26.1295851284812,29.197871549244997,32.23562953009769,35.24316282833562
84,84,13947986.0,0.004723832248859189,211.69252998802003,108.24755209823265,838.3963063620163,1561.2803228497999,2276.9718719130383,2985.542534118724,3687.0631502606884,4381.6038630618605,5069.234125850895,5750.022690472459,6424.037637755178,7091.346355964856,9.7633444326006,13.120569443883669,16.44439114869439,19.73514195586335,22.99315084596282,26.218743613474143,29.412242811047545,32.573967739217125,35.70423456668803,38.803356259325895
85,85,13949551.0,0.004914148102009455,203.4940704353391,123.9603215367012,839.6518705999393,1548.222532805625,2249.7431489475894,2944.2838617487614,3631.914124537797,4312.7026891593605,4986.717636442079,5654.026354651757,6314.695565295162,6968.791338307858,9.8727928969332,13.297834911706136,16.688798912083858,20.046023923366924,23.369845628177643,26.660596435346605,29.918605325446073,33.144198092957396,36.3376972905308,39.499422218700374
86,86,13950214.0,0.005055197882129968,197.8161930188691,535.2936201983304,1236.8142363402949,1931.3549491414667,2618.985211930502,3299.7737765520656,3973.788723834785,4641.097442044463,5301.7666526878675,5955.862425700563,5955.862425700563,5955.862425700563,7.968040035566966,11.462269015100656,14.921731542368121,18.346773557141056,21.737737557518777,25.094962568801844,28.418784273612562,31.709535080781524,34.967543970880996,38.19313673839231
87,87,13956093.0,0.00512595219838989,195.08570530839313,44.28541116051569,745.8060273024802,1440.3467401036519,2127.9770028926873,2808.765567514251,3482.7805147969702,4150.089233006648,4810.758443650053,5464.8542166627485,5464.8542166627485,5464.8542166627485,10.467639498364242,13.961868477897934,17.4213310051654,20.846373019938333,24.237337020316055,27.59456203159912,30.91838373640984,34.2091345435788,37.467143433678274,40.69273620118959
88,88,13966519.0,0.005443995688277288,183.68860984833782,35.61919167161375,716.4077562931773,1390.4227035758965,2057.731421785574,2718.400632428979,3372.4964054416746,3372.4964054416746,3372.4964054416746,3372.4964054416746,3372.4964054416746,3372.4964054416746,10.826462401951714,14.427101106371271,17.99191459527678,21.521259406822544,25.015488386356235,28.4749509136237,31.899992928396635,35.29095692877436,38.64818194005743,41.972003644868145
89,89,13969324.0,0.005137241142073642,194.65700992894236,666.3364339730659,1360.8771467742376,2048.507409563273,2729.2959741848367,3403.310921467556,4070.6196396772334,4731.288850320639,5385.384623333334,5385.384623333334,5385.384623333334,5385.384623333334,7.346129389235329,10.875474200781097,14.369703180314788,17.829165707582252,21.25420772235519,24.645171722732908,28.002396734015978,31.326218438826697,34.616969245995655,37.87497813609513
90,90,13977919.0,0.005758116864242123,173.66788892563036,166.19340269345562,826.8626133368604,1480.9583863495561,1480.9583863495561,1480.9583863495561,1480.9583863495561,1480.9583863495561,1480.9583863495561,1480.9583863495561,1480.9583863495561,1480.9583863495561,10.396735807836922,14.107024705446545,17.780397438899477,21.41722134121601,25.017860045635565,28.582673534541073,32.11201834608684,35.60624732562053,39.065709852888,42.49075186766093
91,91,13979036.0,0.005276773612309166,189.50974088926102,425.8964856306338,1113.526748419669,1794.3153130412327,2468.3302603239517,3135.6389785336296,3796.3081891770344,4450.40396218973,4450.40396218973,4450.40396218973,4450.40396218973,4450.40396218973,8.64959907828321,12.214412567188715,15.743757378734482,19.237986358268174,22.69744888553564,26.122490900308573,29.513454900686295,32.87067991196936,36.19450161678008,39.48525242394904
92,92,13984431.0,0.005376910284999696,185.9804138428277,462.51584896652247,1143.304413588086,1817.3193608708052,2484.628079080483,3145.297289723888,3799.3930627365835,3799.3930627365835,3799.3930627365835,3799.3930627365835,3799.3930627365835,3799.3930627365835,8.516704770953556,12.117343475373113,15.682156964278619,19.211501775824388,22.70573075535808,26.16519328262554,29.59023529739848,32.9811992977762,36.33842430905926,39.66224601386998
93,93,13991028.0,0.004973967480556896,201.0467506892582,403.92628725958104,1112.4969494652667,1814.0175656072313,2508.558278408403,3196.1885411974386,3876.9771058190017,4550.9920531017215,5218.300771311399,5878.969981954803,6533.0657549675,6533.0657549675,8.567698368486756,12.02716089575422,15.452202910527156,18.843166910904873,22.200391922187944,25.524213626998662,28.814964434167624,32.072973324267096,35.29856609177841,38.49206528935182
94,94,13992003.0,0.005006902585498707,199.72427722006418,167.8619960282373,876.4326582339229,1577.9532743758875,2272.4939871770594,2960.1242499660943,3640.912814587658,4314.927761870377,4982.236480080055,5642.90569072346,6297.0014637361555,6297.0014637361555,9.745860792445425,13.205323319712889,16.630365334485827,20.021329334863545,23.37855434614661,26.702376050957334,29.993126858126292,33.251135748225764,36.476728515737086,39.67022771331049
95,95,13994680.0,0.005345281492414815,187.08088646389214,663.9325912067479,1344.7211558283116,2018.7361031110308,2686.0448213207087,3346.714031964113,4000.809804976809,4000.809804976809,4000.809804976809,4000.809804976809,4000.809804976809,4000.809804976809,7.436834808680326,11.037473513099883,14.602287002005388,18.131631813551156,21.625860793084847,25.085323320352312,28.510365335125247,31.901329335502968,35.258554346786035,38.58237605159675
96,96,13997237.0,0.005284694315741574,189.2257035608076,372.30232839639854,1059.932591185434,1740.7211558069973,2414.736103089717,3082.0448212993942,3742.714031942799,4396.809804955495,4396.809804955495,4396.809804955495,4396.809804955495,4396.809804955495,8.932624894850514,12.497438383756018,16.02678319530179,19.521012174835477,22.980474702102942,26.40551671687588,29.796480717253598,33.153705728536664,36.47752743334738,39.768278240516345
97,97,14022239.0,0.005417928423796444,184.57239036378434,199.74984483090108,880.5384094524646,1554.553356735184,2221.8620749448614,2882.531285588266,3536.6270586009623,3536.6270586009623,3536.6270586009623,3536.6270586009623,3536.6270586009623,3536.6270586009623,9.93502028935968,13.535658993779238,17.100472482684744,20.629817294230513,24.124046273764204,27.58350880103167,31.008550815804604,34.399514816182325,37.75673982746539,41.080561532276114
98,98,14029608.0,0.005676365793754824,176.16905540164566,641.3302230299314,1301.9994336733362,1956.0952066860318,1956.0952066860318,1956.0952066860318,1956.0952066860318,1956.0952066860318,1956.0952066860318,1956.0952066860318,1956.0952066860318,1956.0952066860318,7.680231320874118,11.39052021848374,15.063892951936674,18.700716854253205,22.30135555867276,25.866169047578268,29.395513859124037,32.889742838657725,36.349205365925194,39.77424738069813
99,99,14031501.0,0.005705387751319144,175.27292509940096,470.124263367406,1130.7934740108108,1784.8892470235064,1784.8892470235064,1784.8892470235064,1784.8892470235064,1784.8892470235064,1784.8892470235064,1784.8892470235064,1784.8892470235064,1784.8892470235064,8.654620030726564,12.364908928336185,16.038281661789117,19.67510556410565,23.275744268525205,26.840557757430712,30.36990256897648,33.86413154851017,37.323594075777635,40.74863609055057
100,100,14038476.0,0.005787556796296587,172.78448146545918,655.6756003084075,1309.7713733211033,1309.7713733211033,1309.7713733211033,1309.7713733211033,1309.7713733211033,1309.7713733211033,1309.7713733211033,1309.7713733211033,1309.7713733211033,1309.7713733211033,7.637416301100458,11.384992331197726,15.095281228807346,18.76865396226028,22.40547786457681,26.00611656899637,29.570930057901872,33.100274869447645,36.59450384898133,40.053966376248795
101,101,14047597.0,0.005903286578637485,169.3971632037566,0.24560034368507846,654.3413733563809,654.3413733563809,654.3413733563809,654.3413733563809,654.3413733563809,654.3413733563809,654.3413733563809,654.3413733563809,654.3413733563809,654.3413733563809,11.468767132218092,15.216343162315358,18.92663205992498,22.600004793377913,26.236828695694445,29.837467400114,33.40228088901951,36.93162570056528,40.425854680098965,43.885317207366434
102,102,14047597.0,0.005903286578637485,169.3971632037566,0.24560034368507846,654.3413733563809,654.3413733563809,654.3413733563809,654.3413733563809,654.3413733563809,654.3413733563809,654.3413733563809,654.3413733563809,654.3413733563809,654.3413733563809,11.468767132218092,15.216343162315358,18.92663205992498,22.600004793377913,26.236828695694445,29.837467400114,33.40228088901951,36.93162570056528,40.425854680098965,43.885317207366434
103,103,14387020.0,0.005903286578637485,169.3971632037566,0.0,0.0,0.0,0.0,0.0,0.0,0.0,0.0,0.0,0.0,0.0,0.0,0.0,0.0,0.0,0.0,0.0,0.0,0.0,0.0,0.0
104,104,15658134.0,0.011887343294144093,84.12308581115992,0.0004080474514984261,51.890471934883095,51.890471934883095,51.890471934883095,51.890471934883095,51.890471934883095,51.890471934883095,51.890471934883095,51.890471934883095,51.890471934883095,51.890471934883095,1.8323325181004473,2.4309980447584265,3.0237070576246365,3.6105188111595354,4.19149197230122,4.766684643188643,5.336154341113441,5.899957996022902,6.45815199302822,7.010792142525098
105,105,16110959.0,0.012122621655306878,82.49040747404943,0.17297919527337022,8.5008200590097,8.5008200590097,8.5008200590097,8.5008200590097,8.5008200590097,8.5008200590097,8.5008200590097,8.5008200590097,8.5008200590097,8.5008200590097,0.29791475816105467,0.29791475816105467,0.29791475816105467,0.29791475816105467,0.29791475816105467,0.29791475816105467,0.29791475816105467,0.29791475816105467,0.29791475816105467,0.29791475816105467
106,106,16169704.0,0.012122621655306878,82.49040747404943,0.0,0.0,0.0,0.0,0.0,0.0,0.0,0.0,0.0,0.0,0.0,0.0,0.0,0.0,0.0,0.0,0.0,0.0,0.0,0.0,0.0
107,107,16275029.0,0.012122621655306878,82.49040747404943,0.06806829626008737,3.345120997446595,6.589568037302165,6.589568037302165,6.589568037302165,6.589568037302165,6.589568037302165,6.589568037302165,6.589568037302165,6.589568037302165,6.589568037302165,0.07827180428853515,0.07827180428853515,0.07827180428853515,0.07827180428853515,0.07827180428853515,0.07827180428853515,0.07827180428853515,0.07827180428853515,0.07827180428853515,0.07827180428853515
108,108,16292681.0,3.402227645566078e+26,2.9392507032950628e-27,0.0,0.0,0.0,0.0,0.0,0.0,0.0,0.0,0.0,0.0,0.0,0.0,0.0,0.0,0.0,0.0,0.0,0.0,0.0,0.0,0.0
