,index,blocknum,p0vs1,p1vs0,USDC-slippagemap_01,USDC-slippagemap_2,USDC-slippagemap_3,USDC-slippagemap_4,USDC-slippagemap_5,USDC-slippagemap_6,USDC-slippagemap_7,USDC-slippagemap_8,USDC-slippagemap_9,USDC-slippagemap_10,USDC-slippagemap_11,ZRX-slippagemap_01,ZRX-slippagemap_2,ZRX-slippagemap_3,ZRX-slippagemap_4,ZRX-slippagemap_5,ZRX-slippagemap_6,ZRX-slippagemap_7,ZRX-slippagemap_8,ZRX-slippagemap_9,ZRX-slippagemap_10
0,0,14102897.0,1.7708661604461182,0.564695414219265,22871.130488580744,51060.659224961935,78969.71167635077,106601.0778974319,133957.52119013475,161041.7768443375,187856.5530272692,214404.5314880175,214404.5314880175,214404.5314880175,214404.5314880175,109851.51384439462,159082.34358709594,207823.34391346166,256079.38779794285,303855.2989402825,303855.2989402825,303855.2989402825,303855.2989402825,303855.2989402825,303855.2989402825
1,1,14108672.0,1.7724605776511122,0.5641874423662573,21589.77538044726,49779.304116828454,77688.35656821728,105319.72278929841,132676.1660820013,159760.421736204,186575.19791913574,213123.176379884,213123.176379884,213123.176379884,213123.176379884,112121.6838345168,161352.5135772181,210093.51390358384,258349.55778806505,306125.46893040463,306125.46893040463,306125.46893040463,306125.46893040463,306125.46893040463,306125.46893040463
2,2,14110639.0,1.8499647747253303,0.5405508330008462,17250.648571731937,44882.014792813075,72238.45808551594,99322.71373971867,126137.48992265039,152685.46838339866,152685.46838339866,152685.46838339866,152685.46838339866,152685.46838339866,152685.46838339866,121612.96540566906,171838.2744974729,221563.85886690195,270794.68860960327,319535.68893596897,367791.7328204502,415567.6439627898,415567.6439627898,415567.6439627898,415567.6439627898
3,3,14112671.0,1.8833756085944442,0.530961532811979,19908.132084562872,47264.57537726573,74348.83103146846,101163.60721440018,127711.58567514845,127711.58567514845,127711.58567514845,127711.58567514845,127711.58567514845,127711.58567514845,127711.58567514845,117501.01205666689,168231.06939843108,218456.37849023493,268181.962859664,317412.79260236525,366153.792928731,414409.8368132122,462185.74795555184,462185.74795555184,462185.74795555184
4,4,14113715.0,1.8907347465088933,0.5288949186798564,14560.186581643624,41916.62987434649,69000.88552854922,95815.66171148093,122363.6401722292,122363.6401722292,122363.6401722292,122363.6401722292,122363.6401722292,122363.6401722292,122363.6401722292,127593.39739788685,178323.45473965103,228548.76383145485,278274.3482008839,327505.1779435852,376246.17826995096,424502.22215443215,472278.13329677173,472278.13329677173,472278.13329677173
5,5,14114368.0,1.8573790818440445,0.5383930559868152,11616.507703233707,39247.873924314845,66604.31721701771,93688.57287122044,120503.34905415216,147051.32751490045,147051.32751490045,147051.32751490045,147051.32751490045,147051.32751490045,147051.32751490045,132057.13538689833,182282.44447870218,232008.02884813122,281238.8585908325,329979.85891719826,378235.90280167945,426011.8139440191,426011.8139440191,426011.8139440191,426011.8139440191
6,6,14114899.0,1.7988867442068015,0.5558993656606984,517.1476680416781,28706.676404422873,56615.72885581169,84247.09507689283,111603.5383695957,138687.79402379843,165502.57020673013,192050.54866747843,192050.54866747843,192050.54866747843,192050.54866747843,149750.45838948613,198981.28813218744,247722.28845855317,295978.3323430344,343754.24348537397,343754.24348537397,343754.24348537397,343754.24348537397,343754.24348537397,343754.24348537397
7,7,14117286.0,1.7740564304057154,0.5636799274594136,20317.147666975972,48506.67640335717,76415.72885474599,104047.09507582712,131403.53836853,158487.79402273273,185302.57020566444,211850.5486664127,211850.5486664127,211850.5486664127,211850.5486664127,114378.40956820609,163609.23931090737,212350.2396372731,260606.28352175432,308382.1946640939,308382.1946640939,308382.1946640939,308382.1946640939,308382.1946640939,308382.1946640939
8,8,14117808.0,1.7410173617417533,0.5743768109236873,18690.567473544506,47163.39191089364,75352.92064727483,103261.97309866366,130893.33931974479,158249.78261244766,185334.0382666504,212148.8144495821,238696.79291033038,238696.79291033038,238696.79291033038,116425.99406721262,165166.99439357835,213423.03827805957,261198.94942039915,261198.94942039915,261198.94942039915,261198.94942039915,261198.94942039915,261198.94942039915,261198.94942039915
9,9,14119191.0,1.7252467573417252,0.5796272305654459,3087.779943689709,31846.746157836395,60319.57059518553,88509.09933156673,116418.15178295554,144049.51800403668,171405.96129673955,198490.21695094227,225304.993133874,251852.97159462227,251852.97159462227,142364.19731464548,190620.2411991267,238396.1523414663,238396.1523414663,238396.1523414663,238396.1523414663,238396.1523414663,238396.1523414663,238396.1523414663,238396.1523414663
10,10,14126549.0,1.7024540227380478,0.5873873753087941,22406.148328849693,51165.11454299638,79637.93898034551,107827.46771672671,135736.52016811553,163367.88638919668,190724.32968189954,217808.58533610226,244623.361519034,271171.33997978223,271171.33997978223,109254.1514019651,157510.1952864463,205286.1064287859,205286.1064287859,205286.1064287859,205286.1064287859,205286.1064287859,205286.1064287859,205286.1064287859,205286.1064287859
11,11,14127332.0,1.7195631103952218,0.5815430640229085,7939.592519628333,36698.55873377502,65171.38317112415,93360.91190750535,121269.96435889417,148901.3305799753,176257.77387267817,203342.0295268809,230156.80570981262,256704.7841705609,256704.7841705609,134007.09660371652,182263.1404881977,230039.05163053732,230039.05163053732,230039.05163053732,230039.05163053732,230039.05163053732,230039.05163053732,230039.05163053732,230039.05163053732
12,12,14128554.0,1.7240395675357933,0.5800330913688492,4071.93101401671,32830.8972281634,61303.72166551253,89493.25040189372,117402.30285328254,145033.6690743637,172390.11236706655,199474.36802126927,226289.144204201,252837.12266494927,252837.12266494927,140666.76171004146,188922.80559452268,236698.7167368623,236698.7167368623,236698.7167368623,236698.7167368623,236698.7167368623,236698.7167368623,236698.7167368623,236698.7167368623
13,13,14132021.0,1.7007525046906042,0.5879750270789206,23871.931012951005,52630.89722709769,81103.72166444683,109293.25040082802,137202.30285221685,164833.669073298,192190.11236600086,219274.36802020358,246089.1442031353,272637.12266388355,272637.12266388355,106759.8406858752,155015.8845703564,202791.795712696,202791.795712696,202791.795712696,202791.795712696,202791.795712696,202791.795712696,202791.795712696,202791.795712696
14,14,14133138.0,1.6843357760658841,0.5937058478539876,9046.417179536289,38094.40163341818,66853.36784756486,95326.192284914,123515.72102129519,151424.77347268403,179056.13969376514,206412.582986468,233496.83864067076,260311.61482360246,286859.59328435076,130943.27176461689,178719.1829069565,178719.1829069565,178719.1829069565,178719.1829069565,178719.1829069565,178719.1829069565,178719.1829069565,178719.1829069565,178719.1829069565
15,15,14133939.0,1.6850096114431943,0.5934684248735589,8409.460693816805,37457.445147698694,66216.41136184538,94689.23579919452,122878.76453557571,150787.81698696452,178419.18320804567,205775.62650074853,232859.88215495128,259674.65833788298,286222.6367986313,132016.36665156425,179792.27779390386,179792.27779390386,179792.27779390386,179792.27779390386,179792.27779390386,179792.27779390386,179792.27779390386,179792.27779390386,179792.27779390386
16,16,14134495.0,1.691762809627241,0.5910994108094488,2627.5900107342195,31675.57446461611,60434.540678762794,88907.36511611193,117096.89385249313,145005.94630388194,172637.31252496308,199993.75581766595,227078.0114718687,253892.7876548004,280440.7661155487,141778.61103324784,189554.52217558745,189554.52217558745,189554.52217558745,189554.52217558745,189554.52217558745,189554.52217558745,189554.52217558745,189554.52217558745,189554.52217558745
17,17,14136279.0,1.646698571636856,0.60727568313002,12887.683969818883,42227.59000860281,71275.5744624847,100034.54067663138,128507.36511398052,156696.89385036172,184605.94630175055,212237.31252283166,239593.75581553453,266678.0114697373,293492.787652669,123456.4176863698,123456.4176863698,123456.4176863698,123456.4176863698,123456.4176863698,123456.4176863698,123456.4176863698,123456.4176863698,123456.4176863698,123456.4176863698
18,18,14138364.0,1.6404533028483326,0.6095876050014296,18506.639321516453,47846.54536030038,76894.52981418227,105653.49602832895,134126.3204656781,162315.8492020593,190224.9016534481,217856.26787452924,245212.7111672321,272296.96682143485,299111.7430043666,114220.49501644986,114220.49501644986,114220.49501644986,114220.49501644986,114220.49501644986,114220.49501644986,114220.49501644986,114220.49501644986,114220.49501644986,114220.49501644986
19,19,14138935.0,1.6394693752699727,0.6099534490147638,19496.56774846317,48836.473787247094,77884.45824112899,106643.42445527567,135116.2488926248,163305.777629006,191214.83008039484,218846.19630147595,246202.63959417882,273286.89524838154,300101.67143131327,112596.96440220733,112596.96440220733,112596.96440220733,112596.96440220733,112596.96440220733,112596.96440220733,112596.96440220733,112596.96440220733,112596.96440220733,112596.96440220733
20,20,14139926.0,1.661917336551453,0.6017146448902454,28739.365134445827,57787.349588327714,86546.3158024744,115019.14023982354,143208.66897620473,171117.72142759355,198749.0876486747,226105.53094137757,253189.78659558028,280004.562778512,306552.5412392603,97994.89764794016,145770.80879027976,145770.80879027976,145770.80879027976,145770.80879027976,145770.80879027976,145770.80879027976,145770.80879027976,145770.80879027976,145770.80879027976
21,21,14140595.0,1.6304774936329698,0.6133172668160153,27687.203734139355,57027.10977292328,86075.09422680517,114834.06044095186,143306.884878301,171496.41361468218,199405.466066071,227036.83228715215,254393.27557985502,281477.53123405774,308292.30741698947,99205.35620258041,99205.35620258041,99205.35620258041,99205.35620258041,99205.35620258041,99205.35620258041,99205.35620258041,99205.35620258041,99205.35620258041,99205.35620258041
22,22,14141954.0,1.5964365157308487,0.6263950931629749,29592.400331740282,59227.163209441766,88567.06924822569,117615.05370210759,146374.01991625427,174846.8443536034,203036.37308998458,230945.4255413734,258576.79176245455,285933.23505515745,313017.49070936017,48318.943244421986,48318.943244421986,48318.943244421986,48318.943244421986,48318.943244421986,48318.943244421986,48318.943244421986,48318.943244421986,48318.943244421986,48318.943244421986
23,23,14163919.0,1.5961172763144134,0.6265203784455583,29914.882960171824,59549.64583787331,88889.55187665723,117937.53633053912,146696.50254468582,175169.32698203495,203358.85571841613,231267.90816980496,258899.2743908861,286255.71768358897,313339.9733377917,47804.161911478026,47804.161911478026,47804.161911478026,47804.161911478026,47804.161911478026,47804.161911478026,47804.161911478026,47804.161911478026,47804.161911478026,47804.161911478026
24,24,14187093.0,1.5980336708346177,0.6257690424493509,28062.47552677303,57697.23840447451,87037.14444325844,116085.12889714033,144844.09511128702,173316.91954863616,201506.44828501734,229415.50073640616,257046.8669574873,284403.31025019014,311487.5659043929,50762.67791163726,50762.67791163726,50762.67791163726,50762.67791163726,50762.67791163726,50762.67791163726,50762.67791163726,50762.67791163726,50762.67791163726,50762.67791163726
25,25,14187630.0,1.6197523104601255,0.6173783445420297,7870.757036170267,37505.51991387175,66845.42595265567,95893.41040653757,124652.37662068426,153125.2010580334,181314.72979441457,209223.7822458034,236855.14846688454,264211.5917595874,291295.8474137901,83249.31298319034,83249.31298319034,83249.31298319034,83249.31298319034,83249.31298319034,83249.31298319034,83249.31298319034,83249.31298319034,83249.31298319034,83249.31298319034
26,26,14189704.0,1.6417661249094129,0.6091001542958359,17301.257806730508,46641.163845514435,75689.14829939633,104448.11451354301,132920.93895089216,161110.46768727334,189019.52013866216,216650.8863597433,244007.32965244618,271091.5853066489,297906.3614895806,116198.84228227478,116198.84228227478,116198.84228227478,116198.84228227478,116198.84228227478,116198.84228227478,116198.84228227478,116198.84228227478,116198.84228227478,116198.84228227478
27,27,14192408.0,1.6208864772821294,0.61694635251494,6857.045253195732,36491.80813089722,65831.71416968114,94879.69862356303,123638.66483770972,152111.48927505885,180301.01801144006,208210.07046282888,235841.43668391,263197.87997661286,290282.1356308156,84891.86801595746,84891.86801595746,84891.86801595746,84891.86801595746,84891.86801595746,84891.86801595746,84891.86801595746,84891.86801595746,84891.86801595746,84891.86801595746
28,28,14193758.0,1.611835332417137,0.6204107701872884,15183.774086747559,44818.53696444904,74158.44300323297,103206.42745711486,131965.39367126155,160438.2181086107,188627.74684499187,216536.7992963807,244168.16551746184,271524.6088101647,298608.86446436745,71432.71764326633,71432.71764326633,71432.71764326633,71432.71764326633,71432.71764326633,71432.71764326633,71432.71764326633,71432.71764326633,71432.71764326633,71432.71764326633
29,29,14196950.0,1.6121577156019737,0.6202867066430927,14876.711371680512,44511.474249381994,73851.38028816592,102899.36474204781,131658.3309561945,160131.15539354362,188320.68412992483,216229.73658131366,243861.10280239477,271217.54609509767,298301.8017493004,71927.71764490455,71927.71764490455,71927.71764490455,71927.71764490455,71927.71764490455,71927.71764490455,71927.71764490455,71927.71764490455,71927.71764490455,71927.71764490455
30,30,14197737.0,1.611996515950379,0.6203487353137569,15000.769530486696,44635.53240818818,73975.4384469721,103023.422900854,131782.38911500067,160255.21355234983,188444.742288731,216353.79474011983,243985.16096120098,271341.60425390385,298425.85990810656,71727.71764489378,71727.71764489378,71727.71764489378,71727.71764489378,71727.71764489378,71727.71764489378,71727.71764489378,71727.71764489378,71727.71764489378,71727.71764489378
31,31,14198919.0,1.613609238058235,0.6197287276338153,13466.273197886314,43101.0360755878,72440.94211437172,101488.92656825362,130247.8927824003,158720.71721974944,186910.24595613062,214819.29840751944,242450.66462860059,269807.1079213035,296891.3635755062,74202.717645027,74202.717645027,74202.717645027,74202.717645027,74202.717645027,74202.717645027,74202.717645027,74202.717645027,74202.717645027,74202.717645027
32,32,14199457.0,1.6468632414940196,0.6072149616338567,12843.56945275504,42183.475491538964,71231.45994542085,99990.42615956755,128463.25059691668,156652.77933329786,184561.83178468668,212193.19800576783,239549.6412984707,266633.89695267344,293448.6731356051,123529.06772758333,123529.06772758333,123529.06772758333,123529.06772758333,123529.06772758333,123529.06772758333,123529.06772758333,123529.06772758333,123529.06772758333,123529.06772758333
33,33,14200140.0,1.6471926306109506,0.6070935368555503,12547.649227084135,41887.55526586806,70935.53971974996,99694.50593389664,128167.33037124577,156356.85910762698,184265.91155901577,211897.27778009692,239253.7210727998,266337.97672700253,293152.75290993426,124016.46023598233,124016.46023598233,124016.46023598233,124016.46023598233,124016.46023598233,124016.46023598233,124016.46023598233,124016.46023598233,124016.46023598233,124016.46023598233
34,34,14201284.0,1.658265319700282,0.6030398079969145,2534.330020623087,31874.236059407012,60922.22051328891,89681.18672743559,118154.01116478472,146343.53990116593,174252.59235255473,201883.95857363587,229240.40186633874,256324.65752054148,283139.4337034732,140566.40792771988,140566.40792771988,140566.40792771988,140566.40792771988,140566.40792771988,140566.40792771988,140566.40792771988,140566.40792771988,140566.40792771988,140566.40792771988
35,35,14203656.0,1.7092771348061924,0.5850426356480722,16543.256923083198,45302.223137229885,73775.04757457902,101964.57631096021,129873.62876234904,157504.99498343017,184861.43827613303,211945.69393033578,238760.47011326748,265308.44857401575,265308.44857401575,119256.1391493608,167512.183033842,215288.09417618162,215288.09417618162,215288.09417618162,215288.09417618162,215288.09417618162,215288.09417618162,215288.09417618162,215288.09417618162
36,36,14204558.0,1.697694056531104,0.5890342822094216,26443.256922550347,55202.22313669703,83675.04757404617,111864.57631042736,139773.6287618162,167404.99498289733,194761.4382756002,221845.69392980292,248660.47011273465,275208.4485734829,275208.4485734829,102390.2919127705,150646.3357972517,198422.2469395913,198422.2469395913,198422.2469395913,198422.2469395913,198422.2469395913,198422.2469395913,198422.2469395913,198422.2469395913
37,37,14205636.0,1.6873701588714731,0.592638191888381,6324.983384187828,35372.967838069715,64131.934052216406,92604.75848956555,120794.28722594674,148703.33967733555,176334.7058984167,203691.14919111956,230775.40484532228,257590.181028254,284138.1594890023,135531.39880899212,183307.30995133173,183307.30995133173,183307.30995133173,183307.30995133173,183307.30995133173,183307.30995133173,183307.30995133173,183307.30995133173,183307.30995133173
38,38,14207763.0,1.687707649776949,0.5925196820267788,6004.738919260757,35052.723373142646,63811.68958728934,92284.51402463847,120474.04276101966,148383.0952124085,176014.46143348963,203370.9047261925,230455.16038039522,257269.93656332695,283817.9150240752,136071.86757477885,183847.77871711846,183847.77871711846,183847.77871711846,183847.77871711846,183847.77871711846,183847.77871711846,183847.77871711846,183847.77871711846,183847.77871711846
39,39,14209477.0,1.64768683781756,0.6069114452140358,12083.448314570478,41423.35435335441,70471.3388072363,99230.30502138298,127703.12945873212,155892.6581951133,183801.71064650212,211433.07686758327,238789.52016028613,265873.7758144889,292688.5519974206,124781.21407683098,124781.21407683098,124781.21407683098,124781.21407683098,124781.21407683098,124781.21407683098,124781.21407683098,124781.21407683098,124781.21407683098,124781.21407683098
40,40,14210183.0,1.6137705989820406,0.6196667609577196,13349.37726520581,42984.140142907294,72324.04618169121,101372.03063557312,130130.9968497198,158603.82128706895,186793.35002345013,214702.40247483895,242333.7686959201,269690.21198862296,296774.4676428257,74391.36399220876,74391.36399220876,74391.36399220876,74391.36399220876,74391.36399220876,74391.36399220876,74391.36399220876,74391.36399220876,74391.36399220876,74391.36399220876
41,41,14211380.0,1.602033552790216,0.6242066517635217,24263.160315618392,53897.923193319875,83237.8292321038,112285.81368598569,141044.7799001324,169517.60433748152,197707.1330738627,225616.18552525152,253247.55174633267,280603.9950390355,307688.2506932383,56842.05933726642,56842.05933726642,56842.05933726642,56842.05933726642,56842.05933726642,56842.05933726642,56842.05933726642,56842.05933726642,56842.05933726642,56842.05933726642
42,42,14216320.0,1.5961172763144134,0.6265203784455583,29898.66616631507,59533.42904401656,88873.33508280048,117921.31953668238,146680.28575082906,175153.1101881782,203342.63892455937,231251.6913759482,258883.05759702934,286239.5008897322,313323.7565439349,47830.04626041747,47830.04626041747,47830.04626041747,47830.04626041747,47830.04626041747,47830.04626041747,47830.04626041747,47830.04626041747,47830.04626041747,47830.04626041747
43,43,14225311.0,1.602995013258966,0.6238322588209129,23442.127167634524,53076.890045336004,82416.79608411994,111464.78053800183,140223.74675214852,168696.57118949766,196886.09992587884,224795.15237726766,252426.5185983488,279782.9618910517,306867.2175452544,58157.83752339005,58157.83752339005,58157.83752339005,58157.83752339005,58157.83752339005,58157.83752339005,58157.83752339005,58157.83752339005,58157.83752339005,58157.83752339005
44,44,14227226.0,1.5975543565994097,0.6259567919357828,28555.856613867887,58190.61949156937,87530.52553035329,116578.50998423519,145337.47619838186,173810.300635731,201999.8293721122,229908.88182350103,257540.24804458217,284896.69133728504,311980.94699148776,49974.33323337419,49974.33323337419,49974.33323337419,49974.33323337419,49974.33323337419,49974.33323337419,49974.33323337419,49974.33323337419,49974.33323337419,49974.33323337419
45,45,14229792.0,1.6191045714787833,0.6176253329250166,8466.574902933178,38101.33778063466,67441.24381941858,96489.22827330048,125248.19448744717,153721.0189247963,181910.5476611775,209819.60011256632,237450.96633364746,264807.40962635033,291891.66528055305,82284.40728475254,82284.40728475254,82284.40728475254,82284.40728475254,82284.40728475254,82284.40728475254,82284.40728475254,82284.40728475254,82284.40728475254,82284.40728475254
46,46,14230689.0,1.6412736935614924,0.6092829026157384,17778.688253403805,47118.59429218773,76166.57874606962,104925.54496021631,133398.36939756543,161587.89813394664,189496.95058533546,217128.3168064166,244484.76009911945,271569.0157533222,298383.7919362539,115415.06139991345,115415.06139991345,115415.06139991345,115415.06139991345,115415.06139991345,115415.06139991345,115415.06139991345,115415.06139991345,115415.06139991345,115415.06139991345
47,47,14231597.0,1.664744857361667,0.6006926500345688,26164.2644912616,55212.248945143496,83971.21515929018,112444.03959663931,140633.56833302052,168542.62078440932,196173.98700549046,223530.43029819333,250614.68595239607,277429.4621353278,303977.4405960761,102278.27485742385,150054.18599976346,150054.18599976346,150054.18599976346,150054.18599976346,150054.18599976346,150054.18599976346,150054.18599976346,150054.18599976346,150054.18599976346
48,48,14232201.0,1.6526370724628834,0.605093530008815,7560.945711268387,36900.851750052316,65948.8362039342,94707.80241808089,123180.62685543002,151370.15559181123,179279.20804320005,206910.57426428117,234267.01755698404,261351.27321118678,288166.0493941185,132244.43732318777,132244.43732318777,132244.43732318777,132244.43732318777,132244.43732318777,132244.43732318777,132244.43732318777,132244.43732318777,132244.43732318777,132244.43732318777
49,49,14235568.0,1.687032735454055,0.5927567254531405,6678.291240845048,35726.27569472694,64485.24190887363,92958.06634622275,121147.59508260395,149056.64753399277,176688.01375507392,204044.45704777678,231128.7127019795,257943.48888491123,284491.4673456595,134935.26701464033,182711.17815697994,182711.17815697994,182711.17815697994,182711.17815697994,182711.17815697994,182711.17815697994,182711.17815697994,182711.17815697994,182711.17815697994
50,50,14236224.0,1.7104739878085855,0.5846332695659253,15585.57784573811,44344.54405988479,72817.36849723393,101006.89723361512,128915.94968500394,156547.31590608507,183903.75919878794,210988.0148529907,237802.7910359224,264350.7694966707,264350.7694966707,120893.75706213544,169149.80094661665,216925.71208895624,216925.71208895624,216925.71208895624,216925.71208895624,216925.71208895624,216925.71208895624,216925.71208895624,216925.71208895624
51,51,14237482.0,1.7311222852828774,0.5776599426288322,26902.20478509754,55375.029222446676,83564.55795882786,111473.61041021669,139104.97663129782,166461.4199240007,193545.67557820343,220360.45176113513,246908.4302218834,246908.4302218834,246908.4302218834,102168.90420599809,150909.9045323638,199165.948416845,246941.8595591846,246941.8595591846,246941.8595591846,246941.8595591846,246941.8595591846,246941.8595591846,246941.8595591846
52,52,14241255.0,1.7123564502381527,0.5839905586602141,13907.971652866823,42666.93786701351,71139.76230436264,99329.29104074383,127238.34349213266,154869.7097132138,182226.15300591665,209310.4086601194,236125.1848430511,262673.1633037994,262673.1633037994,123765.04325829602,172021.08714277722,219796.99828511683,219796.99828511683,219796.99828511683,219796.99828511683,219796.99828511683,219796.99828511683,219796.99828511683,219796.99828511683
53,53,14241930.0,1.761858183284763,0.5675825724722212,1655.1918878084211,30128.016325157554,58317.54506153875,86226.59751292758,113857.9637340087,141214.4070267116,168298.6626809143,195113.43886384604,221661.4173245943,221661.4173245943,221661.4173245943,146263.69623063906,195004.69655700476,243260.74044148598,291036.6515838256,291036.6515838256,291036.6515838256,291036.6515838256,291036.6515838256,291036.6515838256,291036.6515838256
54,54,14243393.0,1.7868750875744834,0.5596362090186209,9974.556043534763,38164.08477991595,66073.13723130478,93704.50345238592,121060.94674508878,148145.2023992915,174959.97858222324,201507.9570429715,201507.9570429715,201507.9570429715,201507.9570429715,132793.64955458493,182024.47929728622,230765.47962365195,279021.52350813313,326797.4346504728,326797.4346504728,326797.4346504728,326797.4346504728,326797.4346504728,326797.4346504728
55,55,14245787.0,1.7622105725400021,0.5674690729829338,1301.731605119923,29774.55604246906,57964.08477885025,85873.13723023907,113504.50345132021,140860.94674402307,167945.2023982258,194759.9785811575,221307.9570419058,221307.9570419058,221307.9570419058,146886.54708588833,195627.54741225406,243883.59129673528,291659.50243907486,291659.50243907486,291659.50243907486,291659.50243907486,291659.50243907486,291659.50243907486,291659.50243907486
56,56,14248704.0,1.722144261384716,0.5806714468832797,5762.293048158753,34521.25926230544,62994.08369965458,91183.61243603576,119092.66488742459,146724.03110850573,174080.4744012086,201164.73005541132,227979.50623834305,254527.48469909132,254527.48469909132,137753.9659623387,186010.0098468199,233785.9209891595,233785.9209891595,233785.9209891595,233785.9209891595,233785.9209891595,233785.9209891595,233785.9209891595,233785.9209891595
57,57,14249218.0,1.7340675486717412,0.5766788039866029,24441.386631355104,52914.21106870424,81103.73980508544,109012.79225647426,136644.1584775554,164000.60177025825,191084.857424461,217899.6336073927,244447.612068141,244447.612068141,244447.612068141,106432.87697510998,155173.8773014757,203429.9211859569,251205.8323282965,251205.8323282965,251205.8323282965,251205.8323282965,251205.8323282965,251205.8323282965,251205.8323282965
58,58,14249929.0,1.7904522348502019,0.5585181109752783,7214.705028119473,35404.23376450067,63313.286215889486,90944.65243697063,118301.0957296735,145385.35138387623,172200.12756680793,198748.1060275562,198748.1060275562,198748.1060275562,198748.1060275562,137730.29992438533,186961.12966708664,235702.12999345234,283958.1738779336,331734.08502027317,331734.08502027317,331734.08502027317,331734.08502027317,331734.08502027317,331734.08502027317
59,59,14250929.0,1.7863391322428501,0.5598041166709724,10435.626299946112,38625.155036327305,66534.20748771612,94165.57370879727,121522.01700150013,148606.27265570287,175421.04883863457,201969.02729938284,201969.02729938284,201969.02729938284,201969.02729938284,131969.84982222278,181200.6795649241,229941.67989128982,278197.72377577104,325973.6349181106,325973.6349181106,325973.6349181106,325973.6349181106,325973.6349181106,325973.6349181106
60,60,14251963.0,1.8238822035372464,0.5482810227878725,9257.985903011724,37167.038354400545,64798.40457548168,92154.84786818454,119239.10352238729,146053.879705319,172601.85816606728,172601.85816606728,172601.85816606728,172601.85816606728,172601.85816606728,135253.87508425105,184979.45945368012,234210.2891963814,282951.28952274716,331207.33340722835,378983.2445495679,378983.2445495679,378983.2445495679,378983.2445495679,378983.2445495679
61,61,14253286.0,1.898502283168894,0.5267309967786002,8886.887027208364,36243.33031991123,63327.585974113965,90142.36215704567,116690.34061779395,116690.34061779395,116690.34061779395,116690.34061779395,116690.34061779395,116690.34061779395,116690.34061779395,138342.55328259277,189072.61062435695,239297.91971616077,289023.50408558984,338254.33382829116,386995.33415465686,435251.37803913804,483027.2891814777,483027.2891814777,483027.2891814777
62,62,14254904.0,1.9353038515335699,0.5167147263245416,9931.856837337737,37016.11249154047,63830.88867447218,90378.86713522045,90378.86713522045,90378.86713522045,90378.86713522045,90378.86713522045,90378.86713522045,90378.86713522045,90378.86713522045,137538.4474708794,188778.32391974409,239508.38126150827,289733.6903533121,339459.27472274116,388690.1044654425,437431.1047918082,485687.14867628936,533463.059818629,533463.059818629
63,63,14255432.0,1.9221890818207379,0.5202401831628234,19122.662789843056,46206.91844404579,73021.6946269775,99569.67308772578,99569.67308772578,99569.67308772578,99569.67308772578,99569.67308772578,99569.67308772578,99569.67308772578,99569.67308772578,119810.80147052361,171050.6779193883,221780.7352611525,272006.04435295635,321731.6287223854,370962.4584650867,419703.4587914524,467959.50267593365,515735.4138182732,515735.4138182732
64,64,14258933.0,1.862028105960222,0.5370488215505823,8197.109295687467,35828.47551676861,63184.91880947147,90269.17446367421,117083.95064660592,143631.9291073542,143631.9291073542,143631.9291073542,143631.9291073542,143631.9291073542,143631.9291073542,138416.3766584038,188641.68575020766,238367.2701196367,287598.099862338,336339.10018870374,384595.1440731849,432371.05521552457,432371.05521552457,432371.05521552457,432371.05521552457
65,65,14260973.0,1.842211603380005,0.5428258068537003,23051.979320887927,50683.345541969065,78039.78883467193,105124.04448887466,131938.82067180637,158486.79913255465,158486.79913255465,158486.79913255465,158486.79913255465,158486.79913255465,158486.79913255465,110902.78887457165,161128.09796637547,210853.68233580454,260084.51207850582,308825.5124048716,357081.55628935277,404857.46743169235,404857.46743169235,404857.46743169235,404857.46743169235
66,66,14262421.0,1.7849107038048417,0.5602521167408148,11508.33403171981,39697.862768101004,67606.91521948982,95238.28144057097,122594.72473327383,149678.98038747656,176493.75657040827,203041.73503115654,203041.73503115654,203041.73503115654,203041.73503115654,130054.26348677692,179285.09322947823,228026.09355584395,276282.13744032517,324058.04858266475,324058.04858266475,324058.04858266475,324058.04858266475,324058.04858266475,324058.04858266475
67,67,14263368.0,1.8104359599897384,0.5523531470318719,19595.90761168007,47504.960063068895,75136.32628415003,102492.7695768529,129577.02523105562,156391.80141398736,182939.77987473563,182939.77987473563,182939.77987473563,182939.77987473563,182939.77987473563,116467.55320808642,166193.13757751547,215423.9673202168,264164.9676465825,312421.0115310637,360196.92267340334,360196.92267340334,360196.92267340334,360196.92267340334,360196.92267340334
68,68,14264278.0,1.8365098747365112,0.5445110934366594,27360.24736575895,54991.61358684009,82348.05687954296,109432.31253374569,136247.0887166774,162795.0671774257,162795.0671774257,162795.0671774257,162795.0671774257,162795.0671774257,162795.0671774257,102977.71461758798,153203.02370939183,202928.60807882086,252159.43782152218,300900.4381478879,349156.4820323691,396932.3931747087,396932.3931747087,396932.3931747087,396932.3931747087
69,69,14265260.0,1.8612834808834144,0.53726367330428,8646.16782514457,36277.53404622571,63633.97733892858,90718.2329931313,117533.00917606302,144080.9876368113,144080.9876368113,144080.9876368113,144080.9876368113,144080.9876368113,144080.9876368113,137580.34760383843,187805.65669564228,237531.2410650713,286762.07080777263,335503.0711341383,383759.1150186196,431535.02616095915,431535.02616095915,431535.02616095915,431535.02616095915
70,70,14266255.0,1.9736080467834158,0.5066862195002695,10336.238585046787,37151.0147679785,63698.99322872678,63698.99322872678,63698.99322872678,63698.99322872678,63698.99322872678,63698.99322872678,63698.99322872678,63698.99322872678,63698.99322872678,137927.31321001943,189682.13358479776,240922.0100336625,291652.06737542665,341877.3764672305,391602.96083665953,440833.79057936085,489574.79090572655,537830.8347902078,585606.7459325474
71,71,14267595.0,2.0288355007943046,0.4928935833430026,0.002911880380264261,26547.981372628656,26547.981372628656,26547.981372628656,26547.981372628656,26547.981372628656,26547.981372628656,26547.981372628656,26547.981372628656,26547.981372628656,26547.981372628656,159998.0530290689,212272.99123022004,264027.81160499837,315267.68805386306,365997.7453956273,416223.0544874311,465948.63885686017,515179.4685995615,563920.4689259272,612176.5128104084
72,72,14270853.0,1.9992312236294307,0.5001922679981893,19800.002910814674,46347.98137156295,46347.98137156295,46347.98137156295,46347.98137156295,46347.98137156295,46347.98137156295,46347.98137156295,46347.98137156295,46347.98137156295,46347.98137156295,120119.02180480372,172393.96000595484,224148.7803807332,275388.6568295979,326118.7141713621,376344.0232631659,426069.607632595,475300.43737529626,524041.437701662,572297.4815861433
73,73,14271580.0,1.9704529564058069,0.5074975257587697,12429.362668696394,39244.13885162811,65792.11731237639,65792.11731237639,65792.11731237639,65792.11731237639,65792.11731237639,65792.11731237639,65792.11731237639,65792.11731237639,65792.11731237639,133799.3198239587,185554.14019873706,236794.01664760176,287524.07398936595,337749.3830811698,387474.96745059884,436705.79719330015,485446.79751966585,533702.8414041471,581478.7525464867
74,74,14273100.0,1.9926449632054184,0.501845546228855,24214.608177841837,50762.58663859011,50762.58663859011,50762.58663859011,50762.58663859011,50762.58663859011,50762.58663859011,50762.58663859011,50762.58663859011,50762.58663859011,50762.58663859011,111307.56396738232,163582.50216853345,215337.3225433118,266577.1989921765,317307.25633394066,367532.5654257445,417258.14979517355,466488.97953787487,515229.9798642406,563486.0237487218
75,75,14274075.0,1.9882661816475298,0.5029507664669796,301.1846927539599,27115.960875685676,53663.93933643395,53663.93933643395,53663.93933643395,53663.93933643395,53663.93933643395,53663.93933643395,53663.93933643395,53663.93933643395,53663.93933643395,157807.18273505702,209562.00310983538,260801.87955870008,311531.93690046424,361757.2459922681,411482.8303616971,460713.66010439844,509454.6604307642,557710.7043152454,605486.615457585
76,76,14275002.0,1.9738054075880942,0.506635555944675,10201.184692221108,37015.96087515282,63563.9393359011,63563.9393359011,63563.9393359011,63563.9393359011,63563.9393359011,63563.9393359011,63563.9393359011,63563.9393359011,63563.9393359011,138193.88162222505,189948.7019970034,241188.5784458681,291918.63578763226,342143.9448794361,391869.52924886515,441100.35899156646,489841.3593179322,538097.4032024133,585873.314344753
77,77,14275536.0,1.8960359569743792,0.5274161580752726,10619.256054362819,37975.69934706568,65059.95500126842,91874.73118420014,118422.70964494841,118422.70964494841,118422.70964494841,118422.70964494841,118422.70964494841,118422.70964494841,118422.70964494841,135055.56081587393,185785.61815763812,236010.92724944194,285736.511618871,334967.3413615723,383708.341687938,431964.3855724192,479740.29671475885,479740.29671475885,479740.29671475885
78,78,14278105.0,1.8781097957547686,0.5324502338789641,23750.765342656036,51107.208635358904,78191.46428956163,105006.24047249334,131554.21893324162,131554.21893324162,131554.21893324162,131554.21893324162,131554.21893324162,131554.21893324162,131554.21893324162,110273.41166119016,161003.46900295434,211228.7780947582,260954.36246418723,310185.1922068885,358926.1925332543,407182.23641773546,454958.1475600751,454958.1475600751,454958.1475600751
79,79,14279585.0,1.8238822035372464,0.5482810227878725,9166.919127645251,37075.97157903407,64707.33780011521,92063.78109281808,119148.03674702081,145962.81292995252,172510.7913907008,172510.7913907008,172510.7913907008,172510.7913907008,172510.7913907008,135419.9771134431,185145.56148287217,234376.39122557346,283117.3915519392,331373.4354364204,379149.34657876,379149.34657876,379149.34657876,379149.34657876,379149.34657876
80,80,14280882.0,1.828447384889937,0.5469121005416269,5671.962763057284,33581.0152144461,61212.38143552724,88568.82472823012,115653.08038243285,142467.85656536455,169015.83502611282,169015.83502611282,169015.83502611282,169015.83502611282,169015.83502611282,141802.76597426232,191528.3503436914,240759.18008639268,289500.1804127584,337756.2242972396,385532.1354395792,385532.1354395792,385532.1354395792,385532.1354395792,385532.1354395792
81,81,14283348.0,1.8409225709221808,0.5432058989309181,24019.205747357883,51650.57196843902,79007.01526114189,106091.27091534462,132906.04709827635,159454.02555902462,159454.02555902462,159454.02555902462,159454.02555902462,159454.02555902462,159454.02555902462,109121.45029879786,159346.75939060168,209072.34376003075,258303.17350273204,307044.17382909777,355300.21771357895,403076.1288559186,403076.1288559186,403076.1288559186,403076.1288559186
82,82,14284949.0,1.8151489821124227,0.5509189658009374,15910.153294903357,43819.20574629218,71450.57196737331,98807.01526007618,125891.27091427891,152706.04709721063,179254.0255579589,179254.0255579589,179254.0255579589,179254.0255579589,179254.0255579589,123149.60079901005,172875.18516843911,222106.0149111404,270847.01523750613,319103.0591219873,366878.97026432696,366878.97026432696,366878.97026432696,366878.97026432696,366878.97026432696
83,83,14285515.0,1.833023992902059,0.545546596156001,2226.629671954859,30135.68212334368,57767.04834442482,85123.49163712768,112207.74729133042,139022.52347426213,165570.5019350104,165570.5019350104,165570.5019350104,165570.5019350104,165570.5019350104,148110.4845105169,197836.06887994593,247066.89862264725,295807.898949013,344063.94283349416,391839.8539758338,391839.8539758338,391839.8539758338,391839.8539758338,391839.8539758338
84,84,14286378.0,1.8858254664573717,0.5302717657528274,18133.49158996434,45489.9348826672,72574.19053686994,99388.96671980165,125936.94518054993,125936.94518054993,125936.94518054993,125936.94518054993,125936.94518054993,125936.94518054993,125936.94518054993,120845.70422070575,171575.76156246994,221801.07065427376,271526.6550237028,320757.48476640414,369498.48509276984,417754.52897725103,465530.44011959067,465530.44011959067,465530.44011959067
85,85,14287344.0,1.8767956446107612,0.5328230608758661,24750.943553608162,52107.38684631103,79191.64250051376,106006.41868344547,132554.39714419376,132554.39714419376,132554.39714419376,132554.39714419376,132554.39714419376,132554.39714419376,132554.39714419376,108395.46263157525,159125.51997333943,209350.82906514328,259076.4134345723,308307.2431772736,357048.24350363936,405304.28738812055,453080.1985304602,453080.1985304602,453080.1985304602
86,86,14287946.0,1.8534828730304058,0.53952481274619,14551.931501588753,42183.29772266989,69539.74101537275,96623.99666957548,123438.7728525072,149986.7513132555,149986.7513132555,149986.7513132555,149986.7513132555,149986.7513132555,149986.7513132555,126610.39503382817,176835.704125632,226561.28849506108,275792.11823776236,324533.1185641281,372789.1624486093,420565.0735909489,420565.0735909489,420565.0735909489,420565.0735909489
87,87,14289155.0,1.834857841975759,0.5450013494904916,833.1900254361611,28742.242476824984,56373.60869790612,83730.05199060899,110814.30764481172,137629.08382774342,164177.06228849172,164177.06228849172,164177.06228849172,164177.06228849172,164177.06228849172,150665.9943702753,200391.57873970436,249622.40848240565,298363.4088087714,346619.4526932526,394395.3638355922,394395.3638355922,394395.3638355922,394395.3638355922,394395.3638355922
88,88,14289676.0,1.862028105960222,0.5370488215505823,8159.37295440761,35790.73917548875,63147.18246819162,90231.43812239435,117046.21430532607,143594.19276607435,143594.19276607435,143594.19276607435,143594.19276607435,143594.19276607435,143594.19276607435,138486.64409473937,188711.9531865432,238437.53755597226,287668.36729867355,336409.3676250393,384665.4115095205,432441.3226518601,432441.3226518601,432441.3226518601,432441.3226518601
89,89,14290222.0,1.8704256929652356,0.5346376516111011,1846.621113809635,29477.987334890775,56834.43062759364,83918.68628179637,110733.46246472809,137281.44092547637,137281.44092547637,137281.44092547637,137281.44092547637,137281.44092547637,137281.44092547637,150268.24626884406,200493.5553606479,250219.13973007695,299449.96947277826,348190.96979914396,396447.0136836252,444222.9248259648,444222.9248259648,444222.9248259648,444222.9248259648
90,90,14291673.0,1.8986921333972109,0.5266783289457058,8710.08538924738,36066.52868195024,63150.78433615298,89965.5605190847,116513.53897983297,116513.53897983297,116513.53897983297,116513.53897983297,116513.53897983297,116513.53897983297,116513.53897983297,138678.24844999268,189408.30579175687,239633.61488356072,289359.1992529898,338590.02899569104,387331.0293220568,435587.073206538,483362.9843488776,483362.9843488776,483362.9843488776
91,91,14293425.0,1.8958463723371457,0.5274688996910801,10773.074205394132,38129.517498097,65213.773152299735,92028.54933523145,118576.52779597972,118576.52779597972,118576.52779597972,118576.52779597972,118576.52779597972,118576.52779597972,118576.52779597972,134763.90609294715,185493.96343471133,235719.27252651515,285444.8568959442,334675.68663864554,383416.68696501123,431672.7308494924,479448.64199183206,479448.64199183206,479448.64199183206
92,92,14295186.0,1.864263769035662,0.53640478166739,6487.876907056422,34119.24312813756,61475.68642084043,88559.94207504316,115374.71825797488,141922.69671872316,141922.69671872316,141922.69671872316,141922.69671872316,141922.69671872316,141922.69671872316,141600.98580736303,191826.29489916685,241551.87926859592,290782.7090112972,339523.70933766296,387779.75322214415,435555.66436448373,435555.66436448373,435555.66436448373,435555.66436448373
93,93,14295688.0,1.8202382664756354,0.5493786271926975,11983.752273306312,39892.80472469513,67524.17094577628,94880.61423847915,121964.86989268188,148779.6460756136,175327.62453636187,175327.62453636187,175327.62453636187,175327.62453636187,175327.62453636187,130287.16141843244,180012.7457878615,229243.5755305628,277984.57585692854,326240.6197414097,374016.53088374936,374016.53088374936,374016.53088374936,374016.53088374936,374016.53088374936
94,94,14297389.0,1.7701579910331449,0.5649213262689363,23394.22353479371,51583.752271174904,79492.80472256373,107124.17094364486,134480.61423634773,161564.86989055047,188379.64607348217,214927.62453423045,214927.62453423045,214927.62453423045,214927.62453423045,108925.33810514153,158156.16784784282,206897.16817420855,255153.21205868977,302929.1232010294,302929.1232010294,302929.1232010294,302929.1232010294,302929.1232010294,302929.1232010294
95,95,14297933.0,1.722144261384716,0.5806714468832797,5762.432881166479,34521.399095313165,62994.2235326623,91183.7522690435,119092.80472043231,146724.17094151344,174080.6142342163,201164.86988841905,227979.64607135075,254527.62453209906,254527.62453209906,137753.7251457325,186009.7690302137,233785.68017255332,233785.68017255332,233785.68017255332,233785.68017255332,233785.68017255332,233785.68017255332,233785.68017255332,233785.68017255332
96,96,14298634.0,1.7274909243122836,0.5788742423628659,1236.0307219863219,29994.996936133008,58467.82137348214,86657.35010986334,114566.40256125215,142197.7687823333,169554.21207503616,196638.46772923888,223453.2439121706,250001.22237291888,250001.22237291888,145561.17362021655,193817.21750469776,241593.12864703735,241593.12864703735,241593.12864703735,241593.12864703735,241593.12864703735,241593.12864703735,241593.12864703735,241593.12864703735
97,97,14299376.0,1.751844657965373,0.570826868383079,9880.613338058196,38353.43777540733,66542.96651178853,94452.01896317734,122083.38518425848,149439.82847696135,176524.08413116407,203338.8603140958,229886.83877484407,229886.83877484407,229886.83877484407,131812.5533420288,180553.55366839454,228809.59755287576,276585.50869521534,276585.50869521534,276585.50869521534,276585.50869521534,276585.50869521534,276585.50869521534,276585.50869521534
98,98,14301494.0,1.7458987971073967,0.5727708854927896,14671.539682800332,43144.36412014947,71333.89285653066,99242.94530791948,126874.31152900062,154230.75482170348,181315.01047590622,208129.78665883793,234677.7651195862,234677.7651195862,234677.7651195862,123433.52303780222,172174.52336416795,220430.56724864917,268206.4783909888,268206.4783909888,268206.4783909888,268206.4783909888,268206.4783909888,268206.4783909888,268206.4783909888
99,99,14304161.0,1.739451229286817,0.5748939568774254,20011.45807225134,48484.282509600474,76673.81124598166,104582.86369737049,132214.22991845163,159570.6732111545,186654.92886535721,213469.70504828895,240017.68350903722,240017.68350903722,240017.68350903722,114127.1726893067,162868.17301567242,211124.2169001536,258900.12804249322,258900.12804249322,258900.12804249322,258900.12804249322,258900.12804249322,258900.12804249322,258900.12804249322
100,100,14305229.0,1.756405152128637,0.5693447202589174,6148.7226563819595,34621.5470937311,62811.075830112284,90720.1282815011,118351.49450258225,145707.9377952851,172792.19344948785,199606.96963241955,226154.94809316783,226154.94809316783,226154.94809316783,138358.79346143093,187099.79378779666,235355.83767227788,283131.74881461746,283131.74881461746,283131.74881461746,283131.74881461746,283131.74881461746,283131.74881461746,283131.74881461746
101,101,14306105.0,1.7687425016848348,0.5653734215395623,24550.515100557554,52740.04383693875,80649.09628832756,108280.46250940871,135636.90580211158,162721.1614563143,189535.93763924603,216083.9160999943,216083.9160999943,216083.9160999943,216083.9160999943,106879.23968294465,156110.06942564595,204851.06975201168,253107.1136364929,300883.0247788325,300883.0247788325,300883.0247788325,300883.0247788325,300883.0247788325,300883.0247788325
102,102,14307537.0,1.7868750875744834,0.5596362090186209,10004.760520999262,38194.28925738046,66103.34170876928,93734.70792985041,121091.15122255328,148175.40687675602,174990.18305968773,201538.161520436,201538.161520436,201538.161520436,201538.161520436,132739.6746758512,181970.50441855247,230711.5047449182,278967.5486293994,326743.459771739,326743.459771739,326743.459771739,326743.459771739,326743.459771739,326743.459771739
103,103,14308236.0,1.7737016723342318,0.5637926690817048,20539.98998943222,48729.51872581341,76638.57117720223,104269.93739828338,131626.38069098623,158710.63634518898,185525.41252812068,212073.39098886895,212073.39098886895,212073.39098886895,212073.39098886895,113983.10228891537,163213.93203161666,211954.93235798238,260210.9762424636,307986.8873848032,307986.8873848032,307986.8873848032,307986.8873848032,307986.8873848032,307986.8873848032
104,104,14309454.0,1.70517999307294,0.58644835387605,20076.598532671247,48835.56474681793,77308.38918416707,105497.91792054827,133406.9703719371,161038.33659301823,188394.77988572107,215479.03553992382,242293.81172285555,268841.7901836038,268841.7901836038,113223.4970360176,161479.5409204988,209255.4520628384,209255.4520628384,209255.4520628384,209255.4520628384,209255.4520628384,209255.4520628384,209255.4520628384,209255.4520628384
105,105,14310717.0,1.7410173617417533,0.5743768109236873,18671.933605229056,47144.75804257819,75334.28677895939,103243.33923034821,130874.70545142934,158231.14874413222,185315.40439833494,212130.18058126667,238678.15904201494,238678.15904201494,238678.15904201494,116458.43873442883,165199.43906079454,213455.48294527575,261231.39408761536,261231.39408761536,261231.39408761536,261231.39408761536,261231.39408761536,261231.39408761536,261231.39408761536
106,106,14311616.0,1.7981673693618216,0.5561217587631483,1121.8591461205574,29311.387882501753,57220.440333890576,84851.80655497171,112208.24984767458,139292.5055018773,166107.28168480902,192655.2601455573,192655.2601455573,192655.2601455573,192655.2601455573,148662.84499965623,197893.6747423575,246634.67506872324,294890.71895320446,342666.63009554404,342666.63009554404,342666.63009554404,342666.63009554404,342666.63009554404,342666.63009554404
107,107,14314880.0,1.8650095864065597,0.5361902733844751,5854.494633282368,33485.860854363505,60842.304147066374,87926.5598012691,114741.33598420082,141289.3144449491,141289.3144449491,141289.3144449491,141289.3144449491,141289.3144449491,141289.3144449491,142782.0849413164,193007.39403312025,242732.97840254928,291963.8081452506,340704.8084716163,388960.85235609754,436736.7634984371,436736.7634984371,436736.7634984371,436736.7634984371
108,108,14316630.0,1.8694907606171556,0.5349050239060184,2552.632030966962,30183.9982520481,57540.44154475097,84624.6971989537,111439.47338188541,137987.4518426337,137987.4518426337,137987.4518426337,137987.4518426337,137987.4518426337,137987.4518426337,148947.94765529098,199173.2567470948,248898.84111652386,298129.67085922515,346870.6711855909,395126.7150700721,442902.6262124117,442902.6262124117,442902.6262124117,442902.6262124117
109,109,14317335.0,1.8967944851269107,0.5272052443431119,10053.647764390202,37410.091057093065,64494.3467112958,91309.12289422752,117857.10135497579,117857.10135497579,117857.10135497579,117857.10135497579,117857.10135497579,117857.10135497579,117857.10135497579,136128.2907544038,186858.348096168,237083.6571879718,286809.24155740085,336040.07130010216,384781.0716264679,433037.1155109491,480813.0266532887,480813.0266532887,480813.0266532887
110,110,14319381.0,1.9391781385211388,0.5156823811775346,7215.290779769623,34299.546433972355,61114.32261690407,87662.30107765234,87662.30107765234,87662.30107765234,87662.30107765234,87662.30107765234,87662.30107765234,87662.30107765234,87662.30107765234,142801.1440512265,194041.0205000912,244771.07784185538,294996.3869336592,344721.97130308824,393952.80104578956,442693.80137215526,490949.8452566365,538725.7563989761,538725.7563989761
111,111,14322323.0,1.9463660276402988,0.5137779769062053,2147.9383039198965,29232.19395812263,56046.97014105434,82594.94860180262,82594.94860180262,82594.94860180262,82594.94860180262,82594.94860180262,82594.94860180262,82594.94860180262,82594.94860180262,152645.97566083717,203885.85210970187,254615.90945146605,304841.2185432699,354566.80291269894,403797.63265540026,452538.63298176596,500794.6768662472,548570.5880085868,548570.5880085868
112,112,14323179.0,2.020332685235845,0.49496798587073504,5630.835140902378,32178.813601650654,32178.813601650654,32178.813601650654,32178.813601650654,32178.813601650654,32178.813601650654,32178.813601650654,32178.813601650654,32178.813601650654,32178.813601650654,148596.93841370835,200871.87661485947,252626.69698963783,303866.5734385025,354596.6307802667,404821.93987207056,454547.5242414996,503778.3539842009,552519.3543105667,600775.3981950479
113,113,14323870.0,2.0280241694369674,0.49309077035192644,552.3710832085643,27100.34954395684,27100.34954395684,27100.34954395684,27100.34954395684,27100.34954395684,27100.34954395684,27100.34954395684,27100.34954395684,27100.34954395684,27100.34954395684,158877.50878145374,211152.44698260486,262907.2673573832,314147.1438062479,364877.2011480121,415102.5102398159,464828.09460924496,514058.9243519463,562799.924678312,611055.9685627932
114,114,14326313.0,2.0286326375305515,0.4929428727013369,162.5327088754612,26710.511169623736,26710.511169623736,26710.511169623736,26710.511169623736,26710.511169623736,26710.511169623736,26710.511169623736,26710.511169623736,26710.511169623736,26710.511169623736,159668.2939197717,211943.23212092282,263698.0524957012,314937.9289445659,365667.9862863301,415893.2953781339,465618.879747563,514849.70949026424,563590.70981663,611846.7537011112
115,115,14330395.0,1.9864776364758636,0.5034036032613299,1573.1924134245544,28387.96859635627,54935.947057104546,54935.947057104546,54935.947057104546,54935.947057104546,54935.947057104546,54935.947057104546,54935.947057104546,54935.947057104546,54935.947057104546,155279.09242760908,207033.91280238744,258273.78925125214,309003.8465930163,359229.15568482014,408954.7400542492,458185.5697969505,506926.57012331625,555182.6140077974,602958.525150137
116,116,14331071.0,2.0162962594544886,0.495958862846153,8292.585211756747,34840.56367250502,34840.56367250502,34840.56367250502,34840.56367250502,34840.56367250502,34840.56367250502,34840.56367250502,34840.56367250502,34840.56367250502,34840.56367250502,143224.21668696843,195499.15488811958,247253.9752628979,298493.8517117626,349223.9090535268,399449.2181453306,449174.8025147597,498405.632257461,547146.6325838267,595402.676468308
117,117,14332680.0,2.0239723768274875,0.4940778893274563,3281.2523247200425,29829.230785468317,29829.230785468317,29829.230785468317,29829.230785468317,29829.230785468317,29829.230785468317,29829.230785468317,29829.230785468317,29829.230785468317,29829.230785468317,153348.44938176364,205623.38758291476,257378.2079576931,308618.08440655784,359348.141748322,409573.45084012585,459299.0352095549,508529.8649522562,557270.8652786219,605526.9091631031
118,118,14337451.0,2.0288355007943046,0.4928935833430026,0.02080530659046344,26547.999266054867,26547.999266054867,26547.999266054867,26547.999266054867,26547.999266054867,26547.999266054867,26547.999266054867,26547.999266054867,26547.999266054867,26547.999266054867,159998.0167226206,212272.95492377176,264027.7752985501,315267.6517474148,365997.709089179,416223.0181809828,465948.6025504119,515179.4322931132,563920.4326194789,612176.4765039601
119,119,14349949.0,2.0138782759205696,0.49655434092355316,9900.020804773738,36447.99926552201,36447.99926552201,36447.99926552201,36447.99926552201,36447.99926552201,36447.99926552201,36447.99926552201,36447.99926552201,36447.99926552201,36447.99926552201,139984.79268966205,192259.73089081317,244014.55126559152,295254.4277144562,345984.48505622044,396209.79414802423,445935.3785174533,495166.2082601546,543907.2085865203,592163.2524710016
120,120,14351055.0,1.9700589249202338,0.5075990303388968,12785.244620243466,39600.02080317518,66147.99926392346,66147.99926392346,66147.99926392346,66147.99926392346,66147.99926392346,66147.99926392346,66147.99926392346,66147.99926392346,66147.99926392346,133098.09542288264,184852.915797661,236092.7922465257,286822.84958828986,337048.1586800937,386773.74304952275,436004.57279222406,484745.5731185898,533001.617003071,580777.5281454106
121,121,14352990.0,1.828447384889937,0.5469121005416269,5730.766498658611,33639.81895004743,61271.18517112857,88627.62846383144,115711.88411803417,142526.6603009659,169074.63876171416,169074.63876171416,169074.63876171416,169074.63876171416,169074.63876171416,141695.24226482978,191420.82663425885,240651.65637696013,289392.65670332586,337648.70058780705,385424.6117301467,385424.6117301467,385424.6117301467,385424.6117301467,385424.6117301467
122,122,14353860.0,1.9139418254330982,0.5224819201459867,25038.771194105808,52123.02684830854,78937.80303124026,105485.78149198853,105485.78149198853,105485.78149198853,105485.78149198853,105485.78149198853,105485.78149198853,105485.78149198853,105485.78149198853,108462.29314794605,159702.16959681077,210432.22693857495,260657.53603037877,310383.1203998078,359613.95014250913,408354.9504688749,456610.9943533561,504386.90549569565,504386.90549569565
123,123,14354794.0,1.9196919843321891,0.5209169013371038,20916.80442709076,48001.06008129349,74815.8362642252,101363.81472497349,101363.81472497349,101363.81472497349,101363.81472497349,101363.81472497349,101363.81472497349,101363.81472497349,101363.81472497349,116364.03780320943,167603.91425207414,218333.97159383833,268559.28068564215,318284.8650550712,367515.6947977725,416256.69512413826,464512.73900861945,512288.65015095903,512288.65015095903
124,124,14356083.0,1.9196919843321891,0.5209169013371038,20937.743563089633,48021.99921729237,74836.77540022408,101384.75386097236,101384.75386097236,101384.75386097236,101384.75386097236,101384.75386097236,101384.75386097236,101384.75386097236,101384.75386097236,116323.83780148062,167563.7142503453,218293.7715921095,268519.0806839133,318244.6650533424,367475.49479604367,416216.4951224094,464472.5390068906,512248.45014923025,512248.45014923025
125,125,14356809.0,1.9339496805600502,0.5170765351611482,10873.850840937534,37958.106495140266,64772.88267807198,91320.86113882026,91320.86113882026,91320.86113882026,91320.86113882026,91320.86113882026,91320.86113882026,91320.86113882026,91320.86113882026,135716.00244289628,186955.87889176098,237685.93623352516,287911.245325329,337636.82969475805,386867.65943745937,435608.65976382507,483864.7036483063,531640.6147906459,531640.6147906459
126,126,14357316.0,2.0223539273132713,0.49447329000839907,4377.085357239528,30925.063817987804,30925.063817987804,30925.063817987804,30925.063817987804,30925.063817987804,30925.063817987804,30925.063817987804,30925.063817987804,30925.063817987804,30925.063817987804,151131.330139281,203406.2683404321,255161.08871521047,306400.96516407514,357131.02250583936,407356.3315976432,457081.91596707224,506312.74570977356,555053.7460361393,603309.7899206205
127,127,14359348.0,2.0144824998217077,0.4964054044095718,9571.95631795992,36119.9347787082,36119.9347787082,36119.9347787082,36119.9347787082,36119.9347787082,36119.9347787082,36119.9347787082,36119.9347787082,36119.9347787082,36119.9347787082,140645.61681902694,192920.55502017806,244675.3753949564,295915.2518438211,346645.3091855853,396870.61827738915,446596.2026468182,495827.0323895195,544568.0327158852,592824.0766003664
128,128,14360674.0,1.999631089866469,0.5000922445483571,19471.95631742707,46019.934778175346,46019.934778175346,46019.934778175346,46019.934778175346,46019.934778175346,46019.934778175346,46019.934778175346,46019.934778175346,46019.934778175346,46019.934778175346,120774.95119894863,173049.88940009978,224804.7097748781,276044.5862237428,326774.643565507,376999.9526573108,426725.5370267399,475956.36676944117,524697.3670958069,572953.4109802882
129,129,14362348.0,1.9755825431906946,0.5061798118467552,8948.286900000277,35763.06308293199,62311.041543680265,62311.041543680265,62311.041543680265,62311.041543680265,62311.041543680265,62311.041543680265,62311.041543680265,62311.041543680265,62311.041543680265,140668.11173012754,192422.93210490586,243662.80855377056,294392.86589553475,344618.1749873386,394343.75935676764,443574.58909946895,492315.58942583465,540571.6333103159,588347.5444526555
130,130,14364394.0,2.0058392535242593,0.4985444363216046,15338.677356305925,41886.6558170542,41886.6558170542,41886.6558170542,41886.6558170542,41886.6558170542,41886.6558170542,41886.6558170542,41886.6558170542,41886.6558170542,41886.6558170542,129053.1847960579,181328.12299720902,233082.94337198738,284322.8198208521,335052.8771626163,385278.1862544201,435003.7706238492,484234.60036655044,532975.6006929162,581231.6445773974
131,131,14365321.0,2.000831168505048,0.4997922941930006,18630.497245128747,45178.47570587702,45178.47570587702,45178.47570587702,45178.47570587702,45178.47570587702,45178.47570587702,45178.47570587702,45178.47570587702,45178.47570587702,45178.47570587702,122458.18154493104,174733.11974608217,226487.94012086053,277727.8165697252,328457.8739114894,378683.18300329323,428408.7673727223,477639.5971154236,526380.5974417893,574636.6413262705
132,132,14366603.0,2.0158930606834216,0.4960580595783108,8564.078297373066,35112.05675812134,35112.05675812134,35112.05675812134,35112.05675812134,35112.05675812134,35112.05675812134,35112.05675812134,35112.05675812134,35112.05675812134,35112.05675812134,142676.81052328026,194951.7487244314,246706.56909920977,297946.44554807444,348676.50288983865,398901.8119816425,448627.39635107154,497858.22609377286,546599.2264201386,594855.2703046198
133,133,14370455.0,2.017506339694929,0.49566139165203904,7595.5813438842915,34143.55980463257,34143.55980463257,34143.55980463257,34143.55980463257,34143.55980463257,34143.55980463257,34143.55980463257,34143.55980463257,34143.55980463257,34143.55980463257,144630.0805233854,196905.01872453655,248659.83909931488,299899.7155481796,350629.7728899438,400855.0819817476,450580.6663511767,499811.49609387794,548552.4964202436,596808.540304725
134,134,14373038.0,2.017506339694929,0.49566139165203904,7553.420547631769,34101.399008380045,34101.399008380045,34101.399008380045,34101.399008380045,34101.399008380045,34101.399008380045,34101.399008380045,34101.399008380045,34101.399008380045,34101.399008380045,144715.14276629195,196990.08096744306,248744.90134222142,299984.7777910861,350714.83513285033,400940.1442246541,450665.7285940832,499896.5583367845,548637.5586631502,596893.6025476315
135,135,14376805.0,2.017506339694929,0.49566139165203904,7542.96767719912,34090.946137947394,34090.946137947394,34090.946137947394,34090.946137947394,34090.946137947394,34090.946137947394,34090.946137947394,34090.946137947394,34090.946137947394,34090.946137947394,144736.2325503117,197011.1707514628,248765.99112624116,300005.86757510586,350735.92491687,400961.23400867387,450686.8183781029,499917.6481208042,548658.6484471699,596914.6923316512
136,136,14377652.0,2.012670371756703,0.4968523480211903,10806.723923023454,37354.70238377173,37354.70238377173,37354.70238377173,37354.70238377173,37354.70238377173,37354.70238377173,37354.70238377173,37354.70238377173,37354.70238377173,37354.70238377173,138159.2517838954,190434.18998504654,242189.01035982487,293428.88680868957,344158.9441504538,394384.2532422576,444109.8376116867,493340.667354388,542081.6676807536,590337.7115652349
137,137,14378306.0,2.016699538869342,0.49585968595036606,8145.54384244105,34693.522303189326,34693.522303189326,34693.522303189326,34693.522303189326,34693.522303189326,34693.522303189326,34693.522303189326,34693.522303189326,34693.522303189326,34693.522303189326,143520.73966852712,195795.67786967824,247550.4982444566,298790.3746933213,349520.43203508545,399745.7411268893,449471.32549631834,498702.15523901966,547443.1555653854,595699.1994498665
138,138,14380499.0,2.02417477406517,0.4940284864788084,3123.5434843163353,29671.52194506461,29671.52194506461,29671.52194506461,29671.52194506461,29671.52194506461,29671.52194506461,29671.52194506461,29671.52194506461,29671.52194506461,29671.52194506461,153667.67993370778,205942.61813485893,257697.43850963726,308937.31495850196,359667.3723002662,409892.68139207,459618.26576149906,508849.0955042004,557590.095830566,605846.1397150473
139,139,14381135.0,2.0288355007943046,0.4928935833430026,-0.00029900007151460777,26547.978161748204,26547.978161748204,26547.978161748204,26547.978161748204,26547.978161748204,26547.978161748204,26547.978161748204,26547.978161748204,26547.978161748204,26547.978161748204,159998.0595440686,212272.9977452197,264027.81811999803,315267.69456886273,365997.75191062695,416223.0610024308,465948.64537185983,515179.47511456115,563920.4754409268,612176.519325408
140,140,14394824.0,2.0138782759205696,0.49655434092355316,9899.999700467077,36447.97816121535,36447.97816121535,36447.97816121535,36447.97816121535,36447.97816121535,36447.97816121535,36447.97816121535,36447.97816121535,36447.97816121535,36447.97816121535,139984.83519510645,192259.77339625757,244014.59377103593,295254.4702199006,345984.5275616648,396209.83665346866,445935.4210228977,495166.250765599,543907.2510919648,592163.294976446
141,141,14396755.0,2.011463192081743,0.4971505339677931,11609.002790452656,38156.98125120093,38156.98125120093,38156.98125120093,38156.98125120093,38156.98125120093,38156.98125120093,38156.98125120093,38156.98125120093,38156.98125120093,38156.98125120093,136544.98702377346,188819.92522492458,240574.74559970293,291814.62204856763,342544.6793903318,392769.98848213564,442495.5728515647,491726.402594266,540467.4029206317,588723.446805113
142,142,14399572.0,1.9966340414298398,0.5008429082396466,21509.002789919803,48056.981250668076,48056.981250668076,48056.981250668076,48056.981250668076,48056.981250668076,48056.981250668076,48056.981250668076,48056.981250668076,48056.981250668076,48056.981250668076,116704.4632891728,168979.40149032391,220734.22186510227,271974.098313967,322704.15565573116,372929.464747535,422655.04911696404,471885.87885966536,520626.87918603106,568882.9230705122
143,143,14400568.0,1.9761752772231034,0.5060279882689289,8536.674473243038,35351.450656174755,61899.42911692303,61899.42911692303,61899.42911692303,61899.42911692303,61899.42911692303,61899.42911692303,61899.42911692303,61899.42911692303,61899.42911692303,141481.46687989938,193236.2872546777,244476.1637035424,295206.2210453066,345431.53013711044,395157.1145065395,444387.9442492408,493128.9445756065,541384.9884600877,589160.8996024274
144,144,14403968.0,1.961802441005527,0.5097353225268939,18436.674472710187,45251.4506556419,71799.42911639018,71799.42911639018,71799.42911639018,71799.42911639018,71799.42911639018,71799.42911639018,71799.42911639018,71799.42911639018,71799.42911639018,121987.2563640033,173742.07673878164,224981.95318764637,275712.01052941056,325937.31962121435,375662.90399064345,424893.73373334476,473634.73405971046,521890.77794419165,569666.6890865313
145,145,14410774.0,1.9475341392507173,0.5134698179846716,1252.418817974601,28336.674472177332,55151.45065510905,81699.42911585732,81699.42911585732,81699.42911585732,81699.42911585732,81699.42911585732,81699.42911585732,81699.42911585732,81699.42911585732,154389.5965859397,205629.4730348044,256359.53037656858,306584.8394683724,356310.4238378015,405541.25358050276,454282.2539068685,502538.2977913497,550314.2089336893,550314.2089336893
146,146,14411308.0,1.927000325516002,0.5189412719648738,15716.961554196068,42801.217208398804,69615.99339133051,96163.97185207879,96163.97185207879,96163.97185207879,96163.97185207879,96163.97185207879,96163.97185207879,96163.97185207879,96163.97185207879,126365.99290130248,177605.86935016717,228335.92669193135,278561.2357837352,328286.82015316427,377517.6498958655,426258.6502222313,474514.6941067125,522290.6052490521,522290.6052490521
147,147,14412217.0,1.8724841902703107,0.534049902902326,329.1520382806548,27960.518259361794,55316.96155206466,82401.21720626739,109215.99338919911,135763.97184994738,135763.97184994738,135763.97184994738,135763.97184994738,135763.97184994738,135763.97184994738,153108.31032216837,203333.6194139722,253059.20378340126,302290.03352610255,351031.03385246824,399287.0777369495,447062.98887928907,447062.98887928907,447062.98887928907,447062.98887928907
148,148,14417114.0,1.8592372969693993,0.5378549589286014,10229.152037747803,37860.51825882894,65216.96155153181,92301.21720573455,119115.99338866626,145663.97184941452,145663.97184941452,145663.97184941452,145663.97184941452,145663.97184941452,145663.97184941452,134635.39521804862,184860.70430985244,234586.2886792815,283817.1184219828,332558.11874834856,380814.16263282974,428590.0737751693,428590.0737751693,428590.0737751693,428590.0737751693
149,149,14418280.0,1.8153304970106336,0.5508638794129961,16851.81930722016,46508.926666865475,75870.95520364949,104940.84129608703,133721.49155613553,162215.78377430406,190426.56766828694,192072.82869244675,193702.70999910298,195316.37449209057,196913.98357960198,130962.52158458784,183802.61698853885,236116.9693165792,287910.81226460816,339189.32402083935,389957.63041250734,392920.2522854755,395853.397177606,398757.3580858077,401632.4256194064
150,150,14419083.0,1.8189646092029554,0.5497633076204742,13056.271521703437,40965.32397309226,68596.6901941734,95953.13348687626,123037.389141079,149852.1653240107,176400.14378475898,176400.14378475898,176400.14378475898,176400.14378475898,176400.14378475898,128335.52083539832,178061.10520482739,227291.93494752867,276032.9352738944,324288.9791583756,372064.8903007152,372064.8903007152,372064.8903007152,372064.8903007152,372064.8903007152
151,151,14420274.0,1.8238822035372464,0.5482810227878725,9196.693999260455,37105.746450649276,64737.112671730414,92093.55596443328,119177.81161863601,145992.58780156772,172540.56626231602,172540.56626231602,172540.56626231602,172540.56626231602,172540.56626231602,135365.66779714433,185091.25216657337,234322.08190927468,283063.0822356404,331319.1261201216,379095.0372624612,379095.0372624612,379095.0372624612,379095.0372624612,379095.0372624612
152,152,14421452.0,1.846084118842714,0.5416871256261535,20197.66081962384,47829.02704070498,75185.47033340785,102269.72598761058,129084.5021705423,155632.48063129056,155632.48063129056,155632.48063129056,155632.48063129056,155632.48063129056,155632.48063129056,116166.7619335407,166392.07102534454,216117.65539477358,265348.4851374749,314089.4854638406,362345.52934832184,410121.4404906614,410121.4404906614,410121.4404906614,410121.4404906614
153,153,14424038.0,1.8505198196585408,0.5403887001785913,16714.42093781132,44345.78715889246,71702.23045159533,98786.48610579806,125601.26228872978,152149.24074947805,152149.24074947805,152149.24074947805,152149.24074947805,152149.24074947805,152149.24074947805,122605.17229418509,172830.4813859889,222556.06575541798,271786.8954981193,320527.895824485,368783.9397089662,416559.8508513058,416559.8508513058,416559.8508513058,416559.8508513058
154,154,14424666.0,1.8538535881398404,0.5394169239672274,14308.326494940826,41939.692716021964,69296.13600872483,96380.39166292756,123195.16784585928,149743.14630660755,149743.14630660755,149743.14630660755,149743.14630660755,149743.14630660755,149743.14630660755,127061.97334152984,177287.28243333366,227012.86680276273,276243.69654546404,324984.69687182974,373240.740756311,421016.65189865057,421016.65189865057,421016.65189865057,421016.65189865057
155,155,14425220.0,1.8407384970724736,0.5432602195208112,24208.326494407975,51839.69271548911,79196.13600819198,106280.39166239472,133095.16784532642,159643.1463060747,159643.1463060747,159643.1463060747,159643.1463060747,159643.1463060747,159643.1463060747,108773.29085007873,158998.59994188257,208724.1843113116,257955.01405401292,306696.01438037865,354952.05826485984,402727.9694071995,402727.9694071995,402727.9694071995,402727.9694071995
156,156,14427045.0,1.8409225709221808,0.5432058989309181,24067.25087114508,51698.61709222622,79055.06038492908,106139.31603913181,132954.09222206354,159502.0706828118,159502.0706828118,159502.0706828118,159502.0706828118,159502.0706828118,159502.0706828118,109032.99778096948,159258.3068727733,208983.89124220237,258214.72098490366,306955.7213112694,355211.7651957506,402987.6763380902,402987.6763380902,402987.6763380902,402987.6763380902
157,157,14428587.0,1.8544097998337439,0.5392551312496593,13849.193605121285,41480.55982620242,68837.00311890528,95921.25877310803,122736.03495603974,149284.01341678802,149284.01341678802,149284.01341678802,149284.01341678802,149284.01341678802,149284.01341678802,127913.2968060784,178138.60589788223,227864.1902673113,277095.0200100126,325836.0203363783,374092.06422085955,421867.97536319913,421867.97536319913,421867.97536319913,421867.97536319913
158,158,14429306.0,1.8438702571739929,0.5423375078096057,21828.432337691815,49459.79855877295,76816.24185147582,103900.49750567855,130715.27368861026,157263.25214935854,157263.25214935854,157263.25214935854,157263.25214935854,157263.25214935854,157263.25214935854,113157.95617358189,163383.2652653857,213108.84963481477,262339.6793775161,311080.6797038818,359336.72358836303,407112.6347307026,407112.6347307026,407112.6347307026,407112.6347307026
159,159,14431426.0,1.8407384970724736,0.5432602195208112,24257.597577561068,51888.96379864221,79245.40709134507,106329.6627455478,133144.43892847953,159692.4173892278,159692.4173892278,159692.4173892278,159692.4173892278,159692.4173892278,159692.4173892278,108682.59359119102,158907.90268299484,208633.4870524239,257864.3167951252,306605.31712149095,354861.36100597214,402637.2721483117,402637.2721483117,402637.2721483117,402637.2721483117
160,160,14432197.0,1.8202382664756354,0.5493786271926975,11993.823184330164,39902.875635718985,67534.24185680013,94890.68514950298,121974.94080370571,148789.71698663745,175337.69544738572,175337.69544738572,175337.69544738572,175337.69544738572,175337.69544738572,130268.82868307781,179994.41305250686,229225.24279520815,277966.2431215739,326222.28700605506,373998.1981483947,373998.1981483947,373998.1981483947,373998.1981483947,373998.1981483947
161,161,14435106.0,1.7886627669703097,0.5590768804864372,8554.29444661684,36743.823182998036,64652.87563438685,92284.24185546799,119640.68514817086,146724.9408023736,173539.7169853053,200087.69544605358,200087.69544605358,200087.69544605358,200087.69544605358,135332.92787167596,184563.75761437725,233304.75794074297,281560.8018252242,329336.71296756377,329336.71296756377,329336.71296756377,329336.71296756377,329336.71296756377,329336.71296756377
162,162,14435945.0,1.7664447451838654,0.5661088481405696,26378.133502657496,54567.66223903869,82476.71469042751,110108.08091150864,137464.5242042115,164548.77985841426,191363.55604134596,217911.53450209423,217911.53450209423,217911.53450209423,217911.53450209423,103648.5795454789,152879.4092881802,201620.40961454593,249876.45349902715,297652.36464136676,297652.36464136676,297652.36464136676,297652.36464136676,297652.36464136676,297652.36464136676
163,163,14439521.0,1.791526774794759,0.5581831173662264,6272.2136937468695,34461.74243012806,62370.794881516886,90002.16110259802,117358.60439530089,144442.86004950362,171257.63623243532,197805.61469318363,197805.61469318363,197805.61469318363,197805.61469318363,139418.36815306937,188649.19789577066,237390.1982221364,285646.2421066176,333422.1532489572,333422.1532489572,333422.1532489572,333422.1532489572,333422.1532489572,333422.1532489572
164,164,14441121.0,1.7606253757287962,0.5679799994851593,2662.3664230595227,31135.190860408657,59324.71959678985,87233.77204817867,114865.13826925981,142221.58156196267,169305.8372161654,196120.6133990971,222668.5918598454,222668.5918598454,222668.5918598454,144489.74436305137,193230.7446894171,241486.7885738983,289262.6997162379,289262.6997162379,289262.6997162379,289262.6997162379,289262.6997162379,289262.6997162379,289262.6997162379
165,165,14441662.0,1.7571078195808234,0.5691170392939009,5544.751422904383,34017.57586025352,62207.10459663471,90116.15704802354,117747.52326910467,145103.96656180752,172188.22221601027,199002.99839894197,225550.97685969027,225550.97685969027,225550.97685969027,139419.84266017858,188160.84298654427,236416.8868710255,284192.7980133651,284192.7980133651,284192.7980133651,284192.7980133651,284192.7980133651,284192.7980133651,284192.7980133651
166,166,14445602.0,1.7212834475154,0.5809618406796729,6485.785207159139,35244.751421305824,63717.57585865496,91907.10459503616,119816.15704642498,147447.52326750613,174803.96656020897,201888.2222144117,228702.9983973434,255250.97685809172,255250.97685809172,136508.29854180955,184764.34242629076,232540.25356863037,232540.25356863037,232540.25356863037,232540.25356863037,232540.25356863037,232540.25356863037,232540.25356863037,232540.25356863037
167,167,14449265.0,1.7318148380712521,0.577428936406224,26425.82148504141,54898.64592239055,83088.17465877174,110997.22711016056,138628.5933312417,165985.03662394456,193069.2922781473,219884.068461079,246432.04692182728,246432.04692182728,246432.04692182728,102993.78828366668,151734.7886100324,199990.83249451363,247766.7436368532,247766.7436368532,247766.7436368532,247766.7436368532,247766.7436368532,247766.7436368532,247766.7436368532
168,168,14451955.0,1.7133841209960128,0.5836402869303392,13089.59870706462,41848.564921211306,70321.38935856044,98510.91809494163,126419.97054633046,154051.3367674116,181407.78006011446,208492.0357143172,235306.8118972489,261854.79035799718,261854.79035799718,125166.923454234,173422.9673387152,221198.87848105482,221198.87848105482,221198.87848105482,221198.87848105482,221198.87848105482,221198.87848105482,221198.87848105482,221198.87848105482
169,169,14453119.0,1.701773211340312,0.5876223655045097,22989.598706531768,51748.56492067845,80221.38935802759,108410.91809440879,136319.9705457976,163951.33676687875,191307.7800595816,218392.03571378434,245206.81189671607,271754.79035746434,271754.79035746434,108260.99785729455,156517.04174177576,204292.95288411537,204292.95288411537,204292.95288411537,204292.95288411537,204292.95288411537,204292.95288411537,204292.95288411537,204292.95288411537
170,170,14454408.0,1.7103029575128343,0.5846917328928819,15759.89733591138,44518.86355005807,72991.6879874072,101181.2167237884,129090.26917517722,156721.63539625835,184078.07868896122,211162.33434316397,237977.11052609567,264525.08898684394,264525.08898684394,120595.59280883658,168851.6366933178,216627.5478356574,216627.5478356574,216627.5478356574,216627.5478356574,216627.5478356574,216627.5478356574,216627.5478356574,216627.5478356574
171,171,14455036.0,1.6887205275567194,0.5921642946135223,5145.414068037336,34193.398521919225,62952.364736065916,91425.18917341504,119614.71790979624,147523.77036118507,175155.1365822662,202511.57987496906,229595.8355291718,256410.6117121035,282958.5901728518,137522.71407050357,185298.62521284318,185298.62521284318,185298.62521284318,185298.62521284318,185298.62521284318,185298.62521284318,185298.62521284318,185298.62521284318,185298.62521284318
172,172,14456331.0,1.6704143390649042,0.5986538648607379,21152.29931366733,50200.28376754922,78959.2499816959,107432.07441904504,135621.60315542624,163530.65560681507,191162.02182789618,218518.46512059905,245602.7207748018,272417.4969577335,298965.4754184818,110636.59932000232,158412.51046234195,158412.51046234195,158412.51046234195,158412.51046234195,158412.51046234195,158412.51046234195,158412.51046234195,158412.51046234195,158412.51046234195
173,173,14457029.0,1.716642482373685,0.5825324785259022,10388.584102486015,39147.5503166327,67620.37475398184,95809.90349036302,123718.95594175185,151350.32216283298,178706.76545553585,205791.0211097386,232605.7972926703,259153.77575341857,259153.77575341857,129799.399161559,178055.44304604022,225831.35418837983,225831.35418837983,225831.35418837983,225831.35418837983,225831.35418837983,225831.35418837983,225831.35418837983,225831.35418837983
174,174,14460797.0,1.7050094921237275,0.5865069987114376,20288.58410195316,49047.55031609985,77520.37475344898,105709.90348983018,133618.955941219,161250.32216230014,188606.765455003,215691.02110920573,242505.79729213746,269053.77575288573,269053.77575288573,112862.02970544656,161118.07358992778,208893.9847322674,208893.9847322674,208893.9847322674,208893.9847322674,208893.9847322674,208893.9847322674,208893.9847322674,208893.9847322674
175,175,14462031.0,1.6774444807515032,0.5961449165530625,15070.95463878864,44118.93909267053,72877.90530681722,101350.72974416635,129540.25848054755,157449.31093193637,185080.67715301752,212437.12044572036,239521.3760999231,266336.15228285483,292884.1307436031,120816.638180581,168592.5493229206,168592.5493229206,168592.5493229206,168592.5493229206,168592.5493229206,168592.5493229206,168592.5493229206,168592.5493229206,168592.5493229206
176,176,14463540.0,1.665577396281482,0.6003923937924289,25383.53588323358,54431.52033711547,83190.48655126216,111663.3109886113,139852.8397249925,167761.8921763813,195393.25839746246,222749.7016901653,249833.95734436804,276648.7335272998,303196.71198804805,103578.40499535762,151354.31613769723,151354.31613769723,151354.31613769723,151354.31613769723,151354.31613769723,151354.31613769723,151354.31613769723,151354.31613769723,151354.31613769723
177,177,14464321.0,1.6216970826256278,0.6166379718590467,6008.866964616761,35643.629842318245,64983.53588110217,94031.52033498406,122790.48654913074,151263.3109864799,179452.83972286107,207361.8921742499,234993.25839533104,262349.7016880339,289433.95734223665,86267.06034060029,86267.06034060029,86267.06034060029,86267.06034060029,86267.06034060029,86267.06034060029,86267.06034060029,86267.06034060029,86267.06034060029,86267.06034060029
178,178,14465040.0,1.5961172763144134,0.6265203784455583,29932.576717329102,59567.339595030586,88907.24563381451,117955.2300876964,146714.1963018431,175187.02073919223,203376.5494755734,231285.60192696223,258916.96814804338,286273.4114407462,313357.667094949,47775.92043379173,47775.92043379173,47775.92043379173,47775.92043379173,47775.92043379173,47775.92043379173,47775.92043379173,47775.92043379173,47775.92043379173,47775.92043379173
179,179,14623972.0,1.4330132102038757,0.6978302732169017,0.0,0.0,0.0,0.0,0.0,0.0,29932.5825386132,59567.34541631468,88907.25145509861,117955.2359089805,146714.20212312718,0.0,0.0,0.0,0.0,0.0,0.0,0.0,0.0,0.0,0.0
180,180,14737438.0,1.606685960207169,0.6223991649687772,19874.756126245044,49509.51900394653,78849.42504273045,107897.40949661234,136656.37571075902,165129.20014810815,193318.72888448936,221227.7813358782,248859.14755695933,276215.5908496622,303299.8465038649,63883.2324190786,63883.2324190786,63883.2324190786,63883.2324190786,63883.2324190786,63883.2324190786,63883.2324190786,63883.2324190786,63883.2324190786,63883.2324190786
181,181,14737946.0,1.598513128878476,0.625581349276502,27627.51130388449,57262.27418158598,86602.1802203699,115650.16467425179,144409.13088839847,172881.9553257476,201071.48406212882,228980.53651351764,256611.90273459876,283968.3460273016,311052.60168150434,51457.896343424276,51457.896343424276,51457.896343424276,51457.896343424276,51457.896343424276,51457.896343424276,51457.896343424276,51457.896343424276,51457.896343424276,51457.896343424276
182,182,14738557.0,1.5969154945802604,0.6262072122124683,29084.55915280607,58719.32203050755,88059.22806929148,117107.21252317337,145866.17873732006,174339.0031746692,202528.53191105038,230437.5843624392,258068.95058352035,285425.3938762232,312509.64953042596,49129.83757079117,49129.83757079117,49129.83757079117,49129.83757079117,49129.83757079117,49129.83757079117,49129.83757079117,49129.83757079117,49129.83757079117,49129.83757079117
183,183,14739615.0,1.6025142109186616,0.6240194272141507,23800.125982095426,53434.888859796905,82774.79489858083,111822.77935246272,140581.7455666094,169054.57000395854,197244.09874033974,225153.15119172857,252784.51741280968,280140.96070551255,307225.21635971527,57584.02429716141,57584.02429716141,57584.02429716141,57584.02429716141,57584.02429716141,57584.02429716141,57584.02429716141,57584.02429716141,57584.02429716141,57584.02429716141
184,184,14740177.0,1.6843357760658841,0.5937058478539876,8955.185907208224,38003.17036109012,66762.1365752368,95234.96101258593,123424.48974896713,151333.54220035594,178964.90842143708,206321.35171413995,233405.6073683427,260220.3835512744,286768.3620120227,131096.94249429004,178872.85363662965,178872.85363662965,178872.85363662965,178872.85363662965,178872.85363662965,178872.85363662965,178872.85363662965,178872.85363662965,178872.85363662965
185,185,14740694.0,1.6777799864220981,0.5960257054517151,14766.833970013888,43814.81842389578,72573.78463804246,101046.6090753916,129236.13781177279,157145.1902631616,184776.55648424276,212132.99977694562,239217.25543114834,266032.0316140801,292580.01007482834,121326.83744550752,169102.74858784713,169102.74858784713,169102.74858784713,169102.74858784713,169102.74858784713,169102.74858784713,169102.74858784713,169102.74858784713,169102.74858784713
186,186,14741309.0,1.701773211340312,0.5876223655045097,23069.309791525302,51828.276005671985,80301.10044302112,108490.62917940231,136399.68163079114,164031.04785187228,191387.49114457515,218471.74679877787,245286.5229817096,271834.50144245784,271834.50144245784,108125.34394333833,156381.38782781953,204157.29897015914,204157.29897015914,204157.29897015914,204157.29897015914,204157.29897015914,204157.29897015914,204157.29897015914,204157.29897015914
187,187,14741879.0,1.737365243950709,0.5755842091821949,21791.911446637812,50264.73588398695,78454.26462036814,106363.31707175696,133994.6832928381,161351.12658554097,188435.3822397437,215250.15842267542,241798.1368834237,241798.1368834237,241798.1368834237,111031.8807036465,159772.8810300122,208028.92491449343,255804.83605683304,255804.83605683304,255804.83605683304,255804.83605683304,255804.83605683304,255804.83605683304,255804.83605683304
188,188,14742491.0,1.7967294825908646,0.5565668119153979,2235.9886633032097,30425.517399684402,58334.569851073225,85965.93607215436,113322.37936485723,140406.63501905996,167221.41120199166,193769.38966273997,193769.38966273997,193769.38966273997,193769.38966273997,146660.22446086918,195891.05420357047,244632.0545299362,292888.0984144174,340664.009556757,340664.009556757,340664.009556757,340664.009556757,340664.009556757,340664.009556757
189,189,14743158.0,1.8024879376316314,0.554788733462452,25791.115065795988,53700.16751718481,81331.53373826595,108687.97703096882,135772.23268517153,162587.00886810326,189134.98732885154,189134.98732885154,189134.98732885154,189134.98732885154,189134.98732885154,105275.22395310865,155000.8083225377,204231.638065239,252972.63839160473,301228.68227608595,349004.59341842553,349004.59341842553,349004.59341842553,349004.59341842553,349004.59341842553
190,190,14743889.0,1.8839406777801742,0.5308022762045186,19453.16178542966,46809.605078132525,73893.86073233526,100708.63691526698,127256.61537601525,127256.61537601525,127256.61537601525,127256.61537601525,127256.61537601525,127256.61537601525,127256.61537601525,118358.09288076969,169088.15022253388,219313.4593143377,269039.04368376674,318269.87342646805,367010.8737528338,415266.917637315,463042.8287796546,463042.8287796546,463042.8287796546
191,191,14744394.0,1.876045113994952,0.5330362220717314,25366.417705488726,52722.860998191594,79807.11665239432,106621.89283532604,133169.87129607433,133169.87129607433,133169.87129607433,133169.87129607433,133169.87129607433,133169.87129607433,133169.87129607433,107240.51235023729,157970.56969200147,208195.8787838053,257921.46315323436,307152.29289593565,355893.2932223014,404149.3371067826,451925.2482491222,451925.2482491222,451925.2482491222
192,192,14745199.0,1.9135590944786114,0.5225864217548352,25344.528784483762,52428.784438686496,79243.5606216182,105791.53908236648,105791.53908236648,105791.53908236648,105791.53908236648,105791.53908236648,105791.53908236648,105791.53908236648,105791.53908236648,107877.10530597638,159116.98175484108,209847.03909660527,260072.3481884091,309797.93255783815,359028.76230053947,407769.76262690517,456025.8065113864,503801.717653726,503801.717653726
193,193,14745279.0,1.9264223410190997,0.5190969699152204,0.0,0.0,0.0,0.0,0.0,0.0,0.0,0.0,0.0,0.0,0.0,0.0,0.0,0.0,0.0,0.0,0.0,0.0,0.0,0.0,0.0
