,index,blocknum,p0vs1,p1vs0,WBTC-slippagemap_01,WBTC-slippagemap_2,WBTC-slippagemap_3,WBTC-slippagemap_4,WBTC-slippagemap_5,WBTC-slippagemap_6,WBTC-slippagemap_7,WBTC-slippagemap_8,WBTC-slippagemap_9,WBTC-slippagemap_10,WBTC-slippagemap_11,WBTC-slippagemap_12,WBTC-slippagemap_13,WBTC-slippagemap_14,WBTC-slippagemap_15,WBTC-slippagemap_16,WBTC-slippagemap_17,WBTC-slippagemap_18,WBTC-slippagemap_19,WBTC-slippagemap_20,LINK-slippagemap_01,LINK-slippagemap_2,LINK-slippagemap_3,LINK-slippagemap_4,LINK-slippagemap_5,LINK-slippagemap_6,LINK-slippagemap_7,LINK-slippagemap_8,LINK-slippagemap_9,LINK-slippagemap_10,LINK-slippagemap_11,LINK-slippagemap_12,LINK-slippagemap_13,LINK-slippagemap_14,LINK-slippagemap_15,LINK-slippagemap_16,LINK-slippagemap_17,LINK-slippagemap_18,LINK-slippagemap_19,LINK-slippagemap_20
0,0,12491142.0,1546.0068057191518,0.0006468276829705369,1.02859788460991e-06,2.7559177825207e-06,4.47290535143786e-06,5.32754374092538e-06,7.02914849386842e-06,8.72057470161652e-06,9.56248985774077e-06,1.123876223090024e-05,1.290500760369001e-05,1.373438891398566e-05,1.538570615218826e-05,1.702714560731371e-05,1.784417963623144e-05,1.947091312120424e-05,2.108791594314603e-05,2.189278653259196e-05,2.349530230136583e-05,2.5088232311924e-05,2.588112050439451e-05,2.745977914733351e-05,0.005098197910140256,0.007747898914455181,0.009066799667296526,0.011692761382408452,0.014303015325598648,0.01560228128678404,0.018189149495954418,0.020760543730826444,0.022040467119480097,0.024588823737510743,0.027121936759859,0.028382805520829568,0.030893223939180463,0.03338862586397543,0.03463072345413012,0.037103768600034455,0.039562020614089824,0.0407856267517806,0.04322185488266074,0.045643509996098654
1,1,12552266.0,1290.8286438223492,0.0007746961649679857,1.1957290821334e-06,3.08570965852015e-06,4.96438479076104e-06,5.8995039855659e-06,7.7613477125724e-06,9.61205440873914e-06,1.053325221001668e-05,1.236737806747917e-05,1.419053270603151e-05,1.509801635753539e-05,1.690483703030459e-05,1.870084981191213e-05,1.959482342986073e-05,2.137474536085187e-05,2.314402023585554e-05,2.402468506897533e-05,2.577810867210581e-05,2.752104391584489e-05,2.838859788313733e-05,3.011591778104813e-05,0.004568693975609337,0.006990349089047249,0.008195739133234748,0.010595698152942175,0.012981301405525704,0.01416874636805394,0.016532976550365338,0.018883064622346724,0.020052831707041856,0.022381864849966248,0.024696966192655864,0.025849318721935556,0.028143678641649527,0.030424314525672725,0.03155951154539362,0.033819714662438924,0.03606639792522633,0.03718469484570618,0.039411249633128365,0.04162448566343906
2,2,12553716.0,1213.2315128695298,0.0008242449931380405,1.56207459908225e-06,3.50961057295937e-06,5.4454970126266e-06,6.40909335264659e-06,8.32763589194776e-06,1.023470207531e-05,1.118395312849184e-05,1.307393370487858e-05,1.495260883711948e-05,1.588772803192434e-05,1.774957175893084e-05,1.960027845509758e-05,2.052147625637511e-05,2.235560211383761e-05,2.417875675238995e-05,2.508624040389382e-05,2.689306107666303e-05,2.868907385827057e-05,2.958304747621917e-05,3.136296940721031e-05,0.004032976549692526,0.006383064621673915,0.007552831706369046,0.009881864849293438,0.012196966191983055,0.013349318721262748,0.015643678640976717,0.017924314524999915,0.019059511544720808,0.02131971466176611,0.023566397924553523,0.02468469484503337,0.02691124963245556,0.02912448566276625,0.03022613426697026,0.03241954159447904,0.034599828550404076,0.03568507648712841,0.20832646036308342,0.549905127809409
3,3,12577004.0,1213.2315128695298,0.0008242449931380405,1.56207459908225e-06,3.50961057295937e-06,5.4454970126266e-06,6.40909335264659e-06,8.32763589194776e-06,1.023470207531e-05,1.118395312849184e-05,1.307393370487858e-05,1.495260883711948e-05,1.588772803192434e-05,1.774957175893084e-05,1.960027845509758e-05,2.052147625637511e-05,2.235560211383761e-05,2.417875675238995e-05,2.508624040389382e-05,2.689306107666303e-05,2.868907385827057e-05,2.958304747621917e-05,3.136296940721031e-05,0.004032976549692526,0.006383064621673915,0.007552831706369046,0.009881864849293438,0.012196966191983055,0.013349318721262748,0.015643678640976717,0.017924314524999915,0.019059511544720808,0.02131971466176611,0.023566397924553523,0.02468469484503337,0.02691124963245556,0.02912448566276625,0.03022613426697026,0.03241954159447904,0.034599828550404076,0.03568507648712841,0.039550636161121304,0.045092772893340995
4,4,12603603.0,1213.2315128695298,0.0008242449931380405,0.012575685068793925,0.028254577153726906,0.04383968314578835,0.05159724101956301,0.06704271768214409,0.07473172606356958,0.07473267531462276,0.07473456529519915,0.07473644397033138,0.0747373790895262,0.0747392409332532,0.07474109163994937,0.07474201283775064,0.07474384696360811,0.07474567011824666,0.07474657760189816,0.07474838442257094,0.07475018043535255,0.07475107440897048,0.07475285433090148,32.46800313414086,51.38769332981435,60.80505564375885,79.55524038999852,98.1932653633971,98.19441771592638,98.1967120758461,98.19899271173011,98.20012790874983,98.20238811186688,98.20463479512968,98.20575309205016,98.20797964683757,98.21019288286789,98.21129453147209,98.2134879387996,98.21566822575552,98.21675347369225,98.22061903336625,98.22616117009846
5,5,12606756.0,1533.6887052631635,0.0006520227974349015,1.33163207794864e-06,3.06414138484698e-06,4.78628735778572e-06,5.64349351206902e-06,7.3502104398583e-06,9.04671821967514e-06,9.89116286224768e-06,1.157247134829866e-05,1.324372273512381e-05,1.407559576432117e-05,1.573187413929288e-05,1.737824507074949e-05,1.819773376794487e-05,1.982935450718622e-05,2.145121538275768e-05,2.22585041037772e-05,2.38658344274034e-05,2.546355012377823e-05,2.625882047255517e-05,2.784222194862529e-05,0.004622420223120012,0.0072641842329087955,0.008579134423606942,0.011197230504902941,0.01379966585239631,0.015095039929986107,0.01767415967679595,0.020237851685092366,0.021513941089548877,0.024054664596444886,0.02658019008644184,0.027837282097814293,0.03034018084549476,0.03282810801974239,0.03406648523994502,0.03653212278983129,0.038983011317392874,2.4952216574967285,7.385649136417442,12.24682335112337
6,6,12608135.0,1533.6887052631635,0.0006520227974349015,0.006136261011949485,0.014119794518544709,0.022055573000923232,0.026005643587864037,0.029944733799570734,0.02994643030735055,0.029947274751993123,0.029948956060479176,0.029950627311866,0.029951459184895196,0.029953115463270168,0.029954761834201624,0.02995558132289882,0.02995721294363806,0.029958834804513633,0.029959642093234654,0.029961249423558278,0.029962847139254654,0.02996364240960343,0.0299652258110795,21.300460889822634,33.473908619476624,39.53329823726548,51.59768236801037,63.58990065667099,63.59119603074858,63.59377515049539,63.596338842503684,63.59761493190814,63.60015565541504,63.60268118090504,63.60393827291641,63.60644117166409,63.60892909883834,63.610167476058535,63.612633113608425,63.61508400213599,66.07132264831532,70.96175012723603,75.82292434194196
7,7,12609622.0,1570.1553717379559,0.0006368796477084502,0.006367722240650736,0.014256030960759936,0.01425773256551288,0.014258579547078055,0.014260265906876752,0.014261942179249911,0.014262776551593503,0.014264437805932997,0.0142660891231712,0.014266911073929129,0.014268547596655242,0.014270174330140216,0.014270984044241137,0.014272596203551603,0.014274198719320376,0.014274996378982158,0.014276584537523406,0.014278163196166344,0.014278948980746378,0.01428051349594917,21.079098999318514,33.3995012942624,39.53203783109882,51.742059829929204,63.87904355371055,69.92028350031016,81.94853046741515,87.93694134719365,87.93823284132523,87.94080423556011,87.94336024835322,87.94463251556678,87.94716562858913,87.94968358936147,87.95093691576845,87.95343231769326,87.95591279250361,87.95714746042931,87.95960571244336,90.41706796476039
8,8,12610576.0,1583.7162581374173,0.0006314262386723766,0.004627982248896152,0.00856707246060285,0.008568768968382667,0.008569613413025238,0.00857129472151129,0.008572965972898115,0.008573797845927312,0.008575454124302283,0.00857710049523374,0.008577919983930935,0.008579551604670176,0.008581173465545749,0.008581980754266768,0.008583588084590393,0.00858518580028677,0.008585981070635545,0.008587564472111616,0.00858913840205099,0.008589921833011488,0.00859148166183275,23.864122780314826,36.221540287990365,42.37250129474536,54.61920620675066,66.79265393640465,72.85204355419351,84.9164276849384,96.90864597359902,96.90994134767661,96.91252046742342,96.91508415943171,96.91636024883617,96.91890097234307,96.92142649783307,96.92268358984444,96.92518648859212,96.92767441576636,96.92891279298657,96.93137843053645,96.93382931906402
9,9,12611705.0,1591.3359879186673,0.0006284028059391249,0.005426277752074896,0.005427979356827838,0.005429670783035586,0.00543051269819171,0.00543218897056487,0.00543385521593766,0.0054346845972479555,0.005436335914486158,0.0054379773539412835,0.005438794387970201,0.005440421121455174,0.005442038124277116,0.005442842994866562,0.005444445510635336,0.005446038440645894,0.005446831328838365,0.005448409987481304,0.005449979203021837,0.00545076028726413,0.005452315443892085,22.642556133193466,35.03709900006978,41.20654028825867,53.49003783185009,65.70005983068047,71.77765393667296,83.87828350106142,95.90653046816642,101.89364597386732,101.8962328420765,101.89880423631136,101.90008415970003,101.90263251631805,101.9051656293404,101.90642649810137,101.90893691651972,101.91143231844453,101.91267441603468,101.91514746118058,101.91760571319463
10,10,12614434.0,1591.3359879186673,0.0006284028059391249,0.005426277752074896,0.005427979356827838,0.005429670783035586,0.00543051269819171,0.00543218897056487,0.00543385521593766,0.0054346845972479555,0.005436335914486158,0.0054379773539412835,0.005438794387970201,0.005440421121455174,0.005442038124277116,0.005442842994866562,0.005444445510635336,0.005446038440645894,0.005446831328838365,0.005448409987481304,0.005449979203021837,0.00545076028726413,0.005452315443892085,22.642556133193466,35.03709900006978,41.20654028825867,53.49003783185009,65.70005983068047,71.77765393667296,83.87828350106142,95.90653046816642,101.89364597386732,101.8962328420765,101.89880423631136,101.90008415970003,101.90263251631805,101.9051656293404,101.90642649810137,101.90893691651972,101.91143231844453,101.91267441603468,101.91514746118058,101.91760571319463
11,11,12616644.0,1591.6542710296108,0.0006282771442275081,0.005290221253679206,0.005291922858432148,0.005293614284639897,0.005294456199796021,0.005296132472169181,0.0052977987175419705,0.005298628098852266,0.005300279416090468,0.005301920855545594,0.005302737889574512,0.005304364623059485,0.005305981625881426,0.005306786496470872,0.005308389012239646,0.005309981942250204,0.005310774830442675,0.005312353489085614,0.005313922704626147,0.005314703788868441,0.0053162589454963955,22.85909826190818,35.253641128784494,41.423082416973386,53.7065799605648,65.9166019593952,71.99419606538767,84.09482562977614,96.12307259688114,102.11018810258204,102.11277497079121,102.11534636502608,102.11662628841474,102.11917464503277,102.12170775805512,102.12296862681609,102.12547904523444,102.12797444715923,102.12921654474938,102.13168958989529,102.13414784190935
12,12,12628400.0,1594.6811374163,0.0006270846105449009,8.7643606137178e-07,2.57804081431482e-06,4.26946702206292e-06,5.11138217818717e-06,6.78765455134664e-06,8.45389992413641e-06,9.28328123443206e-06,1.093459847263466e-05,1.257603792776011e-05,1.339307195667784e-05,1.501980544165064e-05,1.663680826359244e-05,1.744167885303836e-05,1.904419462181224e-05,2.063712463237041e-05,2.143001282484092e-05,2.300867146777991e-05,2.457788700831328e-05,2.535897125060638e-05,2.691412787856143e-05,0.0053933792610296695,0.008083123201338412,0.009421955742257987,0.012087601699396782,0.014737302703712022,0.016056203456553522,0.01868216517166576,0.021292419114856267,0.022591685076041815,0.025178553285212193,0.027749947520084216,0.02902987090873787,0.03157822752676852,0.03411134054911678,0.035372209310087346,0.03788262772843824,0.040378029653233206,0.04162012724338789,0.04409317238929222,0.0465514244033476
13,13,12666222.0,1594.6811374163,0.0006270846105449009,0.5535228302853012,1.0916632486101725,1.0916649400363803,1.0916657819515363,1.0916674582239096,1.0916691244692824,1.0916699538505927,1.0916716051678308,1.091673246607286,1.091674063641315,1.0916756903748,1.0916773073776218,1.0916781122482113,1.09167971476398,1.0916813076939906,1.091682100582183,1.091683679240826,1.0916852484563666,1.0916860295406088,1.0916875846972367,1697.2907533852203,1697.2934431291606,1697.2947819617016,1697.2974476076586,1697.300097308663,1697.3014162094157,1697.304042171131,1697.3066524250742,1697.3079516910352,1697.3105385592444,1697.3131099534794,1697.314389876868,1697.316938233486,1697.3194713465084,1697.3207322152693,1697.3232426336876,1697.3257380356124,1697.3269801332026,1697.3294531783486,1697.3319114303627
14,14,12669249.0,1604.4379324952415,0.0006232712277281975,0.6555755278501252,0.7720993183100845,0.7721010046698832,0.7721018440632131,0.7721035153146,0.7721051765689395,0.7721060034660041,0.7721076498369356,0.7721092863596617,0.772110100946372,0.7721117228072476,0.7721133349665581,0.7721141374262923,0.7721157351419886,0.7721173233005298,0.7721181138138135,0.7721196877437528,0.7721212522589557,0.7721220310035346,0.7721235815019138,2956.3425849946366,2956.34528281943,2956.3466256742427,2956.3492993289124,2956.3519569904884,2956.353279853745,2956.3559137046886,2956.35853180077,2956.359834970156,2956.362429610195,2956.365008729942,2956.3662924985615,2956.3688485113544,2956.3713892348615,2956.3726538915903,2956.3751718523627,2956.3776747511106,2956.3789205806947,2956.381401055505,2956.3838666930546
15,15,12674678.0,1614.093013623809,0.0006195429826902569,0.11662906833807651,0.11663075976428426,0.11663244107277031,0.11663327795181354,0.11663494419718633,0.1166366004755613,0.11663742489573484,0.11663906633518996,0.1166406979559292,0.11664151010270385,0.1166431271055258,0.11664473443584941,0.11664553449188401,0.11664712742189456,0.11664871082337064,0.11664949896872998,0.11665106818427051,0.11665262801309177,0.11665340442514076,0.11665495027923672,3149.055889494847,3149.058595424973,3149.059942314101,3149.0626240014544,3149.0652896474116,3149.066616485159,3149.069258249169,3149.071884210884,3149.0731912954407,3149.0757937307885,3149.0783805989977,3149.0796682246128,3149.082231916621,3149.084780273239,3149.086048729532,3149.088574255022,3149.091084673441,3149.0923342457813,3149.094822172956,3149.0972952181014
16,16,12718822.0,1614.093013623809,0.0006195429826902569,0.30436745596095555,0.4915479319128897,0.4915496132213758,0.49155045010041903,0.4915521163457918,0.4915537726241668,0.4915545970443403,0.4915562384837954,0.49155787010453467,0.49155868225130933,0.49156029925413125,0.49156190658445487,0.49156270664048946,0.4915642995705,0.4915658829719761,0.49156667111733543,0.491568240332876,0.49156980016169727,0.49157057657374625,0.4915721224278422,2460.9658004008575,2460.9685063309835,2460.9698532201114,2460.9725349074647,2460.975200553422,2460.9765273911694,2460.979169155179,2460.9817951168943,2460.983102201451,2460.985704636799,2460.988291505008,2460.989579130623,2460.992142822631,2460.9946911792495,2460.9959596355425,2460.9984851610325,2461.0009955794512,2461.0022451517916,2461.004733078966,2461.0072061241117
17,17,12723941.0,1623.806196464952,0.00061583703903644,3.990299653634231e-05,4.15893563350391e-05,4.326562870819857e-05,4.410000105179097e-05,4.576125539128399e-05,4.741257262948659e-05,4.823452338741665e-05,4.987104611352977e-05,5.149777959850257e-05,5.230749369942484e-05,5.391965300989029e-05,5.552216877866416e-05,5.631982844044539e-05,5.790798698169284e-05,5.948664562463184e-05,6.02724302046657e-05,6.18369454074583e-05,6.339210203541335e-05,6.416618836562932e-05,6.570741210135663e-05,1397.8562714831996,1719.7332023404524,1719.7345532761183,1719.7372430200587,1719.7399166747284,1719.7412474985567,1719.743897199561,1719.7465310505045,1719.747842062029,1719.750452315972,1719.7530469560108,1719.7543384501425,1719.7569098443773,1719.7594658571704,1719.760738124384,1719.7632712374063,1719.7657891981787,1719.7670425245858,1719.7695379265106,1719.7720184013208
18,18,12725758.0,1623.806196464952,0.00061583703903644,3.990299653634231e-05,4.15893563350391e-05,4.326562870819857e-05,4.410000105179097e-05,4.576125539128399e-05,4.741257262948659e-05,4.823452338741665e-05,4.987104611352977e-05,5.149777959850257e-05,5.230749369942484e-05,5.391965300989029e-05,5.552216877866416e-05,5.631982844044539e-05,5.790798698169284e-05,5.948664562463184e-05,6.02724302046657e-05,6.18369454074583e-05,6.339210203541335e-05,6.416618836562932e-05,6.570741210135663e-05,751.203840683788,751.2065547435036,751.2079056791696,751.2105954231099,751.2132690777796,751.214599901608,751.2172496026124,751.2198834535559,751.2211944650803,751.2238047190235,751.2263993590623,751.2276908531938,751.2302622474286,751.2328182602218,751.2340905274353,751.2366236404578,751.23914160123,751.240394927637,751.2428903295619,751.2453708043722
19,19,12890333.0,2015.2879696919454,0.0004962070012023437,0.006592461465087834,0.01958774767963774,0.03250529967384778,0.03893507076458529,0.05173689171165013,0.06446213613324547,0.07079618490191542,0.08340742157062604,0.09594322068716184,0.10218297244455038,0.11460646179311479,0.1269556364314602,0.13310249525178924,0.14534103145513336,0.15750636043222266,0.16356170872624268,0.17561804615687254,0.1876022660790815,0.19356746623109525,0.20544431719441741,52.251907192648794,78.20911289384989,91.12943227448338,116.85408190834141,142.42485480317828,155.15282420011908,180.49450348048083,205.68459619126432,218.22307995483635,243.18748956899913,268.00256880721145,280.3543888994342,304.94714459768613,329.3927937154579,341.5607281512964,365.78736487427335,389.8690835512169,401.85586977268997,425.7218357696538,449.44504257417276
20,20,13051964.0,1701.7728364070267,0.0005876224949690182,9.8380570442004e-07,2.63017663587684e-06,4.26669936199015e-06,5.08128607231386e-06,6.70314694788552e-06,8.31530625835115e-06,9.11776599253152e-06,1.071548168890654e-05,1.230364023015418e-05,1.309415351375388e-05,1.466808345312732e-05,1.623259865592011e-05,1.701134323488863e-05,1.856184161409141e-05,2.01030653498189e-05,2.08702165635407e-05,2.239763213659702e-05,2.391591117647146e-05,2.467164156425793e-05,2.617631806081212e-05,0.005343060097933208,0.008123041794100483,0.009506790606800972,0.012261865931696859,0.015000461143315475,0.016363609655503247,0.01907766937105211,0.021775494164734163,0.023118348977364575,0.025792003647078336,0.028449665222790587,0.029772528479738183,0.03240637942327799,0.0350244755045743,0.03632764489088243,0.03892228492965793,0.041501404676468075,0.04278517329611099,0.04534118608922146,0.047881909596117773
21,21,14212133.0,1701.7728364070267,0.0005876224949690182,1.16744920582886e-05,3.121142326120367e-05,5.063148911707468e-05,6.029791617450651e-05,7.954399477157293e-05,9.867494815207031e-05,0.00010819746845429588,0.00012715702431469726,0.00014600316862327178,0.0001553839244065459,0.0001740612226728231,0.00019262679942036136,0.00020186789993620235,0.00022026714374325377,0.0002385563284694224,0.00024765985441144915,0.000265785182306213,0.00028380209002858625,0.0002927700888628903,0.0003106255797696755,0.06340430066631114,0.09639341029261181,0.11281389296714707,0.14550744704591412,0.17800543715139872,0.19418146297421515,0.22638829858510418,0.25840247982738745,0.2743376871300634,0.3060650496244497,0.33760262744075453,0.3533006016627487,0.3845556266996264,0.4156236940747273,0.4310879677445246,0.4618776901365686,0.4924832384335878,0.5077172897176638,0.5380486355514871,0.5681985485579928
22,22,14383655.0,5349.5545001464125,0.00018693145381968367,6.0215174715785e-07,1.53045397104919e-06,2.45320332616895e-06,2.91250606360394e-06,3.82698834856241e-06,4.73600043228532e-06,5.18846539462123e-06,6.08933348696278e-06,6.98481281959156e-06,7.43054178777311e-06,8.31799835709043e-06,9.20014641022131e-06,9.63923965743114e-06,1.051348439227886e-05,1.138249961493649e-05,1.181505594412278e-05,1.267628550337421e-05,1.35323634229219e-05,1.395848014721346e-05,1.480688830719419e-05,0.009222223133344492,0.01415260141966356,0.016606719905443133,0.021492926083408293,0.0263499042084512,0.028767487394532283,0.03358095101217326,0.03836562178315752,0.040747213723916244,0.045489017739888934,0.0502024575177811,0.052548593941991587,0.05721980519720489,0.06186307449542269,0.06417428320057895,0.06877595268072793,0.073350096143148,0.07562689712636597,0.08016005999546404,0.08466610672642856
23,23,14401169.0,5222.17766111627,0.00019149099569053043,6.1875487487724e-07,1.55826325644805e-06,2.49215174705612e-06,2.95699905015086e-06,3.88252066739176e-06,4.80250606350222e-06,5.26043303726653e-06,6.1721761234831e-06,7.07846539451951e-06,7.52957505992312e-06,8.42774472856282e-06,9.32054178767139e-06,9.76493562899761e-06,1.064973396423272e-05,1.152923965732941e-05,1.196701767064209e-05,1.283864372964753e-05,1.370505594402106e-05,1.413631661269566e-05,1.499496649582613e-05,0.009063474121801127,0.013935044319825033,0.016359890890069197,0.0211878158555642,0.02598686143012078,0.028375608464775517,0.0331316585760342,0.03785925917811065,0.040212444199399094,0.04489768945187981,0.049554908790195216,0.05187306117704069,0.05648855568081331,0.061076441473418605,0.06336008282476599,0.06790686490290646,0.07242644943945974,0.07467609340804655,0.07915518614690692,0.08360748611416512
24,24,14962564.0,5222.17766111627,0.00019149099569053043,0.44928072278508263,1.343808638145546,2.232985723810338,2.675577718895094,3.556788508635293,4.432728132685084,4.868731120272954,5.73682304819596,6.599722271062184,7.0292343398292285,7.8844026992481915,8.734455671409089,9.157573446916254,10.000010646900533,10.419338081735209,10.419338519513223,10.419339391139282,10.419340257551497,10.419340688812165,10.419341547462048,0.009063474121801127,0.013935044319825033,0.016359890890069197,0.0211878158555642,0.02598686143012078,0.028375608464775517,0.0331316585760342,0.03785925917811065,0.040212444199399094,0.04489768945187981,0.049554908790195216,0.05187306117704069,0.05648855568081331,0.061076441473418605,0.06336008282476599,0.06790686490290646,0.07242644943945974,0.07467609340804655,0.07915518614690692,0.08360748611416512
25,25,14964398.0,5222.17766111627,0.00019149099569053043,6.1875487489256e-07,1.55826325649387e-06,2.49215174713227e-06,2.95699905024211e-06,3.88252066751305e-06,4.80250606365338e-06,5.26043303743256e-06,6.17217612367874e-06,7.07846539474457e-06,7.52957506016283e-06,8.4277447288317e-06,9.32054178796925e-06,9.7649356293099e-06,1.064973396457374e-05,1.152923965768473e-05,1.196701767099741e-05,1.283864373000285e-05,1.370505594437637e-05,1.413631661305098e-05,1.499496649618145e-05,0.009063474121801127,0.013935044319825033,0.016359890890069197,0.0211878158555642,0.02598686143012078,0.028375608464775517,0.0331316585760342,0.03785925917811065,0.040212444199399094,0.04489768945187981,0.049554908790195216,0.05187306117704069,0.05648855568081331,0.061076441473418605,0.06336008282476599,0.06790686490290646,0.07242644943945974,0.07467609340804655,0.07915518614690692,0.08360748611416512
26,26,15095785.0,4810.584508079604,0.00020787494707149467,9.8261042167368e-07,1.95948161161682e-06,2.93050940806416e-06,3.41384295585367e-06,4.37617114201358e-06,5.33274294292679e-06,5.80888095830807e-06,6.75688266182794e-06,7.6992136623119e-06,8.16826325613811e-06,9.10215174677651e-06,1.003045397069799e-05,1.049252066715729e-05,1.141250606329762e-05,1.232698834828578e-05,1.278217612332297e-05,1.36884653943888e-05,1.45893334867596e-05,1.503774472847593e-05,1.593054178761348e-05,0.0070814558186483465,0.011766701071129057,0.014098803498072139,0.018742072796289942,0.023357567300062564,0.025654950981595186,0.03022909444401524,0.034775876522155705,0.037039058296331286,0.04154510502729581,0.04602419776615617,0.0482536868433318,0.052692650597210705,0.05710506165008177,0.059301359526682904,0.063674239001497,0.06802096109596592,0.07018456204935537,0.07449234102765753,0.07877435205993812
27,27,15325862.0,4358.916536851675,0.00022941480791056218,7.3825299278126e-07,1.76623426722325e-06,2.78806644030396e-06,3.29668812026759e-06,4.30936552347816e-06,5.31598535061554e-06,5.81703501309013e-06,6.81463636117248e-06,7.80627031216365e-06,8.29986068286234e-06,9.28261042122696e-06,1.025948161117009e-05,1.074572373197074e-05,1.171384295540695e-05,1.267617114156686e-05,1.315517443896299e-05,1.410888095786135e-05,1.505688266138121e-05,1.552875487409007e-05,1.646826325569138e-05,0.00801642913072004,0.012468729097978231,0.014684881961774574,0.01909729301464564,0.023483310112834582,0.025666470366060876,0.030013192460529792,0.03433391352763955,0.0364845723922214,0.04076658342450198,0.04502298057029262,0.04714162185602105,0.05135988517252456,0.05555291591770288,0.05764001638269069,0.06179548107973145,0.06592608887980762,0.06798211790552956,0.07207571885756558,0.07614483298394396
28,28,15400559.0,4347.163922991143,0.0002300350338093375,9.6796710194242e-07,1.99594837638442e-06,3.01778054946512e-06,3.52640222942876e-06,4.53907963263933e-06,5.54569945977671e-06,6.0467491222513e-06,7.04435047033365e-06,8.03598442132481e-06,8.5295747920235e-06,9.51232453038812e-06,1.048919572033126e-05,1.09754378411319e-05,1.194355706456811e-05,1.290588525072802e-05,1.338488854812415e-05,1.433859506702251e-05,1.528659677054238e-05,1.575846898325124e-05,1.669797736485255e-05,0.007016429130666215,0.011468729097924407,0.013684881961720748,0.018097293014591818,0.022483310112780756,0.02466647036600705,0.02901319246047597,0.033333913527585725,0.035484572392167575,0.03976658342444815,0.0440229805702388,0.04614162185596722,0.05035988517247073,0.054552915917649054,0.05664001638263686,0.060795481079677624,0.0649260888797538,0.06698211790547574,0.07107571885751177,0.07514483298389014
29,29,15428355.0,3999.333932864116,0.00025004163612910707,9.5678631893728e-07,2.02886008865698e-06,3.09452097020315e-06,3.62495860115054e-06,4.68107205512864e-06,5.73086811173595e-06,6.25340892732855e-06,7.2937996823321e-06,8.32796710154629e-06,8.84272867864884e-06,9.86763080974846e-06,1.088640222903263e-05,1.13935003983831e-05,1.240314447518094e-05,1.340674912185517e-05,1.390629794992291e-05,1.490091114004225e-05,1.588957479162737e-05,1.638168667981369e-05,1.736149273508866e-05,0.006938566423839173,0.011207751226509962,0.01333275771169439,0.017563694184587562,0.021769322363386707,0.023862693059104646,0.028030642251399167,0.03217365986879371,0.03423586602120939,0.038341765513714696,0.04242310470530795,0.04445461012534573,0.0484993838385972,0.052519962771271717,0.05452122452771244,0.0585057823567116,0.0624665056614486,0.06443797397998605,0.06836321247681004,0.07226497120055016
30,30,15432885.0,3988.152018923144,0.00025074269868730173,6.7121618553409e-07,1.74651084301824e-06,2.81537336047048e-06,3.3474045916952e-06,4.40669098600642e-06,5.45964100304219e-06,5.983751733228e-06,7.02726818828069e-06,8.06454260205294e-06,8.58085072303834e-06,9.60883199748034e-06,1.063066417056104e-05,1.113928585052468e-05,1.215196325373525e-05,1.315858308087262e-05,1.365963274334722e-05,1.465723409142957e-05,1.564886804242073e-05,1.614245841311942e-05,1.712520815148404e-05,0.008066360565849381,0.012322757711640027,0.014441398997368451,0.018659662313871964,0.022852693059050282,0.02493979352403809,0.029095258221078852,0.03322586602115503,0.03528189504687697,0.03937549599891299,0.04344461012529137,0.04547003037021857,0.049502688540591,0.05351122452765808,0.05550649169891628,0.059479114362948185,0.06342797397993169,0.06539353692519594,0.06930701799280096,0.0731970895973518
31,31,15451889.0,3977.0013689880016,0.0002514457268729738,9.2229631669605e-07,1.9975909741802e-06,3.06645349163244e-06,3.59848472285716e-06,4.65777111716838e-06,5.71072113420415e-06,6.23483186438996e-06,7.27834831944265e-06,8.3156227332149e-06,8.8319308542003e-06,9.8599121286423e-06,1.0881744301723e-05,1.139036598168664e-05,1.240304338489721e-05,1.340966321203458e-05,1.391071287450918e-05,1.490831422259153e-05,1.589994817358269e-05,1.639353854428138e-05,1.7376288282646e-05,0.007066360565795557,0.011322757711586202,0.013441398997314627,0.017659662313818138,0.021852693058996456,0.023939793523984267,0.02809525822102503,0.0322258660211012,0.03428189504682314,0.038375495998859165,0.04244461012523754,0.04447003037016475,0.04850268854053717,0.052511224527604254,0.05450649169886245,0.05847911436289436,0.062427973979877864,0.0643935369251421,0.06830701799274713,0.07219708959729798
32,32,15484770.0,3965.881895646274,0.00025215072619731694,6.3400472837996e-07,1.71252994926119e-06,2.78460371898089e-06,3.31823336930234e-06,4.38070223147445e-06,5.43681568545255e-06,5.96250101187405e-06,7.00915255765246e-06,8.04954331265601e-06,8.5674026108848e-06,9.59847230897275e-06,1.062337444007237e-05,1.11335241793929e-05,1.214924402870701e-05,1.315888810550485e-05,1.366144308970448e-05,1.466204158024682e-05,1.565665477036616e-05,1.615172805125259e-05,1.71374303101376e-05,0.00819775122634795,0.012441398997260801,0.014553694184425548,0.018759322363224692,0.02293979352393044,0.025020642251237155,0.0291636598686317,0.033281895046769316,0.03533176551355268,0.03941310470514593,0.04347003037011092,0.045489383838435184,0.04950996277110971,0.053506491698808625,0.05549578235654959,0.059456505661286595,0.06339353692508828,0.06535321247664803,0.06925497120038815,0.07313339064753197
33,33,15590412.0,3965.881895646274,0.00025215072619731694,0.055605598302438386,0.16631743841674126,0.2763670297345657,0.3311447200312914,0.4402083566693986,0.5486196034308349,0.602581799847215,0.710021770974574,0.8168190648109099,0.8699779105357843,0.9758183872824898,1.0810257562658483,1.1333932070036816,1.2376580043222891,1.341299116684468,1.3928869571745546,1.4955995298235494,1.5976977045793486,1.648517539718279,1.7497009972519082,0.00819775122634795,0.012441398997260801,0.014553694184425548,0.018759322363224692,0.02293979352393044,0.025020642251237155,0.0291636598686317,0.033281895046769316,0.03533176551355268,0.03941310470514593,0.04347003037011092,0.045489383838435184,0.04950996277110971,0.053506491698808625,0.05549578235654959,0.059456505661286595,0.06339353692508828,0.06535321247664803,0.06925497120038815,0.07313339064753197
34,34,15592766.0,3965.881895646274,0.00025215072619731694,6.3400472838106e-07,1.71252994926446e-06,2.78460371898633e-06,3.31823336930886e-06,4.38070223148312e-06,5.43681568546335e-06,5.96250101188592e-06,7.00915255766645e-06,8.0495433126721e-06,8.56740261090194e-06,9.59847230899197e-06,1.062337444009366e-05,1.113352417941523e-05,1.214924402873139e-05,1.315888810553127e-05,1.366144308973192e-05,1.466204158027628e-05,1.565665477039763e-05,1.615172805128506e-05,1.713743031017206e-05,0.00819775122634795,0.012441398997260801,0.014553694184425548,0.018759322363224692,0.02293979352393044,0.025020642251237155,0.0291636598686317,0.033281895046769316,0.03533176551355268,0.03941310470514593,0.04347003037011092,0.045489383838435184,0.04950996277110971,0.053506491698808625,0.05549578235654959,0.059456505661286595,0.06339353692508828,0.06535321247664803,0.06925497120038815,0.07313339064753197
35,35,15629034.0,2348.4474463507245,0.0004258132331442672,1.262999986542158e-05,2.164905969517328e-05,2.304083731311098e-05,2.373360107035468e-05,2.511290954802757e-05,2.648396735647598e-05,2.716641768388102e-05,2.852519197083255e-05,2.987583839969944e-05,3.054812887557679e-05,3.188667461107503e-05,3.321721355669643e-05,3.387949544578817e-05,3.51981138248667e-05,3.650884459067273e-05,3.716126686031102e-05,3.846025455371551e-05,3.975147205900855e-05,4.039418149807566e-05,4.167383075687614e-05,0.06820346346772806,0.10699373266803279,0.12630176818781375,0.1647445076344497,0.20295729344092703,0.22197788260000523,0.2598483132410961,0.29749221315681956,0.3162296381177306,0.3535362795637139,0.39061976173013985,0.40907823640166724,0.4458294820092729,0.48236089162592044,0.5005445678150535,0.5367486858009776,0.5727362406326375,0.5906492104502692,0.6263143458175682,0.6617661429485733
36,36,15865736.0,3004.5930349578116,0.0003328237762536254,8.9404606813844e-07,2.13215811448932e-06,3.36286408237826e-06,3.97545366509823e-06,5.19513351256863e-06,6.40751756432683e-06,7.01098731268947e-06,8.21250941319329e-06,9.40684433743333e-06,1.000133001517543e-05,1.118496469072063e-05,1.236151913228045e-05,1.294715452308187e-05,1.411316805022352e-05,1.527220675531188e-05,1.584912360108727e-05,1.699777828946001e-05,1.813956202057593e-05,1.870789012409024e-05,1.983944441711844e-05,0.006641209321315058,0.010337870770580631,0.01217790113660477,0.015841443536756587,0.01948307163526357,0.02129570876613475,0.02490471092552815,0.028492124921629468,0.030277776742382956,0.03383305052321566,0.037367057522845686,0.03912612574861581,0.04262847107233473,0.0461098661389881,0.04784274666515038,0.051292951331369435,0.05472251778020657,0.05642960033926638,0.05982844070409617,0.06320695014513004
37,37,15924615.0,2994.095864948054,0.00033399064195205704,6.4226158788337e-07,1.88409333605892e-06,3.11849678809454e-06,3.73292680036941e-06,4.95627103329153e-06,6.17229749990325e-06,6.77758028231799e-06,7.98271217685544e-06,9.18063528200824e-06,9.77690705542448e-06,1.096409775327352e-05,1.214418699757946e-05,1.27315818502716e-05,1.390109847403853e-05,1.506361934330578e-05,1.564226947330303e-05,1.679437512117882e-05,1.79395891824536e-05,1.850962473856709e-05,1.964457862522771e-05,0.007382312384855424,0.011067901136545025,0.012902419854512842,0.016554988717299143,0.020185708766075006,0.021992916500651414,0.025591108359699487,0.02916777674232321,0.030948079964957253,0.03449270435712283,0.03801612574855606,0.039769925096251865,0.04326177951289866,0.046732746665090634,0.04846043645982427,0.05190030662406675,0.05531960033920664,0.05702156948015976,0.060410229145686195,0.06377861866903496
38,38,15950103.0,2442.818458991359,0.00040936320761752413,0.0011833117425311742,0.0023943032437704573,0.003598050905020466,0.004197221869720759,0.005390184950094429,0.006576012022336505,0.007166262915119166,0.008341465992106138,0.00950963928681413,0.010091102932850317,0.011248810367229354,0.012399592693841159,0.012972399895050252,0.014112872175304426,0.015246522439601453,0.01581080207374235,0.016934295783898396,0.01805106902066082,0.018606948050895123,0.019713715925714033,4.541439580633281,7.489926418333344,8.975605503662095,11.933626474550136,14.873953410024452,16.337514676622938,16.376188755741417,16.41463149518805,16.43376654670667,16.471864870153606,16.5097353007947,16.528585482814602,16.566116625671334,16.603423267117318,16.621992818771886,16.65896522395527,16.695716469562875,16.714009570654913,16.750431555368657,16.78663567335458
39,39,15951586.0,2444.773397884535,0.0004090358643730749,0.0011017209680181475,0.002312712469257431,0.003516460130507439,0.004115631095207732,0.005308594175581402,0.006494421247823478,0.007084672140606139,0.008259875217593112,0.009428048512301104,0.010009512158337291,0.011167219592716326,0.012318001919328133,0.012890809120537224,0.014031281400791398,0.015164931665088425,0.015729211299229325,0.01685270500938537,0.017969478246147794,0.018525357276382097,0.019632125151201007,4.740839580644013,7.689326418344076,9.175005503672827,12.133026474560868,15.073353410035184,16.536914676633668,16.575588755752147,16.614031495198784,16.633166546717405,16.67126487016434,16.709135300805432,16.727985482825332,16.765516625682064,16.802823267128048,16.82139281878262,16.858365223966,16.89511646957361,16.913409570665646,16.94983155537939,16.98603567336531
40,40,15961103.0,2641.5043095201872,0.0003785721629890673,0.0011178719748645176,0.0022825461706588598,0.003440253605037896,0.004016507807364647,0.005163843132858793,0.006304315413112967,0.006871990724599226,0.008002245311550893,0.009125739021706937,0.00968496318245742,0.010798391288703666,0.011905159163522576,0.012456057974619277,0.013552910115895326,0.014643201189185254,0.015185898600181621,0.016266421580343544,0.017340481118369513,0.017875099207288983,0.018939536077247802,4.7753514192541004,7.8410950345014205,9.367082958065332,12.40536005228821,15.4254629274261,16.928732995519155,19.9217782415025,22.896919815040526,24.37781028056354,27.326297118263607,30.293205085925877,31.769997174480398,34.71032410995471,36.193251420151896,36.21255945567168,36.25100219511831,36.28921498092479,36.308235570083866,36.34610600072496,36.38374990064069
41,41,15963312.0,2573.713683720833,0.0003885436077544935,0.0007398010512437837,0.0019220761527896843,0.003097279229776657,0.003682241974726494,0.004846916170520837,0.006004623604899872,0.006580877807226624,0.0077282131327207695,0.008868685412974944,0.009436360724461202,0.01056661531141287,0.011690109021568914,0.012249333182319397,0.013362761288565643,0.014469529163384552,0.015020427974481254,0.0161172801157573,0.01720757118904723,0.017750268600043598,0.018830791580205522,5.71879305252087,8.73889592765876,10.242165995751815,13.235211241735161,16.210352815273186,17.691243280796204,20.639730118496267,23.606638086158537,25.083430174713058,28.023757110187375,29.50668442038456,29.52599245590434,29.564435195350974,29.602647981157453,29.62166857031653,29.659539000957622,29.697182900873344,29.715920325834258,29.753226967280238,29.790310449446665
42,42,15964038.0,2652.3561657097634,0.0003770232719603111,0.0007210380186270601,0.0018857122144214022,0.003043419648800438,0.00361967385112719,0.004767009176621336,0.00590748145687551,0.0064751567683617684,0.007605411355313435,0.00872890506546948,0.009288129226219962,0.01040155733246621,0.011508325207285118,0.012059224018381819,0.013156076159657868,0.014246367232947796,0.014789064643944165,0.015869587624106087,0.016943647162132057,0.017478265251051523,0.018542702121010345,5.82577062189817,8.89151423714549,10.417502160709402,13.455779254932278,16.47588213007017,17.979152198163224,20.97219744414657,23.947339017684595,25.428229483207613,28.376716320907676,31.343624288569945,32.82041637712447,35.760743312598784,37.24367062279597,37.262978658315745,37.30142139776238,37.33963418356886,37.35865477272794,37.39652520336903,37.43416910328475
43,43,15965059.0,2810.171389792126,0.00035585018181897156,0.0009003995316999269,0.002030654118651594,0.0031541478288076383,0.0037133719895581204,0.004826800095804368,0.005933567970623277,0.006484466781719978,0.007581318922996027,0.008671609996285955,0.009214307407282322,0.010294830387444245,0.011368889925470214,0.011903508014389682,0.012967944884348504,0.014026014566413973,0.014552673650798742,0.015601263897385554,0.01664358176082838,0.01716240027460568,0.01819537983477663,5.438616179558113,8.597720768306804,10.170179682113508,13.300981306631595,16.413055308193574,17.96210458376158,21.046296946817392,24.112040562064713,25.638028485628624,28.6763055798515,31.696408454989392,33.19967852308245,36.19272376906579,39.16786534260382,40.648755808126836,43.597242645826896,46.56415061348917,48.04094270204369,50.981269637518004,52.46419694771519
44,44,15967811.0,2670.185722879517,0.00037450578490907526,0.0006508062825682874,0.0018119918925379225,0.0029662315653102623,0.003540759689595316,0.0046846583567894135,0.00582171448254484,0.006387689435355609,0.007514558486204256,0.008634686940403034,0.009192236016414976,0.010302329029138017,0.011405781732564891,0.011955030398452974,0.013048597100363112,0.014135622358127237,0.014676694203421065,0.015753980602592785,0.016824822965234597,0.017357839685623117,0.018419088192648574,6.0249756342972445,9.09992974067819,10.630502395539953,13.67790747399957,16.707083776330105,18.21487028846463,21.216907671947258,24.20098769741225,25.686327176079057,28.64367236370976,31.60138356463089,33.082612446964404,36.031773204162704,38.96329273759173,38.98265878119043,39.02121701604278,39.05954460767546,39.078622341963325,39.116606547987516,39.1543635437834
45,45,15977757.0,2649.440323724244,0.0003774382049844882,0.0008194944615315367,0.0019841686573258788,0.003141876091704915,0.0037181302940316667,0.004865465619525812,0.006005937899779986,0.006573613211266245,0.007703867798217912,0.008827361508373956,0.00938658566912444,0.010500013775370685,0.011606781650189595,0.012157680461286296,0.013254532602562345,0.014344823675852273,0.01488752108684864,0.015968044067010564,0.01704210360503653,0.017576721693956,0.018641158563914823,5.564758780184985,8.630502395432305,10.156490318996218,13.194767413219093,16.214870288356984,17.71814035645004,20.711185602433385,23.68632717597141,25.167217641494428,28.11570447919449,31.08261244685676,32.55940453541128,35.4997314708856,36.98265878108278,37.00196681660256,37.0404095560492,37.07862234185568,37.097642931014754,37.135513361655846,37.17315726157157
46,46,15979326.0,2647.586457118431,0.00037770249100321194,0.0008941644615275177,0.00205883865732186,0.003216546091700896,0.0037928002940276475,0.004940135619521793,0.006080607899775967,0.006648283211262226,0.007778537798213893,0.008902031508369938,0.009461255669120419,0.010574683775366666,0.011681451650185576,0.012232350461282277,0.013329202602558326,0.014419493675848254,0.014962191086844621,0.016042714067006546,0.017116773605032512,0.01765139169395198,0.018715828563910804,5.366980929376193,8.432724544623513,9.958712468187425,12.9969895624103,16.017092437548193,17.52036250564125,20.513407751624595,23.488549325162616,24.969439790685634,27.917926628385697,30.884834596047966,32.36162668460249,35.30195362007681,36.78488093027399,36.80418896579377,36.84263170524041,36.880844491046886,36.89986508020596,36.937735510847055,36.97537941076278
47,47,16013966.0,2792.803092929687,0.00035806319555131504,0.0009278679894541618,0.0020615182537511894,0.003188387304599836,0.003749291598048132,0.004866064834810557,0.005976157847533597,0.0065287117398637705,0.007628859216848555,0.008722425918758691,0.009266753765526449,0.010350523021816646,0.011427809420988365,0.011964033694710708,0.013031668504018698,0.014092917011044155,0.014621158335654466,0.015672898929307587,0.016718348307025385,0.017238725530068874,0.018274808506887407,5.353155313725647,8.502797308931616,10.070546128626741,13.191969904853782,16.294722210579685,17.839131427640112,20.914085534021055,23.97064611244673,25.492063267342434,28.52123956967297,31.532296149900553,33.031063465290124,36.015143490755115,38.98137343494494,40.457828157052624,43.415539357973756,46.37356032886179,47.845928997505574,50.7774485309346,50.81612261005308
48,48,16022370.0,2582.2205421380804,0.0003872635910378125,0.0010013678360766257,0.002180101651035613,0.003351784550796096,0.003934995100554251,0.005096180710523886,0.006250420383296226,0.00682494850758128,0.007968847174775378,0.009105903300530804,0.009671878253341573,0.010798747304190219,0.011918875758388998,0.01247642483440094,0.013586517847123981,0.014689970550550855,0.015239219216438938,0.016332785918349076,0.0174198111761132,0.01796088302140703,0.01903816942057875,5.053878425580324,8.08305472791086,9.590841240045386,12.592878623528014,15.576958648993001,17.062298127659812,20.019643315290516,22.977354516211644,24.458583398545162,27.40774415574346,30.339263689172487,30.358629732771185,30.397187967623534,30.43551555925622,30.45459329354408,30.49257749956827,30.530334495364148,30.54912821325997,30.586546937680065,30.623741831321436
49,49,16023153.0,2605.0432142769578,0.0003838707912864911,0.0007194517184409382,0.0018946547954279112,0.003062828090135903,0.0036442917361720903,0.0048019991705511265,0.005952781497162932,0.006525588698372024,0.007666060978626198,0.008799711242923225,0.009363990877064124,0.010487484587220168,0.011604257823982594,0.012160136854216897,0.013266904729035807,0.014367052206020591,0.014914655681408557,0.016004946754698483,0.017088716010988683,0.017628167145856775,0.018702226683882744,5.79469028244638,8.832967376669256,10.34528373967262,13.356340319900202,16.349385565883548,17.839187660754764,20.80541760494459,23.753904442644654,25.239583527973405,28.197604498861445,31.137931434335762,32.601492700934244,32.64016678005272,32.67860951949936,32.69774457101798,32.735842894464916,32.77371332510601,32.79256350712591,32.83009464998264,32.86740129142863
50,50,16031709.0,2599.838594429694,0.00038463926266136617,0.0009171017184303001,0.002092304795417273,0.003260478090125265,0.0038419417361614523,0.004999649170540488,0.006150431497152294,0.0067232386983613855,0.00786371097861556,0.008997361242912586,0.009561640877053485,0.01068513458720953,0.011801907823971955,0.012357786854206259,0.013464554729025168,0.014564702206009953,0.015112305681397918,0.016202596754687847,0.017286366010978042,0.017825817145846138,0.018899876683872104,5.280273272209252,8.318550366432127,9.830866729435492,12.841923309663073,15.83496855564642,17.324770650517635,20.291000594707462,23.239487432407525,24.725166517736277,27.683187488624316,30.623514424098634,32.08707569069712,32.1257497698156,32.164192509262236,32.18332756078085,32.22142588422779,32.25929631486888,32.27814649688878,32.315677639745516,32.352984281191496
51,51,16033038.0,2594.384934406992,0.00038544781336720705,0.0011288617184189024,0.002304064795405875,0.003472238090113867,0.004053701736150055,0.00521140917052909,0.006362191497140896,0.006934998698349988,0.008075470978604163,0.00920912124290119,0.009773400877042088,0.010896894587198131,0.012013667823960556,0.012569546854194862,0.01367631472901377,0.014776462205998554,0.01532406568138652,0.016414356754676448,0.017498126010966647,0.01803757714583474,0.01911163668386071,4.730274589307898,7.768551683530775,9.280868046534138,12.29192462676172,15.284969872745066,16.77477196761628,19.74100191180611,22.68948874950617,24.175167834834923,27.133188805722963,30.07351574119728,31.537077007795766,31.575751086914245,31.61419382636088,31.6333288778795,31.671427201326434,31.709297631967527,31.728147813987427,31.76567895684416,31.802985598290142
52,52,16034855.0,2432.0942046360874,0.00041116828373415304,0.0010198624131801384,0.002234492156364451,0.0034418563143313995,0.004042827388472559,0.005239374546239551,0.006428764297025358,0.007020788505788599,0.008199522320747585,0.009371205220508069,0.009954415770266224,0.01111560138023586,0.012269841053008199,0.012844369177293253,0.01398826784448735,0.015125323970242778,0.015691298923053546,0.016818167973902193,0.01793829642810097,0.018495845504112915,0.019605938516835956,4.933707026917839,7.891418227838967,9.372647110172485,12.321807867370783,15.25332740079981,15.272693444398508,15.311251679250859,15.349579270883543,15.368657005171402,15.406641211195595,15.444398206991472,15.463191924887294,15.500610649307388,15.537805542948758,15.556319473460615,15.593181132782371,15.629822294831786,15.648060603356395,15.684373490079377,15.72046916334013
53,53,16043501.0,2347.743053000185,0.00042594098988903335,0.0009845899898581075,0.0022288988383788707,0.003458191182255282,0.004070077141562951,0.0052883560746295535,0.006499347575868837,0.007102124162977685,0.008302266201819139,0.009495229282192808,0.010089032145671644,0.011271307247217545,0.012446510324204518,0.013031473069154354,0.014196147264948698,0.015353854699327733,0.015930108901654486,0.01707744422714863,0.018217916507402804,0.01878559181888906,0.01991584640584073,5.061558630610519,6.544485940807703,6.563793976327483,6.6022367157741195,6.640449501580597,6.659470090739675,6.697340521380766,6.734984421296489,6.753721846257401,6.791028487703384,6.82811196986981,6.846570444541337,6.883321690148943,6.91985309976559,6.938036775954723,6.974240893940648,7.010228448772307,7.028141418589939,7.063806553957238,7.099258351088243
54,54,16054378.0,2370.388779619076,0.0004218717235746876,0.0012141113474657677,0.0024434036913421786,0.003665342770913321,0.00427356858371645,0.005484560084955734,0.006688307746205742,0.0072874787109060354,0.008480441791279705,0.00966626886352178,0.010256519756304441,0.011431722833291415,0.012599896127999407,0.013181359774035594,0.01433906720841463,0.015489849535026435,0.01606265673623553,0.0172031290164897,0.018336779280786728,0.018901058914927625,0.02002455262508367,4.515275887532502,7.455602823006817,8.919164089605301,8.95783816872378,8.996280908170418,9.015415959689037,9.053514283135973,9.091384713777064,9.110234895796966,9.147766038653698,9.185072680099681,9.203642231754252,9.240614636937634,9.27736588254524,9.29565898363728,9.33208096835102,9.368285086336945,9.386305852145622,9.422185610986237,9.457850746353536
55,55,16055564.0,2368.7301709831386,0.00042216712238901877,0.0006704713168656065,0.0019034569547544205,0.0031290671416135995,0.0037391202618770724,0.004953750005061385,0.0061611141630283335,0.006762085237169493,0.007958632394936485,0.009148022145722292,0.009740046354485533,0.01091878016944452,0.012090463069205004,0.012673673618963158,0.013834859228932793,0.014989098901705133,0.015563627025990187,0.016707525693184285,0.017844581818939713,0.01841055677175048,0.019537425822599125,5.812809364657714,8.744328898086739,8.763694941685438,8.80225317653779,8.840580768170474,8.859658502458332,8.897642708482525,8.935399704278403,8.954193422174225,8.991612146594319,9.028807040235689,9.047320970747545,9.084182630069302,9.120823792118717,9.139062100643326,9.175374987366308,9.211470660627059,9.229437449650042,9.265209735638189,9.300768040170151
56,56,16057828.0,2339.3067941918525,0.0004274770639245993,0.0007297852303400208,0.0019854513167948296,0.0032184369546836436,0.0038321611822351533,0.005054100261806295,0.006268730004990609,0.0068733175758487084,0.008077065237098717,0.009273612394865708,0.00986919928217268,0.011055026354414755,0.012233760169373744,0.01282048032418439,0.013988653618892382,0.015149839228862016,0.015727824699307603,0.01687860702591941,0.01802250569311351,0.018591886507382676,0.019725536771679705,5.648682079242948,5.687356158361427,5.706606357693998,5.744933949326683,5.783032272773619,5.801995889638734,5.839752885434613,5.877284028291344,5.8959653277505275,5.933160221391898,5.970132626575281,5.98853581122551,6.025176973274926,6.061598957988667,6.079728168522515,6.115823841783269,6.1517036006238826,6.169562916794398,6.205121221326361,6.240466827297824
57,57,16058836.0,2310.479927187475,0.000432810511891047,0.0007803929015295852,0.0020436152302693057,0.0032992813167241146,0.003916698838288027,0.005145991182164439,0.00636793026173558,0.00697615607453871,0.008187147575777994,0.009390895237028001,0.009990066201728294,0.011183029282101964,0.012368856354344041,0.012959107247126702,0.014134310324113674,0.015302483618821666,0.015883947264857853,0.01704165469923689,0.018192437025848694,0.018765244227057786,0.01990571650731196,2.632776394453531,2.671219133900167,2.6903541854187867,2.7284525088657228,2.7663229395068134,2.785173121526716,2.822704264383448,2.8600109058294314,2.8785804574840017,2.9155528626673846,2.9523041082749906,2.970597209367029,3.007019194080771,3.043223312066695,3.0612440778753722,3.0971238367159866,3.1327889720832856,3.1505414574184645,3.185887063389927,3.2210212407699452
58,58,16065344.0,2310.479927187475,0.000432810511891047,1.03572895260021e-05,2.712263858136108e-05,4.378770201274776e-05,4.44867284825015e-05,4.587850610043919e-05,4.726195851507611e-05,4.795057833535579e-05,4.93216361438042e-05,5.068449263674355e-05,5.136286075816077e-05,5.271350718702765e-05,5.405607438523095e-05,5.472434339840324e-05,5.605488234402465e-05,5.73774623255448e-05,5.803578261219491e-05,5.934651337800095e-05,6.064940368987408e-05,6.129792334104373e-05,6.258914084633677e-05,0.0731027222895486,0.11154546173618453,0.13068051325480395,0.16877883670174007,0.20664926734283093,0.22549944936273345,0.2630305922194654,0.30033723366544873,0.3189067853200193,0.3558791905034021,0.3926304361110078,0.4109235372030467,0.4473455219167884,0.4835496399027124,0.5015704057113899,0.537450164552004,0.5731152999193031,0.5908677852544821,0.6262133912259449,0.6613475686059624
59,59,16067448.0,2417.546054895101,0.00041364258520543086,0.004141096412428313,0.009042949983357092,0.013915481924603146,0.016340807099154316,0.02116968526411484,0.025969678251596122,0.028358896851514524,0.03311588580620749,0.03784441984150805,0.04019806943879276,0.04019938805717184,0.040200698787937646,0.040201351210207285,0.04020265019790069,0.04020394141540598,0.04020458412484505,0.04020586377410385,0.040207135768847393,0.04020776891008041,0.040209029508769714,19.730674741481632,31.559267374597827,37.44700376875509,49.16962203227639,60.82211870976499,66.62220270973147,78.17030234684267,89.64932450439096,95.36306036003934,106.73923991016494,118.04737021548995,123.67604427738566,134.88286300949605,134.91994649166247,134.938404966334,134.9751562119416,135.01168762155825,135.02987129774738,135.0660754157333,135.10206297056496
60,60,16068170.0,2388.4714573672827,0.0004186778104111239,0.004194744889976278,0.009126096412160003,0.014027949983088782,0.016467870095703704,0.021325807098886006,0.026154685263846532,0.028558281472968332,0.03334389685124621,0.03810088580593918,0.040468699149176994,0.04518306943852445,0.04518438805690353,0.04518504440529621,0.045186351209938976,0.04518765019763238,0.04518829677476605,0.04518958412457674,0.04519086377383554,0.04519150072513697,0.0451927689098121,19.5800866121339,31.33792392515235,37.190441269812474,48.842937947301074,60.42573210597932,66.19112158437875,77.67014374192703,89.08050112326939,94.76005914770101,106.06818945302602,117.30867762106335,122.90368224703212,122.94076572919855,122.9776273885203,122.99597544947768,123.03250685909433,123.06881974581731,123.08689465326938,123.12288220810105,123.15865449408919
61,61,16070408.0,2309.32503371502,0.000433026960432372,0.003313031187667022,0.008349298741153683,0.01335544075222395,0.015839675027878627,0.02078584203610068,0.02570242253181362,0.028149673150286793,0.03302220509153285,0.0378655907987311,0.04027640843104455,0.04507640141852583,0.04984768204302306,0.05222260897313719,0.05695114300843775,0.05930545290381489,0.059306111224101545,0.05930742195486735,0.059308724845179225,0.059309373364830394,0.059310664582335686,21.493880853138833,33.04198049025004,38.79010054306304,50.23473850344671,61.610918053572306,67.27346404475207,78.54772242079302,89.75454115290341,89.77311070455798,89.81008310974137,89.84683435534897,89.865127456441,89.90154944115476,89.93775355914067,89.95577432494935,89.99165408378997,90.02731921915726,90.04507170449244,90.0804173104639,90.11555148784393
62,62,16081167.0,2285.205177667658,0.0004375974681716006,0.0027074500051406662,0.007774024599235993,0.012810292152722655,0.015317117632027036,0.020300668439447597,0.025246835447669654,0.027708812990926986,0.03261066656185577,0.03748319850310182,0.03990852367765299,0.04473740184261352,0.0495373948300948,0.051926613430013195,0.05668360238470616,0.06141213642000672,0.06376578601729144,0.06376710463567052,0.06376841536643632,0.06376906778870596,0.06377036677639937,22.793719739078053,34.272741896626336,39.98647775227472,51.36265730240032,62.67078760772534,68.29946166962104,79.50628040173143,79.54336388389785,79.56182235856937,79.59857360417699,79.63510501379363,79.65328868998276,79.68949280796869,79.72548036280035,79.74339333261798,79.77905846798528,79.81451026511628,79.83215655929192,79.86729073667193,79.90221474952176
63,63,16083019.0,2284.7482051791403,0.00043768499204120963,0.0027823600051366344,0.007848934599231961,0.012885202152718623,0.015392027632023004,0.020375578439443567,0.02532174544766562,0.027783722990922955,0.03268557656185173,0.037558108503097785,0.03998343367764896,0.04481231184260948,0.04961230483009076,0.05200152343000916,0.05675851238470213,0.06148704642000269,0.06384069601728741,0.06384201463566648,0.0638433253664323,0.06384397778870193,0.06384527677639533,22.622547217352427,34.101569374900706,39.81530523054909,51.19148478067469,62.49961508599971,68.12828914789542,79.3351078800058,79.37219136217222,79.39064983684375,79.42740108245135,79.463932492068,79.48211616825714,79.51832028624307,79.55430784107472,79.57222081089235,79.60788594625966,79.64333774339066,79.6609840375663,79.69611821494631,79.73104222779614
64,64,16085495.0,2284.7482051791403,0.00043768499204120963,0.0027898900051362293,0.007856464599231556,0.012892732152718217,0.015399557632022599,0.02038310843944316,0.025329275447665216,0.02779125299092255,0.03269310656185133,0.03756563850309738,0.03999096367764855,0.04481984184260908,0.04961983483009036,0.05200905343000876,0.056766042384701725,0.061494576420002285,0.063848226017287,0.06384954463566608,0.06385085536643188,0.06385150778870152,0.06385280677639493,22.60534251774253,34.084364675290814,39.798100530939195,51.17428008106479,62.48241038638981,68.11108444828551,79.3179031803959,79.35498666256233,79.37344513723386,79.41019638284146,79.4467277924581,79.46491146864724,79.50111558663316,79.53710314146483,79.55501611128246,79.59068124664975,79.62613304378075,79.6437793379564,79.67891351533642,79.71383752818625
65,65,16093253.0,2227.8947550082385,0.0004488542368314441,1.100883248088585e-05,2.807867478228422e-05,4.504641026184836e-05,5.349217834781992e-05,7.030789707113769e-05,8.7023028261512e-05,9.534306162150995e-05,9.673902070528735e-05,9.812662946644509e-05,9.88173181238383e-05,0.00010019249506939267,0.00010155944607997143,0.00010223985224550574,0.00010359455648757047,0.00010494115727166728,0.00010561143399399329,0.00010694597036309897,0.00010827252384187905,0.00010893282193430746,0.00011024749061363127,0.07076595922829162,0.10852295502416984,0.12731667291999077,0.1647353973400848,0.20193029098145554,0.22044422149331092,0.2573058808150675,0.2939470428644829,0.3121853513890915,0.3484982381120732,0.38459391137282606,0.40256070039580855,0.4383329863839551,0.4738912909159183,0.49159060271174426,0.5268303342453868,0.5618592719385337,0.5792950871172251,0.6140101945332914,0.648517645252959
66,66,16283701.0,2837.561309160178,0.00035241529293898006,0.0002858936027753804,0.0005742180942538351,0.000860817896883395,0.0010034742707171048,0.0012875063768225592,0.0015698394766748818,0.0017103720779220578,0.0019901757087106586,0.0022683056322475277,0.002406746081653084,0.0026823841803086694,0.0029563734876770827,0.0030927529288801666,0.003364287518057284,0.00363419786031471,0.0037685469795909624,0.004036039147299068,0.004301931243285254,0.004434280264720394,0.004697790188928795,1.244442221247568,2.060048451751353,2.466020207571868,3.274319282500214,4.077783314518445,4.477711248073552,5.273976925971983,6.06547952777675,6.4594535949962095,7.24386499532819,8.02358426766909,8.411693112761714,9.184426728855028,9.952538059358425,10.334869021716566,11.096098686409492,11.852774901350395,12.24747013849286,13.033317364927154,13.814463878015884
67,67,16294414.0,2903.287873895749,0.00034443708079769564,0.00016596681135822803,0.00045170814629340967,0.0007357402523988639,0.0008771185423970165,0.0011586059534983626,0.0014384095842869633,0.0015776831321829003,0.0018549799572293887,0.002130618055884974,0.0022678181908118355,0.0025409868044564713,0.0028125213936335885,0.0029476789929286096,0.003216780855167267,0.003484273022875373,0.0036174184804798224,0.003882514140296699,0.0041460240645051,0.004146602714635097,0.004147754820282973,1.5956269532600902,2.418606385429673,2.828248212734874,3.6438544432386584,4.454581922924957,4.85812527398752,5.661589306005751,6.4602472297951525,6.857782917459288,7.6492855192640565,8.436053581140195,8.827670986815496,9.607390259156395,10.382445444437147,10.768232720342334,11.53634405084573,12.299860725227127,12.679904677896797,13.436580892837702,14.22478909704568
68,68,16331478.0,2903.287873895749,0.00034443708079769564,0.0004513776739652542,0.0012285044866289037,0.0020009827329489395,0.0023854873406250546,0.003151044814638234,0.003912022934292456,0.004290803303570424,0.005044963697827036,0.005794612876534326,0.006167754212830388,0.00691068716682376,0.0076491760867520376,0.008016762366739273,0.008748635032382204,0.00947612983375788,0.009838243719423951,0.010559220770963199,0.011275885118988898,0.011502023475772581,0.011952270117993276,4.339604869097815,6.57785080980068,7.691948102233424,9.910141246896234,12.115065719480388,13.212577069226116,15.397747242221392,17.569846308195928,18.65101869770885,19.442521299513615,20.229289361389757,20.620906767065055,21.400626039405957,22.175681224686706,22.561468500591893,23.32957983109529,24.093096505476687,24.473140458146357,25.22981667308726,26.01802487729524
69,69,16345756.0,3058.245068977506,0.00032698491371534855,0.000566325320949261,0.001322751481811224,0.0020746528762682673,0.002448915263191131,0.003194080246715255,0.003934787855120421,0.004303478473408843,0.0050375499511355415,0.005767230420084784,0.006130432220414685,0.00685357532854454,0.007572392810715702,0.007930187505645702,0.00838178684608991,0.008830684842089187,0.009054125892365516,0.009499002120789957,0.009941217226553667,0.010161331839069367,0.010599585062600747,4.069642297560316,6.369141046142248,7.51372715035997,9.792624275948356,12.057889694561787,13.185435960068546,15.43040643411567,17.661948102770044,18.77270822835103,20.984257096488538,23.182577069762736,24.276800968433946,26.455425790803368,28.621018698245468,29.017363598193096,29.806495367269697,30.590906767601677,30.981351167553836,31.758734885035203,32.531468501128515
70,70,16358500.0,2995.5932123200564,0.00033382369671799,0.0007446064700597949,0.0015078708431459295,0.00226656955850267,0.002644215350086665,0.0033961167445437086,0.004143520467762634,0.0045155441149906965,0.005256251723395862,0.005992528621671519,0.006359013819410982,0.007088694288360224,0.007814009974356197,0.008175039196819982,0.008893856678991143,0.009477789730704827,0.009703250714365352,0.010152148710364628,0.010598361513873587,0.010820465989065399,0.011262681094829108,3.5137271501446765,5.792624275733062,6.926955879986636,9.185435959853253,11.430406433900377,12.547850810122005,14.772708228135736,16.984257096273243,18.08506571980171,20.27680096821865,22.455425790588073,23.539846308517255,25.017363597977802,25.806495367054403,26.19928936171108,26.98135116733854,27.75873488481991,28.145681225008033,28.916100226171576,29.681910793774758
71,71,16366985.0,2844.663731646987,0.00035153539902624124,0.000614256382681277,0.0013984085709754436,0.0021778701465226574,0.0025658507413802174,0.003338328987700253,0.004106186469878863,0.0044883910693895475,0.0052493691890437705,0.006005795349905733,0.00638230995257835,0.00713195913128564,0.007877124114809765,0.008248033421575074,0.008986522341503352,0.00972059381923005,0.010085981287133517,0.010813476088509194,0.01153661919663905,0.011896567025714512,0.012613231373740211,3.8484302151841026,6.066623359846913,7.170739208902596,9.369059182176795,11.55422935517207,12.641907903217426,14.807500810659526,15.599003412464295,15.992977479683754,16.777388880015735,17.557108152356633,17.94521699744926,18.717950613542573,19.486061944045968,19.86839290640411,20.629622571097038,21.38629878603794,21.780994023180405,22.566841249614697,23.34798776270343
72,72,16392871.0,2950.701782571399,0.0003389024285363554,0.0005649779184100771,0.0013351423120773259,0.002100699786090505,0.0024817595596659547,0.003240458275022695,0.0039946186692793074,0.004370005461063734,0.005117409184282659,0.005860342138276031,0.006230140439915888,0.006966417338191545,0.007698290003834474,0.00806258300488025,0.008787898690876223,0.009508875742415471,0.009867745395511168,0.010451678447224852,0.010901925089445548,0.011126037426884653,0.011572250230393613,4.031371742988336,6.289851822854952,7.41402073242084,9.652266673123705,11.877124091137436,12.98455711021926,15.189481582803413,17.381216831220353,18.472163105544418,20.644262171518953,22.1217794609795,22.516937162836644,23.303705224712782,24.085767030340243,24.475041902728982,25.25009708800973,26.020516089173274,26.403995694418317,27.167512368799713,27.92646192022306
73,73,16398671.0,2950.701782571399,0.0003389024285363554,0.0002077364234314069,0.0004909177503138607,0.0007724051614152067,0.0009125168222371242,0.0011914823400997444,0.0014687791651462328,0.0016068049303799208,0.0018816173987286793,0.002154786012373315,0.0022907569487062886,0.002561478200845453,0.002830580063084111,0.0029645267584369277,0.0032312176883966663,0.0034963133482135422,0.003628265935709288,0.0037604019225519402,0.003761554028199816,0.0037621274940860885,0.0037632692778172046,1.4822928828219788,2.312712194611848,2.7260572493410473,3.5490366815106302,4.367093295056968,4.774284739319615,5.585012219005914,6.39089016003406,6.792019602086707,7.590677525876108,8.384558113487872,8.779715815345012,9.566483877221152,10.348545682848611,10.737820555237352,11.512875740518103,12.283294741681644,12.666774346926687,13.430291021308083,14.189240572731428
74,74,16416740.0,3248.6457746375536,0.0003078205718232141,0.00019325073204610568,0.00046316107430353177,0.0007314568889326008,0.0008650023612878898,0.0011308944572740753,0.0013951960662049612,0.0015267534029176164,0.001527908969893389,0.0015290576245817616,0.0015296293727567643,0.001530767736416392,0.0015318992907094203,0.0015324625270880605,0.001533583943588892,0.0015346986520549792,0.001535253503335058,0.0015363582249396125,0.0015374563383947998,0.0015380029294212569,0.0015390912047018924,1.5706058210662404,2.44185529936751,2.8755237527097206,3.738967585933627,4.5972465099874045,5.024458794720947,5.875048239398697,6.720549683171382,7.141401925093685,7.979328369316645,8.812242578618616,9.226829451516188,10.05228142369249,10.872795765720172,11.281210551961308,12.09437375204447,12.902672826972816,13.305007416938402,14.106064792546155,14.902330470444586
75,75,16503119.0,3118.4630542802597,0.00032067078640788955,0.00017128929559154953,0.00044692739424713495,0.000720916701615548,0.000857296142818632,0.0011288307319957493,0.0013987410742531754,0.0015330901935294277,0.0018005823612375334,0.002066474457223719,0.002198823478658859,0.00246233340286726,0.0024634889698430325,0.002464064158645133,0.0024652093727064077,0.0024663477363660357,0.002466914362149182,0.002468042527037704,0.0024691639435385354,0.002469722133743631,0.0024708335032847016,1.619203942909927,2.4723488566924954,2.8970056723212196,3.742507116093905,4.582950989346371,5.001285802239168,5.834200011541139,6.662131939167911,7.074238856615013,7.894753198642694,8.710359429146479,9.116331184966993,9.92463025989534,10.728094291913571,11.128022225468678,11.924287903367109,12.715790505171876,13.109764572391336,13.894175972723316,14.673895245064216
76,76,16534891.0,3257.7542733367845,0.00030695992272484715,0.00026597051047562957,0.0005350723727142873,0.0008025645404223931,0.0009357099980268425,0.0012008056578437186,0.0014643155820521195,0.0014648942321821169,0.0014660463378299926,0.0014671915518912673,0.0014677615874473808,0.0014688965413340415,0.0014700247062225636,0.001470586255475035,0.0014717043129284905,0.0014728156824695613,0.0014733688717689117,0.0014744702843574303,0.0014755651085557602,0.001476110062362708,0.0014771950778464504,1.3361457776631411,2.210012809336432,2.644984137678884,3.511022059934971,4.371879552514062,4.800375348298778,5.653520262081346,6.501561884863396,6.923678521482756,7.764122394735223,8.599538978037693,9.01537141692999,9.843303344556762,10.666282776726344,11.075924604031545,11.89153083453533,12.702258314221629,13.105801665284192,13.909265697302422,14.707923621091822
77,77,16594126.0,3161.477825855317,0.000316307769683457,0.0002693497083220812,0.0005425183219667171,0.0008140529111438344,0.0009492105104388551,0.0012183123726775128,0.0014858045403856185,0.0016189499979900681,0.001884045657806944,0.002147555582015345,0.0021481342321453423,0.002149286337793218,0.002150431551854493,0.0021510015874106063,0.002152136541297267,0.0021532647061857893,0.0021538262554382606,0.002154944312891716,0.0021560556824327865,0.002156608871732137,0.0021577102843206557,1.3182782451129818,2.179135737692073,2.607631533476789,3.460776447259357,4.308818070041407,4.730934706660767,5.571378579913234,6.406795163215704,6.822627602108001,7.650559529734773,8.473538961904355,8.883180789209556,9.698787019713341,10.50951449939964,10.913057850462202,11.716521882480432,12.515179806269833,12.91271549393397,13.704218095738739,14.490986157614877
78,78,16698251.0,2980.653373956929,0.00033549691109250403,0.00025228005983332874,0.0005337674709346747,0.0008135711017232755,0.0009528446496192124,0.0012301414746657008,0.0015057795733212861,0.0016429797082481473,0.0019161483218927832,0.0021876829110699003,0.002322840510364921,0.002591942372603579,0.002859434540311685,0.0029925799979161343,0.0032576756577330102,0.0035211855819414113,0.0035217642320714082,0.003522916337719284,0.003524061551780559,0.0035246315873366726,0.003525766541223333,1.3546069039912068,2.190023487293677,2.6058559261859737,3.433787853812746,4.2567672859823285,4.666409113287529,5.482015343791313,6.292742823477613,6.696286174540175,7.499750206558406,8.298408130347807,8.695943818011942,9.487446419816711,10.27421448169285,10.665831887368151,11.44555115970905,12.220606344989802,12.60639362089499,13.374504951398384,14.138021625779782
79,79,16732807.0,2987.8151746937474,0.00033469272412491193,0.0001951106551193391,0.0004765980662206851,0.0007564016970092859,0.0008956752449052227,0.001172972069951711,0.0014486101686072964,0.0015858103035341577,0.0018589789171787937,0.002130513506355911,0.0022656711056509315,0.002534772967889589,0.002802265135597695,0.0029354105932021444,0.0032005062530190208,0.0034640161772274214,0.0034645948273574188,0.0034657469330052946,0.0034668921470665695,0.0034674621826226827,0.0034685971365093432,1.5252162639775981,2.3606328472800686,2.7764652861723653,3.604397213799137,4.42737664596872,4.837018473273921,5.652624703777705,6.4633521834640035,6.8668955345265665,7.670359566544797,8.469017490334199,8.866553177998334,9.658055779803103,10.444823841679241,10.836441247354543,11.616160519695441,12.391215704976194,12.777002980881381,13.545114311384776,14.308630985766174
80,80,16748413.0,3029.0278442078343,0.0003301389262275087,0.00015423861879624453,0.0004340422495848453,0.0007121721731217145,0.0008506126225272704,0.001126250721182856,0.001400240028551269,0.001536619469754353,0.0018081540589314703,0.0020780644011888965,0.0022124135204651487,0.0024799056881732546,0.00274579778415944,0.00287814680559458,0.003141656729802981,0.0031428122967787535,0.003143387485580854,0.0031445326996421288,0.0031456710633017567,0.003146237689084903,0.003147365853973425,1.6545621958459633,2.49500606909843,2.913340881991226,3.746255091293197,4.574187018919969,4.986293936367071,5.806808278394753,6.622414508898537,7.028386264719052,7.836685339647398,8.640149371665629,9.040077305220736,9.836342983119167,10.627845584923934,11.021819652143394,11.806231052475374,12.585950324816274,12.9740591699089,13.746792786002212,14.514904116505608
81,81,16753585.0,3041.775875890414,0.00032875531952441156,0.00019435027962354438,0.0004733157974861645,0.0007506126225326529,0.0008886383877663409,0.0011634508561150995,0.0014366194697597353,0.0015725904060927087,0.0018433116582318733,0.002112413520470531,0.0022463602158233477,0.002513051145783086,0.002778146805599962,0.002910099393095708,0.0030422353799383606,0.0030433874855862364,0.0030439609514725085,0.0030451027352036246,0.003046237689090285,0.003046802617600167,0.003047927403231279,1.535999941662036,2.3789688202037,2.798560451533863,3.6339770348363336,4.464396346626203,4.877741401355403,5.700720833524985,6.518777447071323,6.92596889133397,7.736696371020269,8.542574312048416,8.943703754101062,9.742361677890463,10.536242265502226,10.931399967359367,11.718168029235507,12.500229834862965,12.889504707251707,13.664559892532457,14.434978893695998
82,82,16754681.0,3087.1266593915516,0.00032392580879629087,0.00026758237352232184,0.0005440485881615659,0.0008188610565103245,0.0009556502289518764,0.0012280006064879336,0.0014987218586270982,0.0016334746015895037,0.0019017704162185727,0.0021684613461783113,0.002301207984560047,0.002565509593490933,0.0026976455803335857,0.0026982224971793607,0.0026993711518677336,0.0027005129355988497,0.002701081263702364,0.002702212817995392,0.0027033376036265035,0.002703897470874864,0.002705012179340951,1.318047195428417,2.168636640106167,2.592021447259492,3.434990325801156,4.272916770024115,4.689998540433789,5.520417852223659,6.34586982439996,6.756742339122441,7.574798952668779,8.38796215275194,8.792717876617726,9.598595817645872,10.399653193253625,10.79838318348792,11.592263771099683,12.381395540176284,12.774189534832962,13.556251340460422,14.333635057941787
83,83,16809640.0,3438.8440397866834,0.000290795391832318,0.00025597091263843895,0.00025712647961421156,0.00025827513430258433,0.00025884688247758674,0.0002599852461372145,0.00026111680043024274,0.000261680036808883,0.00026280145330971453,0.00026391616177580174,0.00026447101305588055,0.0002655757346604351,0.0002666738481156224,0.00026722043914207945,0.00026830871442271503,0.0002693904798987568,0.00026992893365365315,0.000271001007423375,0.00027206666830492334,0.0002725971059358718,0.00027365321938985205,1.3827346609473716,2.2805163055036086,2.727391265713583,3.617129528605969,4.501545604697819,4.94176778486551,5.8182602222018245,6.689509700503094,7.123178153845305,7.986621987069212,8.844900911122988,9.27211319585653,10.12270264053428,10.968204084306967,11.38905632622927,12.22698277045223,13.0598969797542,13.474483852651773,14.299935824828074,15.120450166855756
