,index,blocknum,p0vs1,p1vs0,WETH-slippagemap_01,WETH-slippagemap_2,WETH-slippagemap_3,WETH-slippagemap_4,WETH-slippagemap_5,WETH-slippagemap_6,WETH-slippagemap_7,WETH-slippagemap_8,WETH-slippagemap_9,WETH-slippagemap_10,WETH-slippagemap_11,ZRX-slippagemap_01,ZRX-slippagemap_2,ZRX-slippagemap_3,ZRX-slippagemap_4,ZRX-slippagemap_5,ZRX-slippagemap_6,ZRX-slippagemap_7,ZRX-slippagemap_8,ZRX-slippagemap_9,ZRX-slippagemap_10
0,0,12947672.0,3233.7441903669787,0.00030923905576047306,0.0,0.0,0.0,0.0,0.0,0.0,0.0,0.0,0.0,0.0,0.0,0.0,0.0,0.0,0.0,0.0,0.0,0.0,0.0,0.0,0.0
1,1,13179346.0,3233.7441903669787,0.00030923905576047306,4.2092979829274055,8.806874199475683,13.358705975409894,17.865248609255545,22.32695258335435,26.744264068164593,31.117624749238583,35.44747196153352,39.734238629460826,43.978353318701345,48.180240534118674,31234.22719127602,45927.21704776342,60474.016532936395,74876.08012495485,89134.84800014105,103251.74557521456,117228.18482838655,131065.56318413821,144765.26391344203,158328.6573764202
2,2,13180797.0,3384.27053238209,0.0002954846518419817,2.874081565250047,7.3806241990957,11.8423281731945,16.259639658004748,20.633000339078738,24.962847551373674,29.24961421930098,33.4937289085415,37.69561612395883,41.855695894353836,45.97438420614951,36090.43900527906,51080.23210270181,65920.88135165727,80613.87120814466,95160.67069331765,109562.73428533609,123821.50216052229,137938.3997355958,151914.8389887678,165752.21734451945
3,3,13183824.0,3478.2768503063735,0.00028749867909793264,1.1844092018034231,5.646113175902224,10.06342466071247,14.436785341786461,18.766632554081397,23.0533992220087,27.29751391124922,31.49940112666655,35.65948089706156,39.77816920885723,39.77816920885723,42209.69108993975,57350.12641937731,72339.91951680006,87180.56876575551,101873.55862224291,116420.35810741589,130822.42169943434,145081.18957462054,159198.08714969404,173174.52640286606
4,4,13184447.0,3471.6747283932427,0.0002880454184896576,1.616253810205939,6.07795778430474,10.495269269114987,14.868629950188977,19.198477162483915,23.485243830411218,27.729358519651736,31.93124573506907,36.09132550546408,40.21001381725975,40.21001381725975,40709.02100970522,55849.45633914278,70839.24943656553,85679.89868552098,100372.88854200838,114919.68802718136,129321.7516191998,143580.519494386,157697.4170694595,171673.85632263153
5,5,13185246.0,3392.741369312747,0.0002947468996738074,2.309446360628664,6.815988994474317,11.277692968573119,15.695004453383365,20.068365134457355,24.398212346752292,28.684979014679595,32.92909370392012,37.130980919337446,41.291060689732454,45.40974900152813,38003.78014305186,52993.57324047461,67834.22248943006,82527.21234591746,97074.01183109044,111476.07542310888,125734.84329829509,139851.7408733686,153828.1801265406,167665.55848229225
6,6,13185916.0,2948.348778815526,0.00033917289812697855,2.565624339389338,7.3989112448140615,12.184108518678153,16.921694592530848,21.612143348428773,26.255923642804206,30.853499859352482,35.40533163528669,39.91187426913235,44.373578243231144,48.79088972804139,35172.93397169306,49149.37322486506,62986.75158061672,76686.45230992053,90249.84577289868,103678.28787819567,103678.28787819567,103678.28787819567,103678.28787819567,103678.28787819567
7,7,13187037.0,3409.405763240696,0.0002933062443847938,1.1937621567603522,5.700304790606006,10.162008764704806,14.579320249515053,18.952680930589043,23.28252814288398,27.569294810811282,31.8134095000518,36.015296715469134,40.17537648586414,44.294064797659814,41798.41253878868,56788.20563621143,71628.85488516689,86321.84474165428,100868.64422682727,115270.70781884571,129529.4756940319,143646.37326910542,157622.8125222774,171460.1908780291
8,8,13188331.0,3460.237655183096,0.00028899749082323816,2.3424209239407316,6.804124898039532,11.22143638284978,15.59479706392377,19.924644276218707,24.21141094414601,28.45552563338653,32.65741284880386,36.817492619198866,40.93618093099454,40.93618093099454,38192.05601246818,53332.491341905734,68322.28443932849,83162.93368828394,97855.92354477134,112402.72302994432,126804.78662196276,141063.55449714896,155180.45207222248,169156.89132539448
9,9,13188966.0,3529.0767338308433,0.0002833602314207805,2.3974302449739593,6.814741729784206,11.188102410858196,15.517949623153134,19.80471629108044,24.048830980320957,28.250718195738287,32.410797966133295,36.52948627792897,36.52948627792897,36.52948627792897,38299.43492806391,53592.026548743175,68732.46187818074,83722.25497560349,98562.90422455894,113255.89408104632,127802.69356621931,142204.75715823777,156463.52503342397,170580.42260849747
10,10,13192650.0,3356.970022395905,0.00029788767648460845,0.18219600962952506,4.734027785563734,9.240570419409387,13.702274393508189,18.119585878318436,22.492946559392426,26.822793771687362,31.109560439614665,35.35367512885519,39.555562344272516,43.715642114667524,44810.947713707006,59651.59696266246,74344.58681914986,88891.38630432283,103293.44989634128,117552.21777152749,131669.115346601,145645.554599773,159482.93295552465,173182.63368482847
11,11,13194635.0,3314.9396489824408,0.0003016646171241644,3.0736180607949093,7.625449836729119,12.131992470574772,16.593696444673572,21.01100792948382,25.384368610557807,29.714215822852747,34.00098249078005,38.24509718002057,42.4469843954379,46.60706416583291,35165.43330012816,50006.082549083614,64699.072405571016,79245.87189074399,93647.93548276245,107906.70335794865,122023.60093302216,136000.04018619415,149837.4185419458,163537.11927124963
12,12,13196728.0,3177.648738489141,0.0003146980935581522,3.673593978097208,8.31737427247264,12.914950489020917,17.46678226495513,21.97332489880078,26.435028872899583,30.852340357709828,35.22570103878382,39.555548251078754,43.84231491900606,48.086429608246576,32757.937598885746,47304.737084058725,61706.800676077175,75965.56855126338,90082.46612633689,104058.90537950888,117896.28373526056,131595.98446456436,145159.37792754252,158587.8200328395
13,13,13197776.0,3305.340729099125,0.0003025406703751693,3.7221937078475626,8.274025483781772,12.780568117627425,17.242272091726225,21.659583576536473,26.032944257610463,30.3627914699054,34.649558137832706,38.893672827073225,43.095560042490554,47.25563981288556,33018.452008490734,47859.101257446186,62552.09111393359,77098.89059910657,91500.95419112501,105759.72206631121,119876.61964138474,133853.0588945567,147690.4372503084,161390.1379796122
14,14,13201140.0,3265.2625500488107,0.0003062540866690954,1.953726266688951,6.5513024832372295,11.103134259171439,15.609676893017092,20.07138086711589,24.48869235192614,28.86205303300013,33.191900245295066,37.47866691322237,41.72278160246289,45.92466881788022,38564.083396783266,53257.07325327067,67803.87273844365,82205.9363304621,96464.70420564829,110581.60178072182,124558.04103389381,138395.41938964545,152095.12011894927,165658.51358192743
15,15,13206525.0,3246.3797843336642,0.00030803543221461226,3.303615915240479,7.901192131788758,12.453023907722967,16.95956654156862,21.42127051566742,25.83858200047767,30.21194268155166,34.5417898938466,38.8285565617739,43.07267125101442,47.27455846643175,34168.85513959557,48861.84499608297,63408.64448125595,77810.70807327439,92069.4759484606,106186.37352353412,120162.81277670611,134000.19113245778,147699.89186176157,161263.28532473973
16,16,13209085.0,3258.413035670887,0.0003068978637921838,2.437209594578855,7.034785811127134,11.586617587061342,16.093160220906995,20.5548641950058,24.972175679816043,29.345536360890033,33.67538357318497,37.962150241112276,42.206264930352795,46.408152145770124,36986.92996445511,51679.91982094251,66226.71930611548,80628.78289813394,94887.55077332014,109004.44834839365,122980.88760156564,136818.26595731732,150517.9666866211,164081.36014959926
17,17,13209907.0,3277.365793525242,0.0003051230967185897,1.1011094841030917,5.69868570065137,10.25051747658558,14.757060110431233,19.218764084530033,23.63607556934028,28.00943625041427,32.339283462709204,36.626050130636514,40.87016481987703,45.07205203529436,41353.396587937605,56046.386444425,70593.18592959798,84995.24952161642,99254.01739680264,113370.91497187615,127347.35422504814,141184.7325807998,154884.4333101036,168447.82677308176
18,18,13212489.0,3196.7709841970113,0.00031281565208875526,2.2483793130808247,6.892159607456256,11.489735824004534,16.041567599938745,20.548110233784396,25.0098142078832,29.427125692693444,33.800486373767434,38.13033358606237,42.41710025398967,46.66121494323019,37300.61816573842,51847.4176509114,66249.48124292985,80508.24911811604,94625.14669318957,108601.58594636156,122438.96430211322,136138.665031417,149702.05849439517,163130.50059969217
19,19,13213483.0,3202.8503186442795,0.0003122218962837095,1.8214371986123594,6.46521749298779,11.062793709536068,15.61462548547028,20.121168119315932,24.582872093414732,29.00018357822498,33.37354425929897,37.7033914715939,41.99015813952121,46.23427282876173,38666.81816581196,53213.61765098493,67615.68124300339,81874.44911818959,95991.3466932631,109967.78594643509,123805.16430218675,137504.86503149057,151068.25849446873,164496.7005997657
20,20,13214640.0,3302.6976460419764,0.0003027827876398015,3.922710883753647,8.474542659687856,12.981085293533509,17.44278926763231,21.86010075244256,26.233461433516545,30.563308645811485,34.85007531373879,39.09419000297931,43.29607721839664,47.45615698879165,32355.901077939405,47196.55032689486,61889.540183382254,76436.33966855523,90838.40326057369,105097.17113575988,119214.0687108334,133190.5079640054,147027.88631975706,160727.58704906085
21,21,13215852.0,3299.066857467536,0.0003031160152867076,4.168635217759646,8.720466993693856,13.227009627539509,17.68871360163831,22.106025086448557,26.479385767522544,30.809232979817484,35.09599964774479,39.34011433698531,43.54200155240264,47.702081322797646,31544.10115385069,46384.750402806145,61077.74025929354,75624.53974446651,90026.60333648497,104285.37121167117,118402.26878674468,132378.70803991667,146216.08639566833,159915.78712497215
22,22,13220488.0,3256.458671933792,0.00030708204855127707,2.5815685842559026,7.179144800804181,11.73097657673839,16.237519210584043,20.699223184682843,25.11653466949309,29.489895350567082,33.81974256286202,38.10650923078932,42.35062392002984,46.55251113544717,36516.658017097674,51209.647873585076,65756.44735875806,80158.5109507765,94417.2788259627,108534.17640103622,122510.61565420822,136347.99400995986,150047.69473926368,163611.08820224184
23,23,13221947.0,3286.226194313744,0.0003043004166086711,0.46331180252059057,5.0608880190688685,9.612719795003079,14.119262428848732,18.58096640294753,22.99827788775778,27.37163856883177,31.701485781126706,35.98825244905401,40.23236713829453,44.43425435371186,43446.65801747067,58139.64787395807,72686.44735913105,87088.5109511495,101347.27882633569,115464.17640140922,129440.61565458121,143277.99401033288,156977.69473963667,170541.08820261483
24,24,13226851.0,3261.99908267504,0.00030656047860686046,2.194100719747835,6.791676936296113,11.343508712230323,15.850051346075976,20.311755320174775,24.729066804985024,29.102427486059014,33.43227469835395,37.71904136628125,41.96315605552177,46.16504327093911,37779.55602371945,52472.545880206846,67019.34536537982,81421.40895739828,95680.17683258448,109797.07440765799,123773.51366083,137610.89201658164,151310.59274588546,164873.98620886361
25,25,13227475.0,3264.6095954836173,0.0003063153405489702,2.0120798174878156,6.609656034036094,11.161487809970303,15.668030443815956,20.129734417914758,24.547045902725003,28.920406583798993,33.25025379609393,37.53702046402123,41.78113515326175,45.98302236867909,38373.55602375142,53066.54588023882,67613.34536541179,82015.40895743025,96274.17683261645,110391.07440768996,124367.51366086197,138204.89201661362,151904.5927459174,165467.98620889557
26,26,13229624.0,3303.358218598162,0.00030272224016454613,3.877547210876256,8.429378986810466,12.935921620656119,17.39762559475492,21.814937079565166,26.188297760639156,30.518144972934092,34.8049116408614,39.04902633010192,43.250913545519246,47.410993315914254,32505.081104001958,47345.73035295741,62038.72020944481,76585.51969461779,90987.58328663623,105246.35116182243,119363.24873689596,133339.68799006793,147177.06634581962,160876.7670751234
27,27,13231671.0,3385.2859150733047,0.00029539602417255384,2.8090612197822065,7.315603853627859,11.777307827726661,16.194619312536908,20.567979993610898,24.897827205905834,29.184593873833137,33.428708563073656,37.630595778490985,41.790675548886,45.909363860681665,36310.527513281035,51300.320610703784,66140.96985965924,80833.95971614664,95380.75920131961,109782.82279333807,124041.59066852427,138158.48824359776,152134.9274967698,165972.30585252144
28,28,13233727.0,3373.1214032527873,0.00029646131296539593,3.6368572060217144,8.143399839867367,12.605103813966169,17.022415298776416,21.395775979850406,25.725623192145342,30.012389860072645,34.25650454931316,38.45839176473049,42.61847153512551,46.73715984692117,33513.187590228335,48502.980687651085,63343.629936606536,78036.61979309394,92583.41927826691,106985.48287028537,121244.25074547157,135361.1483205451,149337.5875737171,163174.96592946874
29,29,13234424.0,3234.067564786016,0.0003092081349469783,4.193270026410631,8.79084624295891,13.34267801889312,17.849220652738772,22.310924626837572,26.72823611164782,31.10159679272181,35.43144400501675,39.71821067294405,43.96232536218457,48.1642125776019,31286.062538481412,45979.05239496881,60525.85188014179,74927.91547216024,89186.68334734644,103303.58092241995,117280.02017559196,131117.3985313436,144817.0992606474,158380.49272362556
30,30,13235952.0,3134.100536935716,0.00031907081097587366,2.2385851364512637,6.929033892349189,11.57281418672462,16.170390403272897,20.722222179207108,25.228764813052763,29.690468787151563,34.10778027196181,38.4811409530358,42.810988165330734,47.09775483325804,37030.997104903414,51433.060696921864,65691.82857210806,79808.72614718157,93785.16540035358,107622.54375610524,121322.24448540904,134885.6379483872,148314.08005368419,148314.08005368419
31,31,13236796.0,3110.6838759608995,0.00032147271785729016,4.018874053675844,8.70932280957377,13.3531031039492,17.95067932049748,22.50251109643169,27.00905373027734,31.470757704376144,35.88806918918639,40.26142987026038,44.591277082555315,48.87804375048262,31472.14810094301,45874.211692961464,60132.97956814766,74249.87714322118,88226.31639639317,102063.69475214483,115763.39548144864,129326.7889444268,142755.23104972378,142755.23104972378
32,32,13238317.0,3005.801674810551,0.00033268994703818165,2.7132016748806347,7.498398948744726,12.23598502259742,16.926433778495348,21.570214072870776,26.167790289419056,30.719622065353267,35.22616469919892,39.68786867329772,44.10518015810796,48.47854083918195,35005.88120072886,49122.77877580238,63099.21802897437,76936.59638472603,90636.29711402983,104199.69057700799,117628.13268230497,117628.13268230497,117628.13268230497,117628.13268230497
33,33,13239762.0,3054.2788611554947,0.00032740952789807803,3.644044486604253,8.381630560456948,13.072079316354873,17.715859610730305,22.31343582727858,26.865267603212793,31.371810237058444,35.833514211157244,40.25082569596749,44.62418637704148,48.95403358933642,32426.17058444465,46684.93845963085,60801.83603470437,74778.27528787637,88615.65364362803,102315.35437293183,115878.74783590998,129307.18994120696,129307.18994120696,129307.18994120696
34,34,13240719.0,3195.1730781086967,0.00031297209119949306,2.3861486380000567,7.029928932375488,11.627505148923767,16.179336924857974,20.68587955870363,25.14758353280243,29.564895017612677,33.93825569868667,38.268102910981604,42.55486957890891,46.798984268149425,36860.2917880779,51407.09127325088,65809.15486526933,80067.92274045553,94184.82031552904,108161.25956870105,121998.6379244527,135698.3386537565,149261.73211673467,162690.17422203164
35,35,13245956.0,3174.472836758603,0.0003150129333036228,3.890948637919063,8.534728932294495,13.132305148842773,17.684136924776983,22.190679558622634,26.652383532721437,31.069695017531682,35.443055698605676,39.77290291090061,44.059669578827915,48.30378426806843,32067.566775428455,46614.36626060143,61016.42985261988,75275.19772780608,89392.0953028796,103368.5345560516,117205.91291180326,130905.61364110706,144469.0071040852,157897.4492093822
36,36,13250298.0,3146.0321781652674,0.0003178607030596837,1.3388998819060416,6.029348637803967,10.673128932179399,15.270705148727677,19.822536924661886,24.32907955850754,28.79078353260634,33.20809501741659,37.58145569849058,41.911302910785516,46.19806957871282,39856.13714481657,54258.20073683502,68516.96861202121,82633.86618709473,96610.30544026673,110447.68379601839,124147.3845253222,137710.77798830034,151139.22009359734,151139.22009359734
37,37,13251174.0,3093.9322905808463,0.00032321327879229793,0.5613138078402061,5.2988998816929005,9.989348637590826,14.633128931966256,19.230705148514534,23.782536924448745,28.289079558294397,32.7507835323932,37.16809501720345,41.54145569827744,45.871302910572375,41903.06298773105,56161.830862917246,70278.72843799077,84255.16769116276,98092.54604691442,111792.24677621822,125355.64023919638,138784.08234449336,138784.08234449336,138784.08234449336
38,38,13254671.0,3098.2666123925446,0.00032276111939500893,0.22277760343299904,4.960363677285693,9.650812433183619,14.29459272755905,18.89216894410733,23.444000720041537,27.95054335388719,32.412247327985995,36.829558812796236,41.202919493870226,45.53276670616516,42951.261093461755,57210.02896864795,71326.92654372146,85303.36579689347,99140.74415264513,112840.44488194893,126403.83834492709,139832.28045022406,139832.28045022406,139832.28045022406
39,39,13255918.0,3119.0936500306098,0.0003206059555121682,3.3681387080279603,8.058587463925885,12.702367758301317,17.299943974849594,21.851775750783805,26.35831838462946,30.82002235872826,35.23733384353851,39.6106945246125,43.940541736907434,48.22730840483474,33499.19750170973,47901.26109372818,62160.02896891438,76276.9265439879,90253.36579715989,104090.74415291155,117790.44488221535,131353.8383451935,144782.2804504905,144782.2804504905
40,40,13259239.0,3179.8737600235477,0.0003144778929816996,3.5007466365063564,8.144526930881788,12.742103147430067,17.293934923364276,21.80047755720993,26.26218153130873,30.679493016118975,35.052853697192965,39.3827009094879,43.669467577415205,47.91358226665572,33307.39801730939,47854.19750248237,62256.26109450082,76515.02896968702,90631.92654476053,104608.36579793252,118445.7441536842,132145.444882988,145708.83834596616,159137.28045126313
41,41,13260173.0,3205.0929865780076,0.0003120034283522218,1.6402393059427713,6.284019600318203,10.881595816866481,15.43342759280069,19.939970226646345,24.401674200745145,28.81898568555539,33.19234636662938,37.522193578924316,41.80896024685162,46.05307493609214,39247.3980176291,53794.197502802075,68196.26109482053,82455.02897000672,96571.92654508025,110548.36579825224,124385.7441540039,138085.4448833077,151648.83834628586,165077.28045158283
42,42,13261221.0,3239.245955582417,0.00030871382220193274,3.8261247974986063,8.423701014046884,12.975532789981095,17.482075423826746,21.94377939792555,26.361090882735795,30.734451563809785,35.06429877610472,39.351065444032024,43.59518013327254,47.79706734868988,32474.408161567982,47167.398018055384,61714.19750322836,76116.26109524681,90375.028970433,104491.92654550653,118468.36579867853,132305.74415443017,146005.444883734,159568.83834671215
43,43,13263326.0,3303.688554420021,0.00030269197096744946,3.846279197597151,8.398110973531361,12.904653607377014,17.366357581475814,21.783669066286063,26.157029747360053,30.48687695965499,34.773643627582295,39.017758316822814,43.21964553224014,47.37972530263515,32608.37951941852,47449.02876837397,62142.01862486137,76688.81811003435,91090.8817020528,105349.64957723899,119466.54715231252,133442.9864054845,147280.36476123618,160980.06549053997
44,44,13273359.0,3307.6551618467456,0.0003023289765918873,3.56060875821369,8.112440534147899,12.618983167993552,17.080687142092355,21.4979986269026,25.87135930797659,30.201206520271526,34.48797318819883,38.73208787743935,42.933975092856684,47.09405486325169,33552.782002805645,48393.431251761096,63086.42110824849,77633.22059342147,92035.28418543993,106294.05206062613,120410.94963569964,134387.38888887165,148224.7672446233,161924.4679739271
45,45,13273865.0,3312.2888902438453,0.00030190603330085183,3.237329332937177,7.789161108871387,12.29570374271704,16.75740771681584,21.174719201626086,25.548079882700076,29.877927094995016,34.16469376292232,38.40880845216284,42.61069566758017,46.770775437975175,34622.9292104359,49463.57845939135,64156.56831587875,78703.36780105173,93105.43139307018,107364.19926825637,121481.0968433299,135457.5360965019,149294.91445225355,162994.61518155734
46,46,13275336.0,3320.2475322053606,0.00030118236375460363,2.698701926703322,7.250533702637531,11.757076336483184,16.218780310581984,20.636091795392232,25.009452476466222,29.33929968876116,33.62606635668846,37.87018104592898,42.07206826134631,46.232148031741325,36409.27923316982,51249.92848212528,65942.91833861268,80489.71782378566,94891.7814158041,109150.54929099031,123267.44686606382,137243.88611923583,151081.2644749875,164780.96520429128
47,47,13277683.0,3314.6081881636246,0.0003016947835858768,3.093593045107586,7.645424821041796,12.15196745488745,16.61367142898625,21.030982913796496,25.404343594870486,29.734190807165422,34.02095747509273,38.26507216433325,42.46695937975058,46.627039150145585,35099.2198233932,49939.86907234865,64632.85892883605,79179.65841400903,93581.72200602748,107840.48988121368,121957.3874562872,135933.8267094592,149771.20506521084,163470.90579451466
48,48,13279192.0,3220.8356932243632,0.00031047842710625975,0.49066432686382494,5.134444621239256,9.732020837787534,14.283852613721743,18.790395247567396,23.2520992216662,27.669410706476445,32.04277138755043,36.372618599845374,40.65938526777268,44.903499957013196,42941.2659160394,57488.065401212385,71890.12899323083,86148.89686841704,100265.79444349055,114242.23369666254,128079.6120524142,141779.312781718,155342.70624469616,168771.14834999313
49,49,13281026.0,3222.4464331867543,0.00031032323445360615,0.39215731716950525,5.035937611544936,9.633513828093214,14.185345604027424,18.691888237873076,23.15359221197188,27.570903696782125,31.944264377856115,36.27411159015105,40.560878258078354,44.80499294731887,43258.63895052538,57805.438435698365,72207.50202771681,86466.26990290302,100583.16747797653,114559.60673114852,128396.98508690018,142096.685816204,155660.07927918216,169088.52138447913
50,50,13282717.0,3275.4000621124524,0.0003053062163511883,1.2357817632198225,5.833357979768101,10.38518975570231,14.891732389547963,19.353436363646765,23.77074784845701,28.144108529531,32.47395574182594,36.76072240975324,41.00483709899376,45.20672431441109,40912.13709470252,55605.126951189915,70151.92643636289,84553.99002838135,98812.75790356754,112929.65547864106,126906.09473181305,140743.47308756472,154443.1738168685,168006.56727984667
51,51,13284617.0,3272.1264628000213,0.0003056116599919799,1.4648518737074931,6.0624280902557715,10.61425986618998,15.120802500035634,19.582506474134433,23.999817958944682,28.373178640018672,32.70302585231361,36.98979252024091,41.23390720948143,45.435794424898766,40162.16801878723,54855.15787527463,69401.9573604476,83804.02095246606,98062.78882765226,112179.68640272577,126156.12565589778,139993.50401164943,153693.20474095322,167256.59820393138
52,52,13285467.0,3182.736791429271,0.00031419500434119474,3.297555025153217,7.9413353195286485,12.538911536076926,17.090743312011135,21.59728594585679,26.05898991995559,30.476301404765838,34.849662085839824,39.17950929813476,43.46627596606207,47.71039065530259,33953.835896823344,48500.635381996326,62902.69897401478,77161.46684920097,91278.36442427449,105254.80367744649,119092.18203319814,132791.88276250195,146355.2762254801,159783.71833077708
53,53,13286122.0,3172.568819518113,0.0003152019883218457,4.034741787565615,8.678522081941047,13.276098298489325,17.827930074423534,22.33447270826919,26.79617668236799,31.213488167178234,35.586848848252224,39.91669606054716,44.20346272847446,48.44757741771498,31611.195427537335,46157.99491271032,60560.05850472877,74818.82637991497,88935.72395498848,102912.16320816048,116749.54156391213,130449.24229321594,144012.6357561941,157441.07786149107
54,54,13287803.0,3206.375216091039,0.00031187865817498475,1.5517176484257462,6.195497942801177,10.793074159349455,15.344905935283665,19.851448569129317,24.31315254322812,28.730464028038366,33.10382470911235,37.433671921407296,41.7204385893346,45.96455327857512,39531.19542796362,54077.994913136594,68480.05850515504,82738.82638034124,96855.72395541477,110832.16320858676,124669.54156433842,138369.24229364222,151932.63575662038,165361.07786191735
55,55,13289395.0,3287.21216076211,0.0003042091447386709,0.4019947889386113,4.99957100548689,9.5514027814211,14.057945415266753,18.519649389365554,22.9369608741758,27.31032155524979,31.640168767544726,35.92693543547203,40.17105012471255,44.37293734012988,43648.20557248864,58341.19542897604,72887.99491414902,87290.05850616746,101548.82638135366,115665.72395642719,129642.16320959918,143479.54156535084,157179.24229465463,170742.6357576328
56,56,13290786.0,3295.1105493103146,0.0003034799546283222,4.452481770021574,9.004313545955783,13.510856179801436,17.972560153900236,22.389871638710485,26.763232319784475,31.09307953207941,35.37984620000672,39.623960889247236,43.825848104664566,47.98592787505957,30608.193988830604,45448.84323778606,60141.833094273454,74688.63257944644,89090.69617146488,103349.46404665109,117466.3616217246,131442.8008748966,145280.17923064827,158979.87995995206
57,57,13292090.0,3256.1330586279296,0.00030711275675613216,2.602161744398462,7.199737960946741,11.751569736880949,16.258112370726604,20.719816344825404,25.137127829635652,29.51048851070964,33.84033572300458,38.12710239093188,42.3712170801724,46.57310429558973,36449.596396481385,51142.58625296879,65689.38573814176,80091.44933016022,94350.21720534642,108467.11478041993,122443.55403359192,136280.9323893436,149980.63311864738,163544.02658162554
58,58,13293115.0,3187.832991362619,0.0003136927193831934,2.9195570141310085,7.56333730850644,12.160913525054719,16.712745300988928,21.21928793483458,25.680991908933382,30.098303393743628,34.47166407481762,38.801511287112554,43.08827795503986,47.332392644280375,35157.89455851971,49704.69404369269,64106.75763571114,78365.52551089734,92482.42308597085,106458.86233914286,120296.24069489451,133995.9414241983,147559.33488717646,160987.77699247346
59,59,13293915.0,3217.2948987925374,0.0003108201241904507,0.7556817541798384,5.39946204855527,9.997038265103548,14.548870041037757,19.05541267488341,23.51711664898221,27.93442813379246,32.30778881486645,36.637636027161385,40.92440269508869,45.168517384329206,42088.088257707874,56634.887742880856,71036.9513348993,85295.7192100855,99412.61678515901,113389.05603833102,127226.43439408268,140926.13512338648,154489.52858636464,167917.9706916616
60,60,13299448.0,3235.3613858689205,0.00030908448260762996,4.092462883544975,8.690039100093253,13.241870876027463,17.748413509873117,22.210117483971917,26.627428968782162,31.000789649856152,35.33063686215109,39.61740353007839,43.86151821931891,48.06340543473625,31612.16043205106,46305.15028853846,60851.949773711436,75254.01336572989,89512.78124091608,103629.67881598961,117606.1180691616,131443.49642491326,145143.19715421705,158706.5906171952
61,61,13300000.0,3240.2178265497096,0.0003086212265750148,3.741004756679167,8.338580973227446,12.890412749161655,17.39695538300731,21.85865935710611,26.275970841916354,30.649331522990344,34.97917873528528,39.265945403212584,43.5100600924531,47.71194730787044,32750.18523211231,47443.17508859971,61989.97457377269,76392.03816579113,90650.80604097735,104767.70361605086,118744.14286922285,132581.5212249745,146281.22195427833,159844.6154172565
62,62,13300808.0,3348.9233565299883,0.0002986034296813999,0.71668359513565,5.26851537106986,9.775058004915513,14.236761979014313,18.65407346382456,23.02743414489855,27.357281357193486,31.644048025120792,35.88816271436131,40.090049929778644,44.25012970017365,43018.77542650281,57859.424675458264,72552.41453194566,87099.21401711865,101501.27760913709,115760.04548432329,129876.94305939681,143853.3823125688,157690.76066832046,171390.46139762425
63,63,13302789.0,3320.579556958581,0.00030115224852975066,2.679842132478178,7.231673908412388,11.73821654225804,16.19992051635684,20.61723200116709,24.99059268224108,29.320439894536015,33.60720656246332,37.85132125170384,42.053208467121166,46.21328823751618,36471.9032453926,51312.55249434805,66005.54235083544,80552.34183600843,94954.40542802688,109213.17330321307,123330.0708782866,137306.51013145858,151143.88848721026,164843.58921651405
64,64,13303434.0,3399.873255459555,0.000294128611528147,1.8160140951415948,6.322556728987248,10.78426070308605,15.201572187896295,19.574932868970286,23.904780081265223,28.191546749192526,32.435661438433044,36.637548653850374,40.79762842424539,44.916316736041054,39679.73108274742,54669.52418017017,69510.17342912563,84203.16328561302,98749.962770786,113152.02636280445,127410.79423799065,141527.69181306416,155504.13106623615,169341.50942198784
65,65,13307680.0,3393.419951514023,0.00029468795913510073,2.256564095117883,6.763106728963536,11.224810703062337,15.642122187872584,20.015482868946574,24.34533008124151,28.632096749168813,32.876211438409335,37.078098653826665,41.23817842422167,45.356866736017345,38183.221803538974,53173.01490096172,68013.66414991718,82706.65400640457,97253.45349157756,111655.517083596,125914.2849587822,140031.18253385572,154007.62178702772,167845.00014277938
66,66,13310003.0,3397.154580401688,0.0002943639967898539,2.0070741537438685,6.5136167875895215,10.975320761688323,15.39263224649857,19.765992927572558,24.095840139867498,28.3826068077948,32.62672149703532,36.82860871245265,40.98868848284766,45.10737679464333,39030.361088242644,54020.15418566539,68860.80343462084,83553.79329110825,98100.59277628122,112502.65636829966,126761.42424348588,140878.32181855937,154854.7610717314,168692.13942748305
67,67,13311781.0,3421.701127607923,0.00029225229285267533,0.37960499085327537,4.886147624698928,9.34785159879773,13.765163083607977,18.138523764681967,22.468370976976903,26.755137644904206,30.999252334144725,35.20113954956206,39.361219319957065,43.47990763175274,44579.28854705007,59569.08164447282,74409.73089342828,89102.72074991566,103649.52023508865,118051.5838271071,132310.3517022933,146427.24927736682,160403.6885305388,174241.06688629047
68,68,13312575.0,3428.2082141762603,0.00029169756838712984,4.448645751699631,8.910349725798433,13.32766121060868,17.701021891682668,22.030869103977608,26.31763577190491,30.56175046114543,34.76363767656276,38.92371744695777,43.04240575875344,43.04240575875344,30937.336631112918,46077.771960550475,61067.565057973225,75908.21430692868,90601.20416341607,105148.00364858906,119550.0672406075,133808.8351157937,147925.7326908672,161902.1719440392
69,69,13314962.0,3550.3137798293037,0.00028166524482466424,1.0494199713332069,5.466731456143454,9.840092137217443,14.169939349512381,18.456706017439686,22.700820706680204,26.902707922097534,31.062787692492545,35.181476004288214,35.181476004288214,35.181476004288214,43071.21263870403,58363.8042593833,73504.23958882086,88494.0326862436,103334.68193519906,118027.67179168646,132574.47127685943,146976.53486887788,161235.3027440641,175352.2003191376
70,70,13315499.0,3502.008542636055,0.0002855504170892951,4.125448739950577,8.542760224760823,12.916120905834813,17.24596811812975,21.532734786057055,25.776849475297574,29.978736690714904,34.13881646110991,38.257504772905584,38.257504772905584,38.257504772905584,32224.469799398314,47517.06142007758,62657.496749515136,77647.28984693789,92487.93909589334,107180.92895238074,121727.72843755371,136129.79202957216,150388.55990475835,164505.45747983188
71,71,13318759.0,3457.4707103293913,0.0002892287697513801,2.5386655754756386,7.000369549574439,11.417681034384687,15.791041715458675,20.120888927753615,24.407655595680918,28.651770284921437,32.85365750033877,37.01373727073378,41.13242558252944,41.13242558252944,37513.244488058015,52653.67981749557,67643.47291491833,82484.12216387378,97177.11202036116,111723.91150553415,126125.9750975526,140384.7429727388,154501.6405478123,168478.0798009843
72,72,13321865.0,3434.384236918812,0.0002911730112345143,4.048780959792627,8.510484933891428,12.927796418701675,17.301157099775665,21.6310043120706,25.917770979997904,30.161885669238423,34.36377288465576,38.52385265505077,42.64254096684643,42.64254096684643,32309.44421955296,47449.87954899052,62439.672646413266,77280.32189536872,91973.31175185612,106520.1112370291,120922.17482904755,135180.94270423375,149297.84027930725,163274.27953247927
73,73,13324327.0,3478.2768503063735,0.00028749867909793264,1.1844801748542535,5.646184148953054,10.063495633763301,14.436856314837291,18.76670352713223,23.053470195059532,27.29758488430005,31.499472099717384,35.65955187011239,39.77824018190806,39.77824018190806,42209.44422008581,57349.87954952337,72339.67264694611,87180.32189590156,101873.31175238897,116420.11123756194,130822.1748295804,145080.9427047666,159197.8402798401,173174.2795330121
74,74,13327881.0,3427.522675365961,0.00029175591081778294,4.485823325308939,8.94752729940774,13.364838784217987,17.738199465291977,22.068046677586914,26.354813345514216,30.598928034754735,34.800815250172064,38.96089502056708,43.079583332362745,43.079583332362745,30809.887533839348,45950.32286327691,60940.11596069966,75780.7652096551,90473.7550661425,105020.55455131548,119422.61814333394,133681.38601852013,147798.28359359366,161774.72284676565
75,75,13329728.0,3427.8654276334973,0.00029172673814396855,4.469366478396394,8.931070452495193,13.34838193730544,17.72174261837943,22.051589830674367,26.338356498601673,30.58247118784219,34.784358403259525,38.94443817365453,43.0631264854502,43.0631264854502,30866.30096052574,46006.7362899633,60996.52938738604,75837.1786363415,90530.1684928289,105076.96797800188,119479.03157002032,133737.79944520653,147854.69702028003,161831.13627345205
76,76,13330698.0,3341.2300681409147,0.00029929097356543526,1.2507280497754623,5.802559825709672,10.309102459555325,14.770806433654126,19.18811791846437,23.56147859953836,27.8913258118333,32.1780924797606,36.42220716900112,40.624094384418456,44.78417415481346,41232.26002220213,56072.90927115758,70765.89912764498,85312.69861281796,99714.76220483641,113973.53008002261,128090.42765509612,142066.86690826813,155904.2452640198,169603.94599332358
77,77,13332485.0,3373.796061264651,0.0002964020295954566,3.59112412620277,8.097666760048423,12.559370734147224,16.97668221895747,21.35004290003146,25.679890112326397,29.9666567802537,34.21077146949422,38.412658684911555,42.57273845530656,46.69142676710223,33667.46692517902,48657.26002260177,63497.90927155722,78190.89912804462,92737.6986132176,107139.76220523605,121398.53008042225,135515.42765549576,149491.86690866775,163329.2452644194
78,78,13339593.0,3370.761162461232,0.0002966688981517246,3.79682285912249,8.303365492968144,12.765069467066944,17.182380951877192,21.55574163295118,25.88558884524612,30.17235551317342,34.41647020241394,38.61835741783127,42.77843718822628,46.89712550002195,32973.79072995721,47963.58382737996,62804.23307633541,77497.22293282281,92044.02241799579,106446.08601001423,120704.85388520044,134821.75146027395,148798.19071344595,162635.5690691976
79,79,13341192.0,3372.784124840303,0.0002964909590966925,3.6500194813994473,8.1565621152451,12.618266089343901,17.035577574154146,21.408938255228136,25.738785467523076,30.02555213545038,34.269666824690894,38.47155404010823,42.63163381050324,46.75032212229891,33468.79072998385,48458.5838274066,63299.233076362056,77992.22293284946,92539.02241802243,106941.08601004088,121199.85388522707,135316.75146030058,149293.1907134726,163130.56906922426
80,80,13341796.0,3393.419951514023,0.00029468795913510073,2.2499310520403895,6.756473685886043,11.218177659984844,15.63548914479509,20.00884982586908,24.338697038164018,28.62546370609132,32.86957839533184,37.07146561074917,41.23154538114418,45.35023369293985,38205.73218347324,53195.52528089599,68036.17452985144,82729.16438633885,97275.96387151182,111678.02746353026,125936.79533871647,140053.69291378997,154030.132166962,167867.51052271365
81,81,13342719.0,3397.154580401688,0.0002943639967898539,1.999931516961462,6.506474150807115,10.968178124905917,15.385489609716162,19.758850290790154,24.08869750308509,28.375464171012393,32.619578860252915,36.821466075670244,40.98154584606525,45.100234157860925,39054.62748351893,54044.42058094168,68885.06982989714,83578.05968638453,98124.85917155752,112526.92276357596,126785.69063876216,140902.58821383567,154879.02746700766,168716.40582275932
82,82,13343350.0,3434.384236918812,0.0002911730112345143,4.040327125498123,8.502031099596923,12.91934258440717,17.29270326548116,21.622550477776098,25.9093171457034,30.15343183494392,34.35531905036125,38.51539882075626,42.63408713255193,42.63408713255193,32338.479128797502,47478.914458235064,62468.70755565781,77309.35680461326,92002.34666110066,106549.14614627363,120951.20973829209,135209.9776134783,149326.8751885518,163303.3144417238
83,83,13344496.0,3454.7059780358013,0.00028946023376743554,2.7031500031379614,7.1648539772367625,11.582165462047008,15.955526143120998,20.285373355415935,24.57214002334324,28.81625471258376,33.01814192800109,37.1782216983961,41.296910010191766,41.296910010191766,36944.74672545653,52085.18205489408,67074.97515231684,81915.62440127229,96608.61425775968,111155.41374293267,125557.47733495111,139816.2452101373,153933.14278521083,167909.58203838282
84,84,13345599.0,3367.0555489211915,0.00029699539715654565,4.026884985526334,8.533427619371988,12.995131593470788,17.412443078281036,21.785803759355026,26.115650971649963,30.402417639577266,34.646532328817784,38.848419544235114,43.00849931463013,47.127187626425794,32198.693900516224,47188.48699793898,62029.13624689443,76722.12610338183,91268.9255885548,105670.98918057325,119929.75705575946,134046.65463083296,148023.09388400498,161860.47223975664
85,85,13348673.0,3347.2493970730384,0.0002987527612595697,0.8377099380203268,5.389541713954537,9.896084347800189,14.35778832189899,18.775099806709235,23.148460487783225,27.478307700078165,31.765074368005468,36.00918905724598,40.21107627266332,44.37115604305833,42613.5464862007,57454.19573515615,72147.18559164355,86693.98507681653,101096.04866883498,115354.81654402117,129471.7141190947,143448.15337226668,157285.53172801834,170985.23245732216
86,86,13349525.0,3383.9321391681733,0.0002955142003071659,2.9033270537155715,7.409869687561224,11.871573661660026,16.28888514647027,20.66224582754426,24.9920930398392,29.278859707766504,33.52297439700702,37.724861612424355,41.88494138281936,46.00362969461503,35991.46590991928,50981.25900734203,65821.90825629748,80514.89811278488,95061.69759795786,109463.76118997631,123722.52906516251,137839.42664023602,151815.86589340802,165653.24424915967
87,87,13350166.0,3427.8654276334973,0.00029172673814396855,4.469087411680383,8.930791385779184,13.34810287058943,17.72146355166342,22.05131076395836,26.33807743188566,30.58219212112618,34.78407933654351,38.94415910693852,43.062847418734194,43.062847418734194,30867.257625649032,46007.69295508659,60997.48605250934,75838.13530146479,90531.12515795219,105077.92464312517,119479.98823514362,133738.75611032982,147855.65368540335,161832.09293857534
88,88,13352877.0,3430.2656534045673,0.00029152261108625555,4.324738142562623,8.786442116661425,13.203753601471671,17.57711428254566,21.906961494840598,26.1937281627679,30.43784285200842,34.63973006742575,38.79980983782076,42.91849814961643,42.91849814961643,31362.257625675673,46502.692955113234,61492.48605253598,76333.13530149143,91026.12515797884,105572.92464315181,119974.98823517025,134233.75611035645,148350.65368542998,162327.09293860197
89,89,13355405.0,3524.4921439316036,0.0002837288208236693,2.688797933149908,7.1061094179601545,11.479470099034144,15.809317311329082,20.096083979256385,24.340198668496903,28.542085883914236,32.70216565430925,36.82085396610491,36.82085396610491,36.82085396610491,37271.81753844825,52564.40915912752,67704.84448856508,82694.63758598783,97535.28683494328,112228.27669143067,126775.07617660366,141177.13976862212,155435.9076438083,169552.8052188818
90,90,13356755.0,3529.4296415042263,0.00028333189823095744,2.370542009890912,6.787853494701158,11.161214175775148,15.491061388070086,19.77782805599739,24.021942745237908,28.22382996065524,32.383909731050245,36.50259804284592,36.50259804284592,36.50259804284592,38394.333988508675,53686.925609187936,68827.3609386255,83817.15403604825,98657.8032850037,113350.7931414911,127897.59262666407,142299.65621868253,156558.42409386873,170675.32166894223
91,91,13357781.0,3524.8445931459964,0.00028370045077859144,2.6675420098749263,7.084853494685173,11.458214175759162,15.7880613880541,20.074828055981403,24.31894274522192,28.520829960639254,32.68090973103426,36.799598042829935,36.799598042829935,36.799598042829935,37346.739182953206,52639.330803632474,67779.76613307004,82769.55923049278,97610.20847944824,112303.19833593562,126849.99782110861,141252.06141312706,155510.82928831325,169627.72686338678
92,92,13362427.0,3480.364338227655,0.00028732624024910026,1.0348663557967628,5.4965703298955635,9.91388181470581,14.2872424957798,18.617089708074737,22.903856376002043,27.14797106524256,31.34985828065989,35.5099380510549,39.62862636285057,39.62862636285057,42730.02816153194,57870.4634909695,72860.25658839225,87700.9058373477,102393.8956938351,116940.69517900808,131342.75877102654,145601.52664621273,159718.42422128623,173694.86347445825
93,93,13363408.0,3440.2273632203346,0.0002906784623281172,3.664780753883993,8.126484727982794,12.54379621279304,16.91715689386703,21.247004106161967,25.533770774089273,29.777885463329792,33.979772678747125,38.13985244914213,42.2585407609378,42.2585407609378,33629.39826587439,48769.833595311946,63759.626692734695,78600.27594169015,93293.26579817756,107840.06528335053,122242.12887536897,136500.89675055517,150617.7943256287,164594.2335788007
94,94,13366929.0,3447.4590697381213,0.00029006870850999334,3.173523471049742,7.635227445148543,12.05253892995879,16.42589961103278,20.755746823327716,25.042513491255022,29.28662818049554,33.48851539591287,37.64859516630788,41.76728347810355,41.76728347810355,35321.308265965454,50461.743595403015,65451.536692825764,80292.18594178122,94985.17579826861,109531.9752834416,123934.03887546004,138192.80675064624,152309.70432571977,166286.14357889176
95,95,13367699.0,3438.8516162289898,0.00029079475115491895,3.7543517816542207,8.216055755753022,12.633367240563269,17.006727921637257,21.336575133932197,25.6233418018595,29.867456491100018,34.06934370651735,38.22942347691236,42.348111788708025,42.348111788708025,33321.308265857806,48461.74359529537,63451.53669271812,78292.18594167357,92985.17579816097,107531.97528333394,121934.0388753524,136192.80675053858,150309.7043256121,164286.1435787841
96,96,13369914.0,3440.5713859566563,0.0002906493973883784,3.6385673947533257,8.100271368852127,12.517582853662374,16.890943534736362,21.2207907470313,25.507557414958605,29.751672104199123,33.95355931961645,38.11363909001146,42.23232740180713,42.23232740180713,33719.58526587924,48860.020595316804,63849.81369273955,78690.462941695,93383.4527981824,107930.25228335538,122332.31587537384,136591.08375056004,150707.98132563356,164684.42057880556
97,97,13375003.0,3560.6241170460366,0.00028084963959341475,0.4135230886994239,4.83083457350967,9.20419525458366,13.534042466878597,17.820809134805902,22.06492382404642,26.26681103946375,30.42689080985876,34.54557912165443,34.54557912165443,34.54557912165443,45332.252754682806,60624.844375362074,75765.27970479963,90755.07280222238,105595.72205117783,120288.71190766523,134835.5113928382,149237.57498485665,163496.34286004285,177613.24043511637
98,98,13376458.0,3473.758254050926,0.0002878726517119748,1.4736380607491382,5.935342034847939,10.352653519658185,14.726014200732175,19.055861413027113,23.342628080954416,27.586742770194935,31.788629985612268,35.948709756007275,40.06739806780295,40.06739806780295,41204.29546028219,56344.73078971975,71334.5238871425,86175.17313609796,100868.16299258535,115414.96247775834,129817.02606977678,144075.793944963,158192.6915200365,172169.13077320848
99,99,13378213.0,3382.917162528517,0.0002956028634329796,2.9694878379841803,7.476030471829834,11.937734445928635,16.355045930738882,20.728406611812872,25.05825382410781,29.34502049203511,33.58913518127563,37.79102239669296,41.951102167087974,46.06979047888364,35767.6102783661,50757.40337578885,65598.0526247443,80291.04248123169,94837.84196640468,109239.90555842312,123498.67343360932,137615.57100868283,151592.01026185483,165429.3886176065
100,100,13384184.0,3305.340729099125,0.0003025406703751693,3.7248614011657137,8.276693177099924,12.783235810945577,17.244939785044377,21.662251269854625,26.035611950928615,30.36545916322355,34.65222583115086,38.89634052039138,43.098227735808706,47.258307506203714,33009.63360729996,47850.28285625541,62543.272712742815,77090.0721979158,91492.13578993424,105750.90366512044,119867.80124019396,133844.24049336594,147681.61884911763,161381.31957842142
101,101,13387538.0,3266.242226774966,0.0003061622288152779,1.894669977628941,6.492246194177219,11.044077970111429,15.550620603957082,20.012324578055882,24.42963606286613,28.80299674394012,33.13284395623506,37.41961062416236,41.66372531340288,45.86561252882021,38756.954040389384,53449.943896876786,67996.74338204977,82398.80697406821,96657.57484925441,110774.47242432793,124750.91167749993,138588.29003325157,152287.9907625554,165851.38422553355
102,102,13393840.0,3238.2743761181123,0.00030880644561031667,3.8903272129177826,8.48790342946606,13.039735205400271,17.546277839245924,22.007981813344724,26.425293298154973,30.79865397922896,35.128501191523895,39.415267859451205,43.659382548691724,47.86126976410905,32266.467938746016,46959.457795233415,61506.25728040639,75908.32087242484,90167.08874761104,104283.98632268456,118260.42557585656,132097.8039316082,145797.504660912,159360.89812389016
103,103,13394620.0,3264.283167166901,0.00030634597208302505,2.0247734776167725,6.622349694165051,11.17418147009926,15.680724103944913,20.142428078043714,24.559739562853963,28.93310024392795,33.26294745622289,37.54971412415019,41.79382881339071,45.99571602880804,38332.116908994925,53025.10676548232,67571.9062506553,81973.96984267376,96232.73771785996,110349.63529293347,124326.07454610546,138163.45290185712,151863.15363116094,165426.5470941391
104,104,13395505.0,3293.1341747694582,0.0003036620881291625,4.584806465997548,9.136638241931758,13.64318087577741,18.10488484987621,22.52219633468646,26.895557015760446,31.225404228055385,35.51217089598269,39.75628558522321,43.95817280064054,48.11825257103555,30172.282090965484,45012.931339920935,59705.92119640834,74252.72068158131,88654.78427359977,102913.55214878597,117030.44972385948,131006.88897703147,144844.26733278314,158543.96806208693
105,105,13396943.0,3375.8208450383,0.0002962242506055308,3.4409328301923363,7.947475464037989,12.40917943813679,16.826490922947038,21.199851604021028,25.529698816315964,29.816465484243267,34.060580173483785,38.262467388901115,42.42254715929613,46.541235471091795,34174.35080398593,49164.14390140868,64004.79315036413,78697.78300685153,93244.5824920245,107646.64608404296,121905.41395922916,136022.3115343027,149998.75078747468,163836.12914322634
106,106,13397833.0,3412.4754561001205,0.00029304240070427643,0.9804161341789378,5.486958768024591,9.94866274212339,14.365974226933638,18.739334908007628,23.069182120302564,27.35594878822987,31.60006347747039,35.80195069288772,39.96203046328273,44.080718775078395,42526.163358839476,57515.956456262225,72356.60570521768,87049.59556170508,101596.39504687805,115998.45863889651,130257.22651408271,144374.12408915622,158350.5633423282,172187.94169807987
107,107,13399153.0,3456.0880677231935,0.00028934447861416374,2.61192588149664,7.073629855595441,11.490941340405687,15.864302021479677,20.194149233774613,24.48091590170192,28.72503059094244,32.92691780635977,37.086997576754776,41.20568588855045,41.20568588855045,37259.98802993339,52400.42335937094,67390.21645679369,82230.86570574915,96923.85556223654,111470.65504740953,125872.71863942797,140131.48651461417,154248.3840896877,168224.8233428597
108,108,13400959.0,3520.9695894832153,0.0002840126773565157,2.9144296120464275,7.331741096856674,11.705101777930663,16.0349489902256,20.321715658152904,24.565830347393423,28.767717562810756,32.92779733320577,37.04648564500143,37.04648564500143,37.04648564500143,36476.96346947123,51769.55509015049,66909.99041958805,81899.7835170108,96740.43276596625,111433.42262245365,125980.22210762663,140382.2856996451,154641.05357483128,168757.9511499048
109,109,13401695.0,3520.9695894832153,0.0002840126773565157,2.896069821525369,7.313381306335615,11.686741987409604,16.016589199704544,20.303355867631847,24.547470556872366,28.749357772289695,32.90943754268471,37.02812585448037,37.02812585448037,37.02812585448037,36541.61124102853,51834.202861707796,66974.63819114535,81964.4312885681,96805.08053752355,111498.07039401095,126044.86987918393,140446.93347120238,154705.70134638858,168822.5989214621
110,110,13405961.0,3468.551782818662,0.0002883047630868484,1.8158265007337295,6.27753047483253,10.694841959642778,15.068202640716766,19.398049853011706,23.68481652093901,27.928931210179528,32.13081842559686,36.290898195991865,40.40958650778754,40.40958650778754,40016.47384471336,55156.90917415092,70146.70227157367,84987.35152052912,99680.34137701652,114227.1408621895,128629.20445420795,142887.97232939414,157004.86990446766,170981.30915763965
111,111,13412038.0,3600.0052122632324,0.0002777773755975551,2.3862549180194965,6.759615599093486,11.089462811388424,15.376229479315727,19.620344168556247,23.822231383973577,27.982311154368585,32.100999466164254,32.100999466164254,32.100999466164254,32.100999466164254,38638.68490102182,54084.96166561441,69377.55328629368,84517.98861573123,99507.78171315398,114348.43096210943,129041.42081859683,143588.2203037698,157990.28389578825,172249.05177097447
112,112,13416234.0,3564.1863438712844,0.0002805689443593563,0.18564377044288946,4.6029552552531365,8.976315936327126,13.306163148622064,17.59292981654937,21.837044505789887,26.038931721207216,30.199011491602224,34.31769980339789,34.31769980339789,34.31769980339789,46144.09242683148,61436.68404751074,76577.11937694829,91566.91247437104,106407.5617233265,121100.5515798139,135647.35106498687,150049.4146570053,164308.18253219154,178425.08010726504
113,113,13417004.0,3642.006308113937,0.00027457393409015366,4.217133347234362,8.546980559529299,12.833747227456604,17.07786191669712,21.279749132114453,25.43982890250946,29.55851721430513,29.55851721430513,29.55851721430513,29.55851721430513,29.55851721430513,32243.743829617684,47845.250759220515,63291.52752381311,78584.11914449238,93724.55447392992,108714.34757135267,123554.99682030814,138247.98667679552,152794.7861619685,167196.84975398696
114,114,13417648.0,3709.6361291454978,0.0002695682177945433,0.17724384834557697,4.507091060640515,8.793857728567819,13.037972417808337,17.23985963322567,21.399939403620678,25.518627715416347,25.518627715416347,25.518627715416347,25.518627715416347,25.518627715416347,47093.74386913619,62695.25079873902,78141.52756333162,93434.11918401088,108574.55451344844,123564.34761087119,138404.99685982664,153097.98671631404,167644.786201487,182046.84979350548
115,115,13420162.0,3746.916718730932,0.00026688610264566983,2.3473402863705357,6.63410695429784,10.878221643538359,15.08010885895569,19.240188629350698,23.358876941146367,23.358876941146367,23.358876941146367,23.358876941146367,23.358876941146367,23.358876941146367,39387.97002311245,55146.26667793382,70747.77360753664,86194.05037212923,101486.64199280851,116627.07732224606,131616.87041966882,146457.51966862427,161150.50952511167,175697.30901028463
116,116,13421639.0,3818.0214885446294,0.0002619157600344425,2.5719060745929734,6.816020763833492,11.017907979250824,15.177987749645832,19.296676061441502,19.296676061441502,19.296676061441502,19.296676061441502,19.296676061441502,19.296676061441502,19.296676061441502,38836.618197177806,54753.280402488694,70511.57705731006,86113.08398691288,101559.36075150548,116851.95237218474,131992.3877016223,146982.18079904505,161822.8300480005,176515.8199044879
117,117,13422551.0,3766.827097737686,0.0002654754184498112,1.1889979255853245,5.475764593512628,9.719879282753148,13.921766498170479,18.08184626856549,22.200534580361158,22.200534580361158,22.200534580361158,22.200534580361158,22.200534580361158,22.200534580361158,43739.96088249969,59498.25753732105,75099.76446692388,90546.04123151647,105838.63285219573,120979.0681816333,135968.86127905606,150809.5105280115,165502.50038449888,180049.29986967187
118,118,13423059.0,3805.0629054759597,0.00026280774453449254,3.3015907592766975,7.545705448517216,11.747592663934547,15.907672434329557,20.026360746125228,20.026360746125228,20.026360746125228,20.026360746125228,20.026360746125228,20.026360746125228,20.026360746125228,36055.18211462111,51971.844319931995,67730.14097475336,83331.64790435618,98777.92466894878,114070.51628962804,129210.9516190656,144200.74471648835,159041.3939654438,173734.3838219312
119,119,13424338.0,3890.086596019924,0.00025706368619740573,2.8356026809272827,7.037489896344614,11.197569666739623,15.316257978535292,15.316257978535292,15.316257978535292,15.316257978535292,15.316257978535292,15.316257978535292,15.316257978535292,15.316257978535292,38100.78103732795,54177.40029414633,70094.06249945721,85852.35915427859,101453.86608388141,116900.142848474,132192.73446915328,147333.16979859082,162322.96289601357,177163.61214496903
120,120,13425151.0,3867.59052022866,0.00025855891278295874,4.060412860861359,8.262300076278692,12.4223798466737,16.54106815846937,16.54106815846937,16.54106815846937,16.54106815846937,16.54106815846937,16.54106815846937,16.54106815846937,16.54106815846937,33349.777430704424,49426.39668752281,65343.05889283369,81101.35554765505,96702.86247725789,112149.13924185047,127441.73086252974,142582.1661919673,157571.95928939004,172412.6085383455
121,121,13425894.0,3795.1830852361672,0.0002634918994791451,3.8719319272030557,8.116046616443574,12.317933831860906,16.478013602255913,20.596701914051586,20.596701914051586,20.596701914051586,20.596701914051586,20.596701914051586,20.596701914051586,20.596701914051586,33887.70314650203,49804.36535181292,65562.66200663429,81164.16893623711,96610.4457008297,111903.03732150896,127043.47265094653,142033.26574836927,156873.91499732473,171566.90485381213
122,122,13508320.0,3864.1114285382278,0.00025879170890739413,0.037852744532253374,21.96031813246202,21.96031813246202,21.96031813246202,21.96031813246202,21.96031813246202,21.96031813246202,21.96031813246202,21.96031813246202,21.96031813246202,21.96031813246202,168449.43366980023,168449.43366980023,168449.43366980023,168449.43366980023,168449.43366980023,168449.43366980023,168449.43366980023,168449.43366980023,168449.43366980023,168449.43366980023
123,123,13516217.0,3864.1114285382278,0.00025879170890739413,0.020642826285281402,21.94310821421505,21.94310821421505,21.94310821421505,21.94310821421505,21.94310821421505,21.94310821421505,21.94310821421505,21.94310821421505,21.94310821421505,21.94310821421505,468525.9389003612,468525.9389003612,468525.9389003612,468525.9389003612,468525.9389003612,468525.9389003612,468525.9389003612,468525.9389003612,468525.9389003612,468525.9389003612
124,124,13519209.0,3804.3020070315333,0.0002628603087114769,37.972179188695705,59.894644576625474,59.894644576625474,59.894644576625474,59.894644576625474,59.894644576625474,59.894644576625474,59.894644576625474,59.894644576625474,59.894644576625474,59.894644576625474,323006.9152960611,323006.9152960611,323006.9152960611,323006.9152960611,323006.9152960611,323006.9152960611,323006.9152960611,323006.9152960611,323006.9152960611,323006.9152960611
